instrument_idx,threshold,f_measure
1.0,0.01,0.5503711558854719
5.0,0.02,0.24719101123595508
4.0,0.04,0.03125
7.0,0.06999999999999999,0.09090909090909093
