instrument_idx,threshold,f_measure
1.0,0.01,0.21447721179624663
4.0,0.08,0.13953488372093023
5.0,0.16,0.45677694770544286
