instrument_idx,threshold,f_measure
7.0,0.01,0.18181818181818182
1.0,0.28,0.4444444444444444
1.0,0.29000000000000004,0.4444444444444444
