instrument_idx,threshold,f_measure
4.0,0.02,0.14285714285714288
1.0,0.04,0.32955974842767294
5.0,0.17,0.3719376391982183
