,threshold,f_measure,precision,recall,instrument_idx,num_of_occ
0,0.02,0.1897018970189702,0.12962962962962962,0.35353535353535354,0,99
1,0.29,0.305019305019305,0.3872549019607843,0.2515923566878981,1,314
2,0.13,0.0,0.0,0.0,2,4
3,0.29,0.4276018099547511,0.7297297297297297,0.3024,3,625
4,0.26,0.0,0.0,0.0,4,3
5,0.29,0.3524355300859599,0.40460526315789475,0.31218274111675126,5,394
6,0.02,0.0,0.0,0.0,6,0
7,0.04,0.045454545454545456,0.07692307692307693,0.03225806451612903,7,31
