,threshold,f_measure,precision,recall,instrument_idx,num_of_occ
0,0.02,0.6419753086419752,0.48148148148148145,0.9629629629629629,0,27
1,0.29,0.888888888888889,0.9230769230769231,0.8571428571428571,1,29
2,0.13,0.0,0.0,0.0,2,1
3,0.29,0.0,0.0,0.0,3,0
4,0.26,0.4,1.0,0.25,4,4
5,0.29,0.8,0.717948717948718,0.9032258064516129,5,32
6,0.02,0.0,0.0,0.0,6,0
7,0.04,0.0,0.0,0.0,7,2
