,threshold,f_measure,precision,recall,instrument_idx,num_of_occ
0,0.02,0.7058823529411764,0.5454545454545454,1.0,0,18
1,0.29,0.9032258064516129,0.875,0.9333333333333333,1,15
2,0.13,0.0,0.0,0.0,2,3
3,0.29,0.0,0.0,0.0,3,0
4,0.26,0.0,0.0,0.0,4,5
5,0.29,0.711864406779661,0.7,0.7241379310344828,5,29
6,0.02,0.0,0.0,0.0,6,0
7,0.04,0.0,0.0,0.0,7,0
