,threshold,f_measure,precision,recall,instrument_idx,num_of_occ
0,0.02,0.6956521739130436,0.5333333333333333,1.0,0,9
1,0.29,0.967741935483871,1.0,0.9375,1,16
2,0.13,0.0,0.0,0.0,2,2
3,0.29,0.13793103448275862,1.0,0.07407407407407407,3,27
4,0.26,0.0,0.0,0.0,4,0
5,0.29,0.0,0.0,0.0,5,0
6,0.02,0.0,0.0,0.0,6,0
7,0.04,0.0,0.0,0.0,7,0
