,threshold,f_measure,precision,recall,instrument_idx,num_of_occ
0,0.02,0.810810810810811,0.6976744186046512,0.967741935483871,0,32
1,0.29,0.2727272727272727,1.0,0.15789473684210525,1,19
2,0.13,0.0,0.0,0.0,2,1
3,0.29,0.0,0.0,0.0,3,0
4,0.26,0.06666666666666667,1.0,0.034482758620689655,4,30
5,0.29,0.2380952380952381,0.13513513513513514,1.0,5,5
6,0.02,0.0,0.0,0.0,6,0
7,0.04,0.0,0.0,0.0,7,0
