,threshold,f_measure,precision,recall,instrument_idx,num_of_occ
0,0.02,0.5130434782608696,0.3881578947368421,0.7564102564102564,0,79
1,0.29,0.6666666666666667,0.6470588235294118,0.6875,1,32
2,0.13,0.0,0.0,0.0,2,0
3,0.29,0.0,0.0,0.0,3,0
4,0.26,0.1904761904761905,0.6666666666666666,0.1111111111111111,4,18
5,0.29,0.5962264150943396,0.5642857142857143,0.632,5,125
6,0.02,0.0,0.0,0.0,6,0
7,0.04,0.0,0.0,0.0,7,0
