,threshold,f_measure,precision,recall,instrument_idx,num_of_occ
0,0.02,0.21374045801526717,0.21875,0.208955223880597,0,134
1,0.29,0.39361702127659576,0.36097560975609755,0.4327485380116959,1,171
2,0.13,0.0,0.0,0.0,2,0
3,0.29,0.0,0.0,0.0,3,0
4,0.26,0.0,0.0,0.0,4,0
5,0.29,0.24644549763033174,0.2047244094488189,0.30952380952380953,5,84
6,0.02,0.36363636363636365,0.7142857142857143,0.24390243902439024,6,41
7,0.04,0.0,0.0,0.0,7,42
