,threshold,f_measure,precision,recall,instrument_idx,num_of_occ
0,0.02,0.18612818261633013,0.14929577464788732,0.24708624708624707,0,429
1,0.29,0.2318840579710145,0.24242424242424243,0.2222222222222222,1,324
2,0.13,0.0,0.0,0.0,2,13
3,0.29,0.1793103448275862,0.35135135135135137,0.12037037037037036,3,108
4,0.26,0.07317073170731708,0.21428571428571427,0.04411764705882353,4,68
5,0.29,0.2602739726027397,0.21348314606741572,0.3333333333333333,5,342
6,0.02,0.0,0.0,0.0,6,9
7,0.04,0.0,0.0,0.0,7,2
