,threshold,f_measure,precision,recall,instrument_idx,num_of_occ
0,0.02,0.5692307692307692,0.45121951219512196,0.7708333333333334,0,48
1,0.29,0.6000000000000001,0.6428571428571429,0.5625,1,32
2,0.13,0.0,0.0,0.0,2,0
3,0.29,0.0,0.0,0.0,3,0
4,0.26,0.0,0.0,0.0,4,0
5,0.29,0.5878378378378379,0.5178571428571429,0.6796875,5,128
6,0.02,0.0,0.0,0.0,6,0
7,0.04,0.0,0.0,0.0,7,0
