,threshold,f_measure,precision,recall,instrument_idx,num_of_occ
0,0.02,0.5970149253731344,0.43478260869565216,0.9523809523809523,0,21
1,0.29,0.8260869565217391,0.9047619047619048,0.76,1,25
2,0.13,0.0,0.0,0.0,2,0
3,0.29,0.6530612244897959,0.9411764705882353,0.5,3,32
4,0.26,0.0,0.0,0.0,4,0
5,0.29,0.0,0.0,0.0,5,0
6,0.02,0.0,0.0,0.0,6,0
7,0.04,0.0,0.0,0.0,7,2
