,threshold,f_measure,precision,recall,instrument_idx,num_of_occ
0,0.02,0.4444444444444445,0.3488372093023256,0.6122448979591837,0,50
1,0.29,0.55,0.5945945945945946,0.5116279069767442,1,43
2,0.13,0.0,0.0,0.0,2,5
3,0.29,0.0,0.0,0.0,3,0
4,0.26,0.0,0.0,0.0,4,5
5,0.29,0.4000000000000001,0.3488372093023256,0.46875,5,97
6,0.02,0.0,0.0,0.0,6,2
7,0.04,0.0,0.0,0.0,7,3
