,threshold,f_measure,precision,recall,instrument_idx,num_of_occ
0,0.02,0.2462845010615711,0.19269102990033224,0.3411764705882353,0,171
1,0.29,0.2702702702702703,0.28169014084507044,0.2597402597402597,1,77
2,0.13,0.0,0.0,0.0,2,44
3,0.29,0.0,0.0,0.0,3,6
4,0.26,0.03333333333333333,0.1111111111111111,0.0196078431372549,4,51
5,0.29,0.1802325581395349,0.155,0.2152777777777778,5,144
6,0.02,0.0,0.0,0.0,6,0
7,0.04,0.0,0.0,0.0,7,0
