,threshold,f_measure,precision,recall,instrument_idx,num_of_occ
0,0.02,0.5,0.3333333333333333,1.0,0,3
1,0.29,0.0,0.0,0.0,1,0
2,0.13,0.0,0.0,0.0,2,0
3,0.29,0.0,0.0,0.0,3,3
4,0.26,0.0,0.0,0.0,4,0
5,0.29,0.0,0.0,0.0,5,0
6,0.02,0.0,0.0,0.0,6,0
7,0.04,0.27777777777777773,1.0,0.16129032258064516,7,31
