,threshold,f_measure,precision,recall,instrument_idx,num_of_occ
0,0.02,0.33232628398791536,0.2422907488986784,0.5288461538461539,0,104
1,0.29,0.5762711864406779,0.6071428571428571,0.5483870967741935,1,124
2,0.13,0.25,1.0,0.14285714285714285,2,7
3,0.29,0.20105820105820107,0.5,0.12582781456953643,3,151
4,0.26,0.0,0.0,0.0,4,2
5,0.29,0.03846153846153846,0.02127659574468085,0.2,5,10
6,0.02,0.10526315789473685,0.06666666666666667,0.25,6,4
7,0.04,0.1904761904761905,0.2222222222222222,0.16666666666666666,7,12
