,threshold,f_measure,precision,recall,instrument_idx,num_of_occ
0,0.02,0.47826086956521735,0.3548387096774194,0.7333333333333333,0,15
1,0.29,0.375,0.25,0.75,1,4
2,0.13,0.0,0.0,0.0,2,0
3,0.29,0.0,0.0,0.0,3,1
4,0.26,0.0,0.0,0.0,4,0
5,0.29,0.0,0.0,0.0,5,1
6,0.02,0.0,0.0,0.0,6,0
7,0.04,0.0,0.0,0.0,7,3
