,threshold,f_measure,precision,recall,instrument_idx,num_of_occ
0,0.02,0.510948905109489,0.4268292682926829,0.6363636363636364,0,56
1,0.29,0.296875,0.6551724137931034,0.1919191919191919,1,99
2,0.13,0.0,0.0,0.0,2,0
3,0.29,0.0,0.0,0.0,3,0
4,0.26,0.0,0.0,0.0,4,4
5,0.29,0.599250936329588,0.5633802816901409,0.64,5,125
6,0.02,0.0,0.0,0.0,6,0
7,0.04,0.0,0.0,0.0,7,0
