,threshold,f_measure,precision,recall,instrument_idx,num_of_occ
0,0.02,0.31257078142695355,0.2490974729241877,0.4194528875379939,0,329
1,0.29,0.2638888888888889,0.26912181303116145,0.25885558583106266,1,367
2,0.13,0.0,0.0,0.0,2,5
3,0.29,0.2131979695431472,0.65625,0.12727272727272726,3,165
4,0.26,0.0,0.0,0.0,4,3
5,0.29,0.5198776758409787,0.41262135922330095,0.7024793388429752,5,121
6,0.02,0.0,0.0,0.0,6,0
7,0.04,0.0,0.0,0.0,7,7
