,threshold,f_measure,precision,recall,instrument_idx,num_of_occ
0,0.02,0.44765342960288806,0.3780487804878049,0.5486725663716814,0,113
1,0.29,0.32608695652173914,0.5172413793103449,0.23809523809523808,1,63
2,0.13,0.0,0.0,0.0,2,0
3,0.29,0.0,0.0,0.0,3,0
4,0.26,0.0,0.0,0.0,4,6
5,0.29,0.48648648648648646,0.4684014869888476,0.5060240963855421,5,250
6,0.02,0.0,0.0,0.0,6,0
7,0.04,0.0,0.0,0.0,7,0
