,threshold,f_measure,precision,recall,instrument_idx,num_of_occ
0,0.02,0.21978021978021978,0.20134228187919462,0.24193548387096775,0,124
1,0.29,0.2703962703962704,0.3717948717948718,0.21245421245421245,1,273
2,0.13,0.0,0.0,0.0,2,5
3,0.29,0.05405405405405405,0.07142857142857142,0.043478260869565216,3,23
4,0.26,0.0,0.0,0.0,4,10
5,0.29,0.3565217391304348,0.354978354978355,0.35807860262008734,5,230
6,0.02,0.15384615384615383,0.16666666666666666,0.14285714285714285,6,7
7,0.04,0.0,0.0,0.0,7,6
