,threshold,f_measure,precision,recall,instrument_idx,num_of_occ
0,0.02,0.2926829268292683,0.21238938053097345,0.47058823529411764,0,51
1,0.29,0.3953488372093023,0.40476190476190477,0.38636363636363635,1,44
2,0.13,0.0,0.0,0.0,2,0
3,0.29,0.0,0.0,0.0,3,0
4,0.26,0.0,0.0,0.0,4,8
5,0.29,0.3146067415730337,0.28,0.358974358974359,5,118
6,0.02,0.0,0.0,0.0,6,0
7,0.04,0.0,0.0,0.0,7,0
