,threshold,f_measure,precision,recall,instrument_idx,num_of_occ
0,0.02,0.34883720930232553,0.2647058823529412,0.5113636363636364,0,88
1,0.29,0.41830065359477125,0.43243243243243246,0.4050632911392405,1,79
2,0.13,0.0,0.0,0.0,2,7
3,0.29,0.17467248908296945,0.5405405405405406,0.10416666666666667,3,192
4,0.26,0.0,0.0,0.0,4,0
5,0.29,0.39461883408071746,0.4444444444444444,0.3548387096774194,5,124
6,0.02,0.12121212121212122,0.08,0.25,6,8
7,0.04,0.18181818181818182,0.14285714285714285,0.25,7,4
