,threshold,f_measure,precision,recall,instrument_idx,num_of_occ
0,0.02,0.16188373804267844,0.1460823373173971,0.18151815181518152,0,607
1,0.29,0.5292602134707397,0.656021897810219,0.4435533621221468,1,1621
2,0.13,0.0,0.0,0.0,2,5
3,0.29,0.2962962962962963,0.575,0.19956616052060738,3,461
4,0.26,0.0,0.0,0.0,4,3
5,0.29,0.16917728852838934,0.16367713004484305,0.1750599520383693,5,417
6,0.02,0.0,0.0,0.0,6,17
7,0.04,0.029411764705882353,0.03333333333333333,0.02631578947368421,7,38
