,threshold,f_measure,precision,recall,instrument_idx,num_of_occ
0,0.02,0.2029598308668076,0.14701378254211334,0.32764505119453924,0,293
1,0.29,0.3035594358629953,0.3009320905459387,0.3062330623306233,1,738
2,0.13,0.0,0.0,0.0,2,36
3,0.29,0.2263083451202263,0.6504065040650406,0.136986301369863,3,1168
4,0.26,0.0,0.0,0.0,4,14
5,0.29,0.30621172353455817,0.2623688155922039,0.36764705882352944,5,476
6,0.02,0.0,0.0,0.0,6,0
7,0.04,0.010471204188481676,0.01818181818181818,0.007352941176470588,7,136
