,threshold,f_measure,precision,recall,instrument_idx,num_of_occ
0,0.02,0.40476190476190477,0.2982456140350877,0.6296296296296297,0,54
1,0.29,0.46113989637305697,0.712,0.34099616858237547,1,261
2,0.13,0.0,0.0,0.0,2,6
3,0.29,0.2222222222222222,0.18181818181818182,0.2857142857142857,3,7
4,0.26,0.16666666666666666,0.125,0.25,4,4
5,0.29,0.2882882882882883,0.25,0.3404255319148936,5,47
6,0.02,0.2285714285714286,0.16666666666666666,0.36363636363636365,6,11
7,0.04,0.0,0.0,0.0,7,12
