,threshold,f_measure,precision,recall,instrument_idx,num_of_occ
0,0.02,0.10344827586206896,0.07941176470588235,0.14835164835164835,0,182
1,0.29,0.1139240506329114,0.13432835820895522,0.0989010989010989,1,182
2,0.13,0.0,0.0,0.0,2,27
3,0.29,0.055944055944055944,0.4,0.03007518796992481,3,266
4,0.26,0.0,0.0,0.0,4,19
5,0.29,0.1490066225165563,0.11138613861386139,0.225,5,200
6,0.02,0.0,0.0,0.0,6,0
7,0.04,0.0,0.0,0.0,7,18
