,threshold,f_measure,precision,recall,instrument_idx
1,0.27,0.9046454767726161,0.8525345622119815,0.9635416666666666,1.0
3,0.08,0.6448362720403022,0.49230769230769234,0.9343065693430657,3.0
4,0.25,0.43859649122807026,0.8928571428571429,0.29069767441860467,4.0
5,0.21,0.7194968553459119,0.5777777777777777,0.9533333333333334,5.0
