,threshold,f_measure,precision,recall,instrument_idx,num_of_occ
0,0.02,0.3364485981308411,0.23684210526315788,0.5806451612903226,0,32
1,0.29,0.3132530120481928,0.4482758620689655,0.24074074074074073,1,54
2,0.13,0.0,0.0,0.0,2,0
3,0.29,0.0,0.0,0.0,3,0
4,0.26,0.0,0.0,0.0,4,9
5,0.29,0.40145985401459855,0.3395061728395062,0.49107142857142855,5,112
6,0.02,0.0,0.0,0.0,6,0
7,0.04,0.0,0.0,0.0,7,0
