,threshold,f_measure,precision,recall,instrument_idx,num_of_occ
0,0.02,0.4890510948905109,0.40606060606060607,0.6146788990825688,0,109
1,0.29,0.375,0.5294117647058824,0.2903225806451613,1,31
2,0.13,0.0,0.0,0.0,2,0
3,0.29,0.0,0.0,0.0,3,0
4,0.26,0.0,0.0,0.0,4,0
5,0.29,0.4666666666666666,0.41363636363636364,0.5352941176470588,5,170
6,0.02,0.0,0.0,0.0,6,0
7,0.04,0.0,0.0,0.0,7,3
