,threshold,f_measure,precision,recall,instrument_idx,num_of_occ
0,0.02,0.17209302325581394,0.13167259786476868,0.2483221476510067,0,149
1,0.29,0.19558359621451105,0.22545454545454546,0.17270194986072424,1,359
2,0.13,0.0,0.0,0.0,2,36
3,0.29,0.0,0.0,0.0,3,87
4,0.26,0.10526315789473684,0.3333333333333333,0.0625,4,16
5,0.29,0.3055555555555556,0.24017467248908297,0.4198473282442748,5,131
6,0.02,0.0,0.0,0.0,6,2
7,0.04,0.0,0.0,0.0,7,7
