,threshold,f_measure,precision,recall,instrument_idx,num_of_occ
0,0.02,0.20945083014048532,0.15413533834586465,0.32669322709163345,0,251
1,0.29,0.18565400843881857,0.21674876847290642,0.16236162361623616,1,271
2,0.13,0.0,0.0,0.0,2,8
3,0.29,0.2456140350877193,0.7291666666666666,0.14767932489451477,3,237
4,0.26,0.33333333333333337,0.6052631578947368,0.23,4,100
5,0.29,0.2317596566523605,0.2109375,0.2571428571428571,5,420
6,0.02,0.0,0.0,0.0,6,0
7,0.04,0.0,0.0,0.0,7,17
