,threshold,f_measure,precision,recall,instrument_idx,num_of_occ
0,0.02,0.058823529411764705,0.038461538461538464,0.125,0,17
1,0.29,0.11764705882352941,0.06666666666666667,0.5,1,4
2,0.13,0.0,0.0,0.0,2,0
3,0.29,0.0,0.0,0.0,3,0
4,0.26,0.0,0.0,0.0,4,0
5,0.29,0.0,0.0,0.0,5,0
6,0.02,0.0,0.0,0.0,6,0
7,0.04,0.0,0.0,0.0,7,0
