,threshold,f_measure,precision,recall,instrument_idx,num_of_occ
0,0.02,0.3164179104477612,0.2548076923076923,0.41732283464566927,0,127
1,0.29,0.10526315789473684,0.10526315789473684,0.10526315789473684,1,19
2,0.13,0.0,0.0,0.0,2,0
3,0.29,0.0,0.0,0.0,3,0
4,0.26,0.0,0.0,0.0,4,152
5,0.29,0.676829268292683,0.6747720364741642,0.6788990825688074,5,327
6,0.02,0.0,0.0,0.0,6,4
7,0.04,0.0,0.0,0.0,7,3
