,threshold,f_measure,precision,recall,instrument_idx,num_of_occ
0,0.02,0.5373134328358209,0.3673469387755102,1.0,0,18
1,0.29,0.6428571428571428,0.8181818181818182,0.5294117647058824,1,34
2,0.13,0.4,1.0,0.25,2,4
3,0.29,0.125,1.0,0.06666666666666667,3,15
4,0.26,0.0,0.0,0.0,4,0
5,0.29,0.0,0.0,0.0,5,0
6,0.02,0.0,0.0,0.0,6,0
7,0.04,0.0,0.0,0.0,7,0
