,threshold,f_measure,precision,recall,instrument_idx,num_of_occ
0,0.02,0.39461883408071746,0.3055555555555556,0.5569620253164557,0,80
1,0.29,0.29940119760479045,0.5555555555555556,0.20491803278688525,1,123
2,0.13,0.0,0.0,0.0,2,0
3,0.29,0.0,0.0,0.0,3,0
4,0.26,0.0,0.0,0.0,4,3
5,0.29,0.46346555323590816,0.4847161572052402,0.444,5,251
6,0.02,0.0,0.0,0.0,6,0
7,0.04,0.0,0.0,0.0,7,0
