,threshold,f_measure,precision,recall,instrument_idx,num_of_occ
0,0.02,0.03663003663003663,0.03424657534246575,0.03937007874015748,0,127
1,0.29,0.14507772020725387,0.1917808219178082,0.11666666666666667,1,120
2,0.13,0.0,0.0,0.0,2,2
3,0.29,0.0,0.0,0.0,3,79
4,0.26,0.03571428571428572,0.15384615384615385,0.020202020202020204,4,100
5,0.29,0.25130890052356025,0.22153846153846155,0.2903225806451613,5,248
6,0.02,0.0,0.0,0.0,6,0
7,0.04,0.0,0.0,0.0,7,9
