,threshold,f_measure,precision,recall,instrument_idx,num_of_occ
0,0.02,0.2747252747252747,0.1953125,0.46296296296296297,0,54
1,0.29,0.5492227979274612,0.6091954022988506,0.5,1,106
2,0.13,0.0,0.0,0.0,2,15
3,0.29,0.23529411764705882,0.41509433962264153,0.16417910447761194,3,134
4,0.26,0.0,0.0,0.0,4,0
5,0.29,0.29591836734693877,0.25892857142857145,0.34523809523809523,5,84
6,0.02,0.0,0.0,0.0,6,3
7,0.04,0.06896551724137932,0.05,0.1111111111111111,7,9
