,threshold,f_measure,precision,recall,instrument_idx,num_of_occ
0,0.02,0.7307692307692308,0.5757575757575758,1.0,0,19
1,0.29,0.9523809523809523,1.0,0.9090909090909091,1,11
2,0.13,0.0,0.0,0.0,2,2
3,0.29,0.0,0.0,0.0,3,0
4,0.26,0.0,0.0,0.0,4,0
5,0.29,0.8235294117647058,0.7368421052631579,0.9333333333333333,5,30
6,0.02,0.0,0.0,0.0,6,0
7,0.04,0.0,0.0,0.0,7,0
