,threshold,f_measure,precision,recall,instrument_idx,num_of_occ
0,0.02,0.12404787812840043,0.09047619047619047,0.1972318339100346,0,289
1,0.29,0.19565217391304351,0.19736842105263158,0.1939655172413793,1,232
2,0.13,0.0,0.0,0.0,2,55
3,0.29,0.1420118343195266,0.2222222222222222,0.10434782608695652,3,115
4,0.26,0.019801980198019802,0.07692307692307693,0.011363636363636364,4,88
5,0.29,0.2740524781341108,0.22541966426858512,0.34944237918215615,5,269
6,0.02,0.04878048780487805,0.03571428571428571,0.07692307692307693,6,13
7,0.04,0.0,0.0,0.0,7,15
