,threshold,f_measure,precision,recall,instrument_idx,num_of_occ
0,0.02,0.15789473684210525,0.12561576354679804,0.2125,0,240
1,0.29,0.27313769751693,0.2813953488372093,0.26535087719298245,1,456
2,0.13,0.0,0.0,0.0,2,7
3,0.29,0.0,0.0,0.0,3,2
4,0.26,0.0,0.0,0.0,4,8
5,0.29,0.2103896103896104,0.19014084507042253,0.23546511627906977,5,344
6,0.02,0.0,0.0,0.0,6,1
7,0.04,0.0,0.0,0.0,7,1
