,threshold,f_measure,precision,recall,instrument_idx,num_of_occ
0,0.02,0.0681198910081744,0.05030181086519115,0.10548523206751055,0,237
1,0.29,0.32653061224489793,0.3534136546184739,0.30344827586206896,1,581
2,0.13,0.0,0.0,0.0,2,3
3,0.29,0.13736263736263737,0.3424657534246575,0.0859106529209622,3,291
4,0.26,0.0,0.0,0.0,4,0
5,0.29,0.2381378692927484,0.19910179640718562,0.2962138084632517,5,449
6,0.02,0.0,0.0,0.0,6,0
7,0.04,0.0,0.0,0.0,7,130
