,threshold,f_measure,precision,recall,instrument_idx
1,0.27,0.7547169811320755,0.9523809523809523,0.625,1.0
5,0.21,0.8693181818181818,0.7688442211055276,1.0,5.0
