,threshold,f_measure,precision,recall,instrument_idx
1,0.27,0.8921568627450981,0.8504672897196262,0.9381443298969072,1.0
3,0.08,0.6201550387596898,0.8695652173913043,0.4819277108433735,3.0
4,0.25,0.39999999999999997,0.75,0.2727272727272727,4.0
5,0.21,0.7811158798283261,0.6642335766423357,0.9479166666666666,5.0
6,0.08,0.4444444444444445,1.0,0.2857142857142857,6.0
7,0.08,0.42857142857142855,0.8571428571428571,0.2857142857142857,7.0
