,threshold,f_measure,precision,recall,instrument_idx,num_of_occ
0,0.02,0.174496644295302,0.14857142857142858,0.21138211382113822,0,123
1,0.29,0.2813333333333333,0.7080536912751678,0.17554076539101499,1,1202
2,0.13,0.0,0.0,0.0,2,0
3,0.29,0.0,0.0,0.0,3,0
4,0.26,0.0,0.0,0.0,4,0
5,0.29,0.20935412026726058,0.18359375,0.24352331606217617,5,193
6,0.02,0.0,0.0,0.0,6,0
7,0.04,0.0,0.0,0.0,7,0
