instrument_idx,occurrence,f_measure,precision,recall
0,67335,0.22130277071869597,0.18139945221236484,0.3033879288982135
1,102642,0.36364290052716386,0.4300525869763044,0.32810900062294357
2,3742,0.024429736152370835,0.08161950882421219,0.01773784072688402
3,40068,0.1646436425276305,0.3983062728511641,0.1144243941084411
4,9538,0.05932568046662757,0.21380719993396363,0.0381043633271779
5,88101,0.3655139012564746,0.3519856766257687,0.3888052855040988
6,3976,0.05772040929750183,0.12244947082019039,0.05608651911468813
7,9574,0.027592435428841645,0.12200539105569279,0.020787118551898163
