,threshold,f_measure,precision,recall,instrument_idx,num_of_occ
0,0.02,0.6993006993006994,0.5681818181818182,0.9090909090909091,0,56
1,0.29,0.6798029556650247,0.7752808988764045,0.6052631578947368,1,114
2,0.13,0.0,0.0,0.0,2,0
3,0.29,0.0,0.0,0.0,3,0
4,0.26,0.0,0.0,0.0,4,0
5,0.29,0.7215686274509804,0.7131782945736435,0.7301587301587301,5,127
6,0.02,0.0,0.0,0.0,6,0
7,0.04,0.0,0.0,0.0,7,0
