,threshold,f_measure,precision,recall,instrument_idx,num_of_occ
0,0.02,0.3863636363636363,0.2833333333333333,0.6071428571428571,0,28
1,0.29,0.3333333333333333,0.36,0.3103448275862069,1,58
2,0.13,0.0,0.0,0.0,2,6
3,0.29,0.0,0.0,0.0,3,1
4,0.26,0.0,0.0,0.0,4,1
5,0.29,0.376,0.3381294964028777,0.42342342342342343,5,111
6,0.02,0.0,0.0,0.0,6,1
7,0.04,0.0,0.0,0.0,7,2
