,threshold,f_measure,precision,recall,instrument_idx,num_of_occ
0,0.02,0.23255813953488375,0.17094017094017094,0.36363636363636365,0,110
1,0.29,0.22346368715083798,0.3007518796992481,0.17777777777777778,1,225
2,0.13,0.0,0.0,0.0,2,6
3,0.29,0.0,0.0,0.0,3,0
4,0.26,0.0,0.0,0.0,4,34
5,0.29,0.4716981132075472,0.4654255319148936,0.4781420765027322,5,366
6,0.02,0.0,0.0,0.0,6,0
7,0.04,0.0,0.0,0.0,7,4
