,threshold,f_measure,precision,recall,instrument_idx,num_of_occ
0,0.02,0.25000000000000006,0.1834862385321101,0.39215686274509803,0,51
1,0.29,0.5940594059405941,0.5714285714285714,0.6185567010309279,1,97
2,0.13,0.0,0.0,0.0,2,6
3,0.29,0.196078431372549,0.5263157894736842,0.12048192771084337,3,83
4,0.26,0.26666666666666666,0.5,0.18181818181818182,4,11
5,0.29,0.2524271844660194,0.23636363636363636,0.2708333333333333,5,96
6,0.02,0.35714285714285715,0.35714285714285715,0.35714285714285715,6,14
7,0.04,0.25,0.36363636363636365,0.19047619047619047,7,21
