,threshold,f_measure,precision,recall,instrument_idx,num_of_occ
0,0.02,0.18223234624145787,0.14010507880910683,0.26058631921824105,0,307
1,0.29,0.17537313432835822,0.17938931297709923,0.17153284671532848,1,274
2,0.13,0.0,0.0,0.0,2,25
3,0.29,0.07773851590106005,0.2558139534883721,0.04583333333333333,3,240
4,0.26,0.0,0.0,0.0,4,21
5,0.29,0.27053140096618356,0.23529411764705882,0.3181818181818182,5,264
6,0.02,0.06060606060606061,0.04,0.125,6,8
7,0.04,0.0,0.0,0.0,7,9
