,threshold,f_measure,precision,recall,instrument_idx,num_of_occ
0,0.02,0.7317073170731707,0.5769230769230769,1.0,0,15
1,0.29,0.9473684210526316,0.9,1.0,1,9
2,0.13,0.0,0.0,0.0,2,0
3,0.29,0.0,0.0,0.0,3,0
4,0.26,0.0,0.0,0.0,4,7
5,0.29,0.8636363636363636,0.7702702702702703,0.9827586206896551,5,58
6,0.02,0.0,0.0,0.0,6,0
7,0.04,0.0,0.0,0.0,7,0
