,threshold,f_measure,precision,recall,instrument_idx,num_of_occ
0,0.02,0.09900990099009901,0.0625,0.23809523809523808,0,63
1,0.29,0.16949152542372883,0.15,0.19480519480519481,1,154
2,0.13,0.0,0.0,0.0,2,0
3,0.29,0.29699842022116907,0.32525951557093424,0.27325581395348836,3,344
4,0.26,0.0,0.0,0.0,4,0
5,0.29,0.14207650273224046,0.12682926829268293,0.16149068322981366,5,161
6,0.02,0.058823529411764705,0.5,0.03125,6,96
7,0.04,0.0,0.0,0.0,7,28
