,threshold,f_measure,precision,recall,instrument_idx,num_of_occ
0,0.02,0.1629955947136564,0.15289256198347106,0.17452830188679244,0,212
1,0.29,0.20348837209302323,0.2681992337164751,0.16393442622950818,1,427
2,0.13,0.0,0.0,0.0,2,12
3,0.29,0.09345794392523366,0.26785714285714285,0.05660377358490566,3,265
4,0.26,0.0,0.0,0.0,4,3
5,0.29,0.21403508771929824,0.23018867924528302,0.2,5,305
6,0.02,0.13793103448275862,0.15384615384615385,0.125,6,16
7,0.04,0.0625,0.125,0.041666666666666664,7,24
