,threshold,f_measure,precision,recall,instrument_idx,num_of_occ
0,0.02,0.43902439024390244,0.421875,0.4576271186440678,0,59
1,0.29,0.6582278481012658,0.6290322580645161,0.6902654867256637,1,226
2,0.13,0.0,0.0,0.0,2,0
3,0.29,0.0,0.0,0.0,3,0
4,0.26,0.0,0.0,0.0,4,0
5,0.29,0.0,0.0,0.0,5,0
6,0.02,0.0,0.0,0.0,6,6
7,0.04,0.0,0.0,0.0,7,13
