,threshold,f_measure,precision,recall,instrument_idx,num_of_occ
0,0.02,0.01834862385321101,0.013793103448275862,0.0273972602739726,0,73
1,0.29,0.3285714285714286,0.323943661971831,0.3333333333333333,1,69
2,0.13,0.0,0.0,0.0,2,3
3,0.29,0.0,0.0,0.0,3,2
4,0.26,0.0,0.0,0.0,4,23
5,0.29,0.35714285714285715,0.3767123287671233,0.3395061728395062,5,162
6,0.02,0.0,0.0,0.0,6,1
7,0.04,0.0,0.0,0.0,7,3
