,threshold,f_measure,precision,recall,instrument_idx,num_of_occ
0,0.02,0.24342105263157893,0.1796116504854369,0.37755102040816324,0,98
1,0.29,0.45245901639344266,0.43670886075949367,0.46938775510204084,1,147
2,0.13,0.0,0.0,0.0,2,12
3,0.29,0.0,0.0,0.0,3,0
4,0.26,0.0,0.0,0.0,4,1
5,0.29,0.4893617021276596,0.5015576323987538,0.47774480712166173,5,337
6,0.02,0.1142857142857143,0.15384615384615385,0.09090909090909091,6,22
7,0.04,0.058823529411764705,0.16666666666666666,0.03571428571428571,7,28
