,threshold,f_measure,precision,recall,instrument_idx,num_of_occ
0,0.02,0.5058365758754864,0.38922155688622756,0.7222222222222222,0,91
1,0.29,0.5882352941176471,0.5833333333333334,0.5932203389830508,1,59
2,0.13,0.0,0.0,0.0,2,3
3,0.29,0.19999999999999998,0.75,0.11538461538461539,3,26
4,0.26,0.0,0.0,0.0,4,12
5,0.29,0.25806451612903225,0.1927710843373494,0.3902439024390244,5,41
6,0.02,0.5714285714285715,0.5,0.6666666666666666,6,3
7,0.04,0.0,0.0,0.0,7,4
