,threshold,f_measure,precision,recall,instrument_idx,num_of_occ
0,0.02,0.5263157894736842,0.35714285714285715,1.0,0,15
1,0.29,0.6666666666666666,0.5,1.0,1,6
2,0.13,0.0,0.0,0.0,2,0
3,0.29,0.0,0.0,0.0,3,1
4,0.26,0.0,0.0,0.0,4,0
5,0.29,0.0,0.0,0.0,5,0
6,0.02,0.0,0.0,0.0,6,8
7,0.04,0.0,0.0,0.0,7,7
