,threshold,f_measure,precision,recall,instrument_idx,num_of_occ
0,0.02,0.25414364640883974,0.24210526315789474,0.26744186046511625,0,87
1,0.29,0.3516483516483516,0.4,0.3137254901960784,1,51
2,0.13,0.0,0.0,0.0,2,0
3,0.29,0.0,0.0,0.0,3,0
4,0.26,0.3529411764705882,0.5,0.2727272727272727,4,11
5,0.29,0.34944237918215615,0.30718954248366015,0.4051724137931034,5,117
6,0.02,0.0,0.0,0.0,6,0
7,0.04,0.0,0.0,0.0,7,0
