,threshold,f_measure,precision,recall,instrument_idx,num_of_occ
0,0.02,0.18997912317327764,0.14086687306501547,0.2916666666666667,0,312
1,0.29,0.26354679802955666,0.25,0.2786458333333333,1,384
2,0.13,0.0,0.0,0.0,2,24
3,0.29,0.0639269406392694,0.08536585365853659,0.051094890510948905,3,137
4,0.26,0.018691588785046728,0.047619047619047616,0.011627906976744186,4,86
5,0.29,0.2537931034482758,0.2164705882352941,0.30666666666666664,5,300
6,0.02,0.0,0.0,0.0,6,22
7,0.04,0.0,0.0,0.0,7,98
