,threshold,f_measure,precision,recall,instrument_idx,num_of_occ
0,0.02,0.24545454545454543,0.1588235294117647,0.54,0,50
1,0.29,0.13333333333333333,0.07142857142857142,1.0,1,1
2,0.13,0.0,0.0,0.0,2,0
3,0.29,0.3805668016194332,0.4630541871921182,0.3230240549828179,3,291
4,0.26,0.0,0.0,0.0,4,0
5,0.29,0.0,0.0,0.0,5,0
6,0.02,0.2745098039215686,0.4117647058823529,0.20588235294117646,6,34
7,0.04,0.0625,0.07692307692307693,0.05263157894736842,7,19
