,threshold,f_measure,precision,recall,instrument_idx,num_of_occ
0,0.02,0.5555555555555556,0.38461538461538464,1.0,0,11
1,0.29,0.32258064516129037,1.0,0.19230769230769232,1,26
2,0.13,0.0,0.0,0.0,2,1
3,0.29,0.15384615384615385,1.0,0.08333333333333333,3,12
4,0.26,0.0,0.0,0.0,4,0
5,0.29,0.0,0.0,0.0,5,0
6,0.02,0.0,0.0,0.0,6,0
7,0.04,0.0,0.0,0.0,7,0
