,threshold,f_measure,precision,recall,instrument_idx,num_of_occ
0,0.02,0.21122112211221125,0.15384615384615385,0.3368421052631579,0,95
1,0.29,0.35555555555555557,0.3516483516483517,0.3595505617977528,1,89
2,0.13,0.0,0.0,0.0,2,14
3,0.29,0.025,0.03571428571428571,0.019230769230769232,3,52
4,0.26,0.08333333333333333,0.4,0.046511627906976744,4,130
5,0.29,0.3870967741935484,0.34285714285714286,0.4444444444444444,5,189
6,0.02,0.0,0.0,0.0,6,5
7,0.04,0.0,0.0,0.0,7,10
