,threshold,f_measure,precision,recall,instrument_idx,num_of_occ
0,0.02,0.07003891050583658,0.046632124352331605,0.140625,0,192
1,0.29,0.18181818181818182,0.12173913043478261,0.358974358974359,1,78
2,0.13,0.0,0.0,0.0,2,6
3,0.29,0.0,0.0,0.0,3,2
4,0.26,0.0,0.0,0.0,4,2
5,0.29,0.12698412698412695,0.10480349344978165,0.1610738255033557,5,149
6,0.02,0.0,0.0,0.0,6,31
7,0.04,0.0,0.0,0.0,7,44
