,threshold,f_measure,precision,recall,instrument_idx,num_of_occ
0,0.02,0.3970588235294118,0.2872340425531915,0.6428571428571429,0,43
1,0.29,0.6455026455026455,0.6559139784946236,0.6354166666666666,1,96
2,0.13,0.0,0.0,0.0,2,6
3,0.29,0.17977528089887643,0.4444444444444444,0.11267605633802817,3,72
4,0.26,0.0,0.0,0.0,4,2
5,0.29,0.08333333333333333,0.046875,0.375,5,8
6,0.02,0.11764705882352941,0.14285714285714285,0.1,6,10
7,0.04,0.0,0.0,0.0,7,17
