,threshold,f_measure,precision,recall,instrument_idx,num_of_occ
0,0.02,0.49438202247191015,0.3384615384615385,0.9166666666666666,0,24
1,0.29,0.7826086956521738,0.75,0.8181818181818182,1,44
2,0.13,0.42857142857142855,1.0,0.2727272727272727,2,11
3,0.29,0.3611111111111111,0.65,0.25,3,52
4,0.26,0.0,0.0,0.0,4,1
5,0.29,0.3777777777777778,0.3541666666666667,0.40476190476190477,5,42
6,0.02,0.26666666666666666,0.25,0.2857142857142857,6,7
7,0.04,0.0,0.0,0.0,7,7
