,threshold,f_measure,precision,recall,instrument_idx,num_of_occ
0,0.02,0.09550561797752809,0.06115107913669065,0.21794871794871795,0,78
1,0.29,0.09685230024213075,0.09615384615384616,0.0975609756097561,1,205
2,0.13,0.0,0.0,0.0,2,0
3,0.29,0.2921348314606741,0.32098765432098764,0.26804123711340205,3,485
4,0.26,0.0,0.0,0.0,4,0
5,0.29,0.2066869300911854,0.2,0.2138364779874214,5,159
6,0.02,0.019230769230769232,0.07692307692307693,0.01098901098901099,6,91
7,0.04,0.0,0.0,0.0,7,1
