,threshold,f_measure,precision,recall,instrument_idx,num_of_occ
0,0.02,0.181360201511335,0.13872832369942195,0.26181818181818184,0,276
1,0.29,0.14583333333333334,0.1483050847457627,0.14344262295081966,1,244
2,0.13,0.0,0.0,0.0,2,0
3,0.29,0.20000000000000004,0.9285714285714286,0.11206896551724138,3,116
4,0.26,0.14457831325301204,0.23076923076923078,0.10526315789473684,4,57
5,0.29,0.3593073593073593,0.3705357142857143,0.3487394957983193,5,715
6,0.02,0.0,0.0,0.0,6,0
7,0.04,0.0,0.0,0.0,7,0
