,threshold,f_measure,precision,recall,instrument_idx,num_of_occ
0,0.02,0.1819941916747338,0.1422087745839637,0.25268817204301075,0,372
1,0.29,0.14963503649635038,0.15648854961832062,0.14335664335664336,1,286
2,0.13,0.0,0.0,0.0,2,2
3,0.29,0.04225352112676056,0.15,0.02459016393442623,3,122
4,0.26,0.0,0.0,0.0,4,110
5,0.29,0.26319493314567205,0.2463768115942029,0.2824773413897281,5,663
6,0.02,0.0,0.0,0.0,6,4
7,0.04,0.0,0.0,0.0,7,5
