,threshold,f_measure,precision,recall,instrument_idx,num_of_occ
0,0.02,0.6399999999999999,0.47058823529411764,1.0,0,16
1,0.29,0.1818181818181818,0.5,0.1111111111111111,1,9
2,0.13,0.0,0.0,0.0,2,0
3,0.29,0.0,0.0,0.0,3,0
4,0.26,0.0,0.0,0.0,4,0
5,0.29,0.0,0.0,0.0,5,0
6,0.02,0.0,0.0,0.0,6,0
7,0.04,0.0,0.0,0.0,7,48
