,threshold,f_measure,precision,recall,instrument_idx,num_of_occ
0,0.02,0.18629173989455183,0.13730569948186527,0.2896174863387978,0,183
1,0.29,0.25431711145996866,0.2745762711864407,0.23684210526315788,1,342
2,0.13,0.0,0.0,0.0,2,12
3,0.29,0.03862660944206008,0.45,0.020179372197309416,3,446
4,0.26,0.0,0.0,0.0,4,12
5,0.29,0.28108108108108104,0.23283582089552238,0.35454545454545455,5,220
6,0.02,0.04878048780487805,0.034482758620689655,0.08333333333333333,6,12
7,0.04,0.05128205128205127,0.041666666666666664,0.06666666666666667,7,15
