,threshold,f_measure,precision,recall,instrument_idx,num_of_occ
0,0.02,0.25075075075075076,0.19173363949483352,0.36225596529284165,0,461
1,0.29,0.1655773420479303,0.18446601941747573,0.15019762845849802,1,253
2,0.13,0.0,0.0,0.0,2,21
3,0.29,0.0,0.0,0.0,3,124
4,0.26,0.2,0.5,0.125,4,8
5,0.29,0.3093093093093093,0.28690807799442897,0.3355048859934853,5,307
6,0.02,0.0,0.0,0.0,6,0
7,0.04,0.0,0.0,0.0,7,8
