,threshold,f_measure,precision,recall,instrument_idx
1,0.27,0.6236559139784946,1.0,0.453125,1.0
5,0.21,0.9039145907473309,0.8246753246753247,1.0,5.0
