,threshold,f_measure,precision,recall,instrument_idx,num_of_occ
0,0.02,0.1295774647887324,0.11794871794871795,0.14375,0,321
1,0.29,0.22165605095541402,0.28338762214983715,0.18200836820083682,1,478
2,0.13,0.0,0.0,0.0,2,13
3,0.29,0.16766467065868262,0.34146341463414637,0.1111111111111111,3,126
4,0.26,0.0,0.0,0.0,4,27
5,0.29,0.3222222222222222,0.3240223463687151,0.32044198895027626,5,363
6,0.02,0.0,0.0,0.0,6,15
7,0.04,0.0,0.0,0.0,7,20
