,threshold,f_measure,precision,recall,instrument_idx,num_of_occ
0,0.02,0.13831775700934582,0.1,0.22424242424242424,0,165
1,0.29,0.26915887850467285,0.27533460803059273,0.263254113345521,1,547
2,0.13,0.0,0.0,0.0,2,27
3,0.29,0.13836477987421383,0.3384615384615385,0.08695652173913043,3,253
4,0.26,0.0,0.0,0.0,4,56
5,0.29,0.2007722007722008,0.16666666666666666,0.2524271844660194,5,310
6,0.02,0.09638554216867469,0.1,0.09302325581395349,6,43
7,0.04,0.0,0.0,0.0,7,48
