,threshold,f_measure,precision,recall,instrument_idx,num_of_occ
0,0.02,0.1510574018126888,0.1111111111111111,0.2358490566037736,0,106
1,0.29,0.23423423423423423,0.24528301886792453,0.22413793103448276,1,116
2,0.13,0.0,0.0,0.0,2,5
3,0.29,0.2746781115879829,0.48484848484848486,0.19161676646706588,3,167
4,0.26,0.0,0.0,0.0,4,12
5,0.29,0.022727272727272724,0.015706806282722512,0.0410958904109589,5,73
6,0.02,0.0,0.0,0.0,6,3
7,0.04,0.0,0.0,0.0,7,3
