,threshold,f_measure,precision,recall,instrument_idx,num_of_occ
0,0.02,0.1284046692607004,0.09243697478991597,0.21019108280254778,0,314
1,0.29,0.24042742653606408,0.30963302752293576,0.1965065502183406,1,687
2,0.13,0.0,0.0,0.0,2,10
3,0.29,0.07865168539325842,0.2,0.04895104895104895,3,143
4,0.26,0.027397260273972605,0.08,0.01652892561983471,4,121
5,0.29,0.36047234307022996,0.35066505441354295,0.37084398976982097,5,782
6,0.02,0.0,0.0,0.0,6,0
7,0.04,0.0,0.0,0.0,7,12
