,threshold,f_measure,precision,recall,instrument_idx,num_of_occ
0,0.02,0.0,0.0,0.0,0,32
1,0.29,0.0,0.0,0.0,1,19
2,0.13,0.0,0.0,0.0,2,0
3,0.29,0.0,0.0,0.0,3,0
4,0.26,0.0,0.0,0.0,4,0
5,0.29,0.0,0.0,0.0,5,0
6,0.02,0.020833333333333332,0.25,0.010869565217391304,6,92
7,0.04,0.0,0.0,0.0,7,0
