,threshold,f_measure,precision,recall,instrument_idx,num_of_occ
0,0.02,0.30864197530864196,0.23809523809523808,0.43859649122807015,0,57
1,0.29,0.36453201970443355,0.37755102040816324,0.3523809523809524,1,105
2,0.13,0.0,0.0,0.0,2,3
3,0.29,0.010362694300518135,0.08333333333333333,0.0055248618784530384,3,181
4,0.26,0.0,0.0,0.0,4,0
5,0.29,0.0,0.0,0.0,5,0
6,0.02,0.0,0.0,0.0,6,1
7,0.04,0.0,0.0,0.0,7,2
