,threshold,f_measure,precision,recall,instrument_idx,num_of_occ
0,0.02,0.11666666666666667,0.07777777777777778,0.23333333333333334,0,30
1,0.29,0.17605633802816903,0.2403846153846154,0.1388888888888889,1,180
2,0.13,0.0,0.0,0.0,2,4
3,0.29,0.23856858846918486,0.3508771929824561,0.18072289156626506,3,332
4,0.26,0.0,0.0,0.0,4,0
5,0.29,0.20486111111111108,0.19536423841059603,0.21532846715328466,5,274
6,0.02,0.0,0.0,0.0,6,0
7,0.04,0.4210526315789474,0.4444444444444444,0.4,7,10
