,threshold,f_measure,precision,recall,instrument_idx,num_of_occ
0,0.02,0.14135021097046413,0.11185308848080133,0.19197707736389685,0,350
1,0.29,0.13903743315508021,0.15354330708661418,0.1270358306188925,1,307
2,0.13,0.0,0.0,0.0,2,16
3,0.29,0.0,0.0,0.0,3,0
4,0.26,0.0,0.0,0.0,4,69
5,0.29,0.03938730853391685,0.02295918367346939,0.13846153846153847,5,65
6,0.02,0.0,0.0,0.0,6,0
7,0.04,0.0,0.0,0.0,7,51
