,threshold,f_measure,precision,recall,instrument_idx,num_of_occ
0,0.02,0.17716535433070865,0.1308139534883721,0.27439024390243905,0,328
1,0.29,0.2762589928057554,0.2681564245810056,0.28486646884273,1,337
2,0.13,0.0,0.0,0.0,2,37
3,0.29,0.04761904761904762,0.075,0.03488372093023256,3,86
4,0.26,0.028571428571428567,0.043478260869565216,0.02127659574468085,4,47
5,0.29,0.08095952023988007,0.05521472392638037,0.15168539325842698,5,178
6,0.02,0.06451612903225808,0.10344827586206896,0.046875,6,64
7,0.04,0.03508771929824562,0.2222222222222222,0.01904761904761905,7,105
