,threshold,f_measure,precision,recall,instrument_idx,num_of_occ
0,0.02,0.3048327137546469,0.25308641975308643,0.38317757009345793,0,107
1,0.29,0.3589743589743589,0.42424242424242425,0.3111111111111111,1,90
2,0.13,0.0,0.0,0.0,2,13
3,0.29,0.0,0.0,0.0,3,10
4,0.26,0.0,0.0,0.0,4,11
5,0.29,0.456824512534819,0.47398843930635837,0.44086021505376344,5,186
6,0.02,0.0,0.0,0.0,6,3
7,0.04,0.25,0.5,0.16666666666666666,7,12
