,threshold,f_measure,precision,recall,instrument_idx,num_of_occ
0,0.02,0.15384615384615385,0.08333333333333333,1.0,0,2
1,0.29,0.0,0.0,0.0,1,0
2,0.13,0.0,0.0,0.0,2,4
3,0.29,0.7692307692307692,0.9090909090909091,0.6666666666666666,3,30
4,0.26,0.0,0.0,0.0,4,0
5,0.29,0.0,0.0,0.0,5,0
6,0.02,0.19999999999999998,1.0,0.1111111111111111,6,9
7,0.04,0.0,0.0,0.0,7,9
