,threshold,f_measure,precision,recall,instrument_idx
1,0.27,0.8028169014084507,0.9661016949152542,0.6867469879518072,1.0
5,0.21,0.9057471264367816,0.8312236286919831,0.9949494949494949,5.0
