,threshold,f_measure,precision,recall,instrument_idx,num_of_occ
0,0.02,0.15953307392996108,0.11279229711141678,0.2724252491694352,0,301
1,0.29,0.3056234718826406,0.37650602409638556,0.257201646090535,1,486
2,0.13,0.0,0.0,0.0,2,7
3,0.29,0.1614035087719298,0.25274725274725274,0.11855670103092783,3,194
4,0.26,0.0,0.0,0.0,4,3
5,0.29,0.18214285714285713,0.1457142857142857,0.24285714285714285,5,210
6,0.02,0.0,0.0,0.0,6,0
7,0.04,0.014492753623188404,0.1111111111111111,0.007751937984496124,7,129
