,threshold,f_measure,precision,recall,instrument_idx,num_of_occ
0,0.02,0.14856081708449398,0.12048192771084337,0.1937046004842615,0,413
1,0.29,0.23036649214659685,0.30697674418604654,0.18435754189944134,1,716
2,0.13,0.0,0.0,0.0,2,11
3,0.29,0.24685138539042825,0.362962962962963,0.18702290076335878,3,262
4,0.26,0.0,0.0,0.0,4,42
5,0.29,0.27188465499485065,0.26506024096385544,0.27906976744186046,5,474
6,0.02,0.0,0.0,0.0,6,1
7,0.04,0.0,0.0,0.0,7,43
