,threshold,f_measure,precision,recall,instrument_idx,num_of_occ
0,0.02,0.18181818181818182,0.1,1.0,0,1
1,0.29,0.7567567567567568,0.6086956521739131,1.0,1,14
2,0.13,1.0,1.0,1.0,2,1
3,0.29,0.0,0.0,0.0,3,0
4,0.26,0.0,0.0,0.0,4,0
5,0.29,0.3076923076923077,0.18181818181818182,1.0,5,2
6,0.02,0.33333333333333337,1.0,0.2,6,5
7,0.04,0.0,0.0,0.0,7,6
