,threshold,f_measure,precision,recall,instrument_idx,num_of_occ
0,0.02,0.2009273570324575,0.1522248243559719,0.29545454545454547,0,221
1,0.29,0.310580204778157,0.33211678832116787,0.2916666666666667,1,312
2,0.13,0.0,0.0,0.0,2,3
3,0.29,0.0,0.0,0.0,3,2
4,0.26,0.2,0.42857142857142855,0.13043478260869565,4,46
5,0.29,0.3152073732718894,0.30866425992779783,0.3220338983050847,5,532
6,0.02,0.0,0.0,0.0,6,5
7,0.04,0.0,0.0,0.0,7,20
