,threshold,f_measure,precision,recall,instrument_idx,num_of_occ
0,0.02,0.18487394957983191,0.14537444933920704,0.25384615384615383,0,130
1,0.29,0.29763560500695413,0.30140845070422534,0.29395604395604397,1,364
2,0.13,0.0,0.0,0.0,2,0
3,0.29,0.0,0.0,0.0,3,0
4,0.26,0.028985507246376812,0.3333333333333333,0.015151515151515152,4,66
5,0.29,0.3382187147688839,0.3325942350332594,0.3440366972477064,5,436
6,0.02,0.0,0.0,0.0,6,0
7,0.04,0.0,0.0,0.0,7,0
