,threshold,f_measure,precision,recall,instrument_idx,num_of_occ
0,0.02,0.29539951573849876,0.2237163814180929,0.4346793349168646,0,421
1,0.29,0.1889400921658986,0.22162162162162163,0.1646586345381526,1,249
2,0.13,0.0,0.0,0.0,2,43
3,0.29,0.2,0.7692307692307693,0.11494252873563218,3,87
4,0.26,0.0,0.0,0.0,4,79
5,0.29,0.1541501976284585,0.12037037037037036,0.21428571428571427,5,182
6,0.02,0.0,0.0,0.0,6,0
7,0.04,0.0,0.0,0.0,7,3
