,threshold,f_measure,precision,recall,instrument_idx,num_of_occ
0,0.02,0.631578947368421,0.46153846153846156,1.0,0,6
1,0.29,0.7368421052631579,0.875,0.6363636363636364,1,11
2,0.13,0.0,0.0,0.0,2,0
3,0.29,0.0,0.0,0.0,3,0
4,0.26,0.0,0.0,0.0,4,0
5,0.29,0.6666666666666666,0.6666666666666666,0.6666666666666666,5,12
6,0.02,0.0,0.0,0.0,6,0
7,0.04,0.0,0.0,0.0,7,0
