,threshold,f_measure,precision,recall,instrument_idx,num_of_occ
0,0.02,0.5555555555555556,0.4166666666666667,0.8333333333333334,0,12
1,0.29,0.7428571428571429,0.65,0.8666666666666667,1,15
2,0.13,0.0,0.0,0.0,2,0
3,0.29,0.0,0.0,0.0,3,0
4,0.26,0.0,0.0,0.0,4,0
5,0.29,0.5714285714285715,0.5,0.6666666666666666,5,9
6,0.02,0.0,0.0,0.0,6,3
7,0.04,0.0,0.0,0.0,7,0
