,threshold,f_measure,precision,recall,instrument_idx,num_of_occ
0,0.02,0.6585365853658536,0.5,0.9642857142857143,0,29
1,0.29,0.8125,0.9629629629629629,0.7027027027027027,1,37
2,0.13,0.0,0.0,0.0,2,2
3,0.29,0.0,0.0,0.0,3,0
4,0.26,0.0,0.0,0.0,4,0
5,0.29,0.7349397590361447,0.7261904761904762,0.7439024390243902,5,82
6,0.02,0.0,0.0,0.0,6,4
7,0.04,0.0,0.0,0.0,7,5
