,threshold,f_measure,precision,recall,instrument_idx,num_of_occ
0,0.02,0.2877697841726619,0.21978021978021978,0.4166666666666667,0,48
1,0.29,0.36184210526315785,0.4583333333333333,0.29891304347826086,1,184
2,0.13,0.0,0.0,0.0,2,6
3,0.29,0.05,0.07142857142857142,0.038461538461538464,3,52
4,0.26,0.061538461538461535,0.18181818181818182,0.037037037037037035,4,54
5,0.29,0.3076923076923077,0.24113475177304963,0.425,5,80
6,0.02,0.0,0.0,0.0,6,4
7,0.04,0.0,0.0,0.0,7,8
