,threshold,f_measure,precision,recall,instrument_idx,num_of_occ
0,0.02,0.07506702412868632,0.05555555555555555,0.11570247933884298,0,121
1,0.29,0.09174311926605504,0.22727272727272727,0.05747126436781609,1,87
2,0.13,0.0,0.0,0.0,2,1
3,0.29,0.0,0.0,0.0,3,0
4,0.26,0.0,0.0,0.0,4,12
5,0.29,0.4380952380952381,0.43125,0.44516129032258067,5,465
6,0.02,0.0,0.0,0.0,6,0
7,0.04,0.0,0.0,0.0,7,13
