,threshold,f_measure,precision,recall,instrument_idx,num_of_occ
0,0.02,0.5,0.3333333333333333,1.0,0,3
1,0.29,0.7692307692307692,0.75,0.7894736842105263,1,19
2,0.13,0.0,0.0,0.0,2,0
3,0.29,0.0,0.0,0.0,3,0
4,0.26,0.0,0.0,0.0,4,0
5,0.29,0.25,0.14285714285714285,1.0,5,1
6,0.02,0.0,0.0,0.0,6,3
7,0.04,0.0,0.0,0.0,7,5
