,threshold,f_measure,precision,recall,instrument_idx,num_of_occ
0,0.02,0.3541666666666667,0.26153846153846155,0.5483870967741935,0,32
1,0.29,0.4482758620689655,0.5,0.40625,1,32
2,0.13,0.0,0.0,0.0,2,0
3,0.29,0.0,0.0,0.0,3,0
4,0.26,0.0,0.0,0.0,4,8
5,0.29,0.47678018575851394,0.44508670520231214,0.5133333333333333,5,151
6,0.02,0.0,0.0,0.0,6,0
7,0.04,0.0,0.0,0.0,7,0
