,threshold,f_measure,precision,recall,instrument_idx,num_of_occ
0,0.02,0.509090909090909,0.3559322033898305,0.8936170212765957,0,47
1,0.29,0.1904761904761905,0.13793103448275862,0.3076923076923077,1,26
2,0.13,0.0,0.0,0.0,2,0
3,0.29,0.0,0.0,0.0,3,0
4,0.26,0.0,0.0,0.0,4,0
5,0.29,0.0,0.0,0.0,5,0
6,0.02,0.09210526315789473,0.7,0.04929577464788732,6,142
7,0.04,0.0,0.0,0.0,7,0
