,threshold,f_measure,precision,recall,instrument_idx,num_of_occ
0,0.02,0.4347826086956521,0.3153153153153153,0.7,0,51
1,0.29,0.43010752688172044,0.6896551724137931,0.3125,1,64
2,0.13,0.0,0.0,0.0,2,0
3,0.29,0.0,0.0,0.0,3,0
4,0.26,0.0,0.0,0.0,4,1
5,0.29,0.6319702602230484,0.5985915492957746,0.6692913385826772,5,128
6,0.02,0.0,0.0,0.0,6,0
7,0.04,0.0,0.0,0.0,7,0
