,threshold,f_measure,precision,recall,instrument_idx
1,0.27,0.8480413258717175,0.9637964774951077,0.7571099154496541,1.0
3,0.08,0.7974842767295599,0.8637602179836512,0.7406542056074766,3.0
5,0.21,0.8057644110275691,0.7160356347438753,0.9212034383954155,5.0
6,0.08,0.03478260869565218,0.18181818181818182,0.019230769230769232,6.0
7,0.08,0.0972972972972973,0.375,0.055900621118012424,7.0
