,threshold,f_measure,precision,recall,instrument_idx
1,0.27,0.9393939393939394,0.9117647058823529,0.96875,1.0
3,0.08,0.9465648854961831,0.9538461538461539,0.9393939393939394,3.0
5,0.21,0.7978723404255319,0.7894736842105263,0.8064516129032258,5.0
7,0.08,0.25,1.0,0.14285714285714285,7.0
