,threshold,f_measure,precision,recall,instrument_idx,num_of_occ
0,0.02,0.17647058823529413,0.13196480938416422,0.26627218934911245,0,170
1,0.29,0.3162393162393162,0.3217391304347826,0.31092436974789917,1,238
2,0.13,0.0,0.0,0.0,2,11
3,0.29,0.0,0.0,0.0,3,52
4,0.26,0.0,0.0,0.0,4,51
5,0.29,0.1223021582733813,0.09659090909090909,0.16666666666666666,5,204
6,0.02,0.0,0.0,0.0,6,15
7,0.04,0.0,0.0,0.0,7,22
