,threshold,f_measure,precision,recall,instrument_idx,num_of_occ
0,0.02,0.3443708609271523,0.25,0.5531914893617021,0,141
1,0.29,0.39560439560439564,0.45,0.35294117647058826,1,102
2,0.13,0.07142857142857142,0.25,0.041666666666666664,2,24
3,0.29,0.0,0.0,0.0,3,0
4,0.26,0.020833333333333336,0.3333333333333333,0.010752688172043012,4,93
5,0.29,0.36286919831223635,0.44329896907216493,0.30714285714285716,5,140
6,0.02,0.0,0.0,0.0,6,1
7,0.04,0.0,0.0,0.0,7,11
