,threshold,f_measure,precision,recall,instrument_idx,num_of_occ
0,0.02,0.10306406685236767,0.10850439882697947,0.09814323607427056,0,377
1,0.29,0.25626204238920997,0.3970149253731343,0.1891891891891892,1,703
2,0.13,0.0,0.0,0.0,2,17
3,0.29,0.0,0.0,0.0,3,0
4,0.26,0.022813688212927754,0.15789473684210525,0.012295081967213115,4,245
5,0.29,0.27314390467461047,0.2119487908961593,0.38402061855670105,5,389
6,0.02,0.0,0.0,0.0,6,13
7,0.04,0.0,0.0,0.0,7,28
