,threshold,f_measure,precision,recall,instrument_idx,num_of_occ
0,0.02,0.5692307692307692,0.4457831325301205,0.7872340425531915,0,48
1,0.29,0.4857142857142858,0.7391304347826086,0.3617021276595745,1,47
2,0.13,0.0,0.0,0.0,2,3
3,0.29,0.0,0.0,0.0,3,1
4,0.26,0.0625,1.0,0.03225806451612903,4,31
5,0.29,0.7465437788018432,0.6,0.9878048780487805,5,83
6,0.02,0.0,0.0,0.0,6,2
7,0.04,0.3333333333333333,0.3333333333333333,0.3333333333333333,7,3
