,threshold,f_measure,precision,recall,instrument_idx,num_of_occ
0,0.02,0.4979591836734695,0.3719512195121951,0.7530864197530864,0,81
1,0.29,0.4642857142857143,0.6,0.3786407766990291,1,103
2,0.13,0.0,0.0,0.0,2,1
3,0.29,0.0,0.0,0.0,3,0
4,0.26,0.0,0.0,0.0,4,15
5,0.29,0.5206611570247934,0.5294117647058824,0.5121951219512195,5,123
6,0.02,0.0,0.0,0.0,6,0
7,0.04,0.0,0.0,0.0,7,0
