,threshold,f_measure,precision,recall,instrument_idx,num_of_occ
0,0.02,0.4516129032258065,0.2978723404255319,0.9333333333333333,0,15
1,0.29,0.8101265822784809,0.7441860465116279,0.8888888888888888,1,36
2,0.13,0.0,0.0,0.0,2,3
3,0.29,0.26666666666666666,0.6666666666666666,0.16666666666666666,3,36
4,0.26,0.5,0.5,0.5,4,2
5,0.29,0.5762711864406779,0.5483870967741935,0.6071428571428571,5,28
6,0.02,0.23529411764705882,0.15384615384615385,0.5,6,4
7,0.04,0.25,0.2222222222222222,0.2857142857142857,7,7
