,threshold,f_measure,precision,recall,instrument_idx,num_of_occ
0,0.02,0.4240282685512367,0.33519553072625696,0.5769230769230769,0,105
1,0.29,0.4666666666666667,0.5185185185185185,0.42424242424242425,1,33
2,0.13,0.0,0.0,0.0,2,0
3,0.29,0.0,0.0,0.0,3,0
4,0.26,0.0,0.0,0.0,4,5
5,0.29,0.41666666666666663,0.45454545454545453,0.38461538461538464,5,221
6,0.02,0.0,0.0,0.0,6,0
7,0.04,0.0,0.0,0.0,7,0
