,threshold,f_measure,precision,recall,instrument_idx,num_of_occ
0,0.02,0.46067415730337075,0.38317757009345793,0.5774647887323944,0,71
1,0.29,0.3373493975903614,0.6666666666666666,0.22580645161290322,1,124
2,0.13,0.0,0.0,0.0,2,0
3,0.29,0.0,0.0,0.0,3,0
4,0.26,0.0,0.0,0.0,4,10
5,0.29,0.5830258302583026,0.5563380281690141,0.6124031007751938,5,129
6,0.02,0.0,0.0,0.0,6,0
7,0.04,0.0,0.0,0.0,7,0
