,threshold,f_measure,precision,recall,instrument_idx,num_of_occ
0,0.02,0.218077474892396,0.17155756207674944,0.2992125984251969,0,255
1,0.29,0.36038961038961037,0.41729323308270677,0.3171428571428571,1,350
2,0.13,0.0,0.0,0.0,2,20
3,0.29,0.0,0.0,0.0,3,8
4,0.26,0.0,0.0,0.0,4,50
5,0.29,0.26929392446633826,0.24188790560471976,0.3037037037037037,5,270
6,0.02,0.0,0.0,0.0,6,12
7,0.04,0.0,0.0,0.0,7,17
