,threshold,f_measure,precision,recall,instrument_idx
1,0.27,0.8435643564356436,0.9181034482758621,0.7802197802197802,1.0
2,0.13,0.13333333333333333,1.0,0.07142857142857142,2.0
3,0.08,0.7449392712550608,0.8932038834951457,0.6388888888888888,3.0
5,0.21,0.7808,0.6404199475065617,1.0,5.0
7,0.08,0.08695652173913045,0.6666666666666666,0.046511627906976744,7.0
