,threshold,f_measure,precision,recall,instrument_idx,num_of_occ
0,0.02,0.12730318257956447,0.1046831955922865,0.1623931623931624,0,234
1,0.29,0.5484496124031009,0.5473887814313346,0.5495145631067961,1,1031
2,0.13,0.0,0.0,0.0,2,0
3,0.29,0.0,0.0,0.0,3,0
4,0.26,0.0,0.0,0.0,4,0
5,0.29,0.2564102564102564,0.2710843373493976,0.24324324324324326,5,370
6,0.02,0.0,0.0,0.0,6,0
7,0.04,0.0,0.0,0.0,7,0
