,threshold,f_measure,precision,recall,instrument_idx,num_of_occ
0,0.02,0.6363636363636364,0.4827586206896552,0.9333333333333333,0,15
1,0.29,0.8823529411764706,0.8333333333333334,0.9375,1,16
2,0.13,0.0,0.0,0.0,2,2
3,0.29,0.1111111111111111,1.0,0.058823529411764705,3,17
4,0.26,0.0,0.0,0.0,4,0
5,0.29,0.0,0.0,0.0,5,0
6,0.02,0.0,0.0,0.0,6,0
7,0.04,0.0,0.0,0.0,7,4
