,threshold,f_measure,precision,recall,instrument_idx,num_of_occ
0,0.02,0.2929936305732484,0.22549019607843138,0.41818181818181815,0,56
1,0.29,0.3287671232876712,0.3870967741935484,0.2857142857142857,1,42
2,0.13,0.0,0.0,0.0,2,0
3,0.29,0.0,0.0,0.0,3,0
4,0.26,0.0,0.0,0.0,4,9
5,0.29,0.3736263736263737,0.3269230769230769,0.4358974358974359,5,118
6,0.02,0.0,0.0,0.0,6,0
7,0.04,0.0,0.0,0.0,7,0
