,threshold,f_measure,precision,recall,instrument_idx,num_of_occ
0,0.02,0.16369636963696366,0.11820781696854146,0.26609442060085836,0,466
1,0.29,0.35936646641179687,0.32932932932932935,0.3954326923076923,1,832
2,0.13,0.0,0.0,0.0,2,42
3,0.29,0.13432835820895522,0.4883720930232558,0.07787391841779975,3,809
4,0.26,0.0,0.0,0.0,4,27
5,0.29,0.21715526601520085,0.16722408026755853,0.30959752321981426,5,323
6,0.02,0.0,0.0,0.0,6,0
7,0.04,0.037037037037037035,0.06779661016949153,0.025477707006369428,7,157
