,threshold,f_measure,precision,recall,instrument_idx,num_of_occ
0,0.02,0.4086021505376344,0.25675675675675674,1.0,0,19
1,0.29,0.4255319148936171,0.3076923076923077,0.6896551724137931,1,29
2,0.13,0.0,0.0,0.0,2,2
3,0.29,0.0,0.0,0.0,3,2
4,0.26,0.0,0.0,0.0,4,1
5,0.29,0.17391304347826086,0.10909090909090909,0.42857142857142855,5,14
6,0.02,0.2564102564102564,0.5555555555555556,0.16666666666666666,6,30
7,0.04,0.07407407407407408,0.25,0.043478260869565216,7,46
