,threshold,f_measure,precision,recall,instrument_idx,num_of_occ
0,0.02,0.1818181818181818,0.13592233009708737,0.27450980392156865,0,153
1,0.29,0.23448275862068965,0.2490842490842491,0.22149837133550487,1,307
2,0.13,0.0,0.0,0.0,2,15
3,0.29,0.05763688760806916,0.4,0.031055900621118012,3,322
4,0.26,0.0,0.0,0.0,4,3
5,0.29,0.2129436325678497,0.1650485436893204,0.3,5,170
6,0.02,0.0,0.0,0.0,6,1
7,0.04,0.08695652173913043,0.07142857142857142,0.1111111111111111,7,18
