,threshold,f_measure,precision,recall,instrument_idx,num_of_occ
0,0.02,0.16874135546334715,0.1182170542635659,0.2946859903381642,0,207
1,0.29,0.2901155327342747,0.345565749235474,0.25,1,452
2,0.13,0.0,0.0,0.0,2,4
3,0.29,0.10609037328094302,0.6136363636363636,0.05806451612903226,3,465
4,0.26,0.0,0.0,0.0,4,9
5,0.29,0.348302300109529,0.36551724137931035,0.33263598326359833,5,479
6,0.02,0.0,0.0,0.0,6,1
7,0.04,0.04166666666666667,0.3333333333333333,0.022222222222222223,7,45
