,threshold,f_measure,precision,recall,instrument_idx,num_of_occ
0,0.02,0.6503067484662577,0.49074074074074076,0.9636363636363636,0,56
1,0.29,0.7643312101910827,0.7058823529411765,0.8333333333333334,1,72
2,0.13,0.0,0.0,0.0,2,4
3,0.29,0.42168674698795183,0.8333333333333334,0.28225806451612906,3,125
4,0.26,0.0,0.0,0.0,4,0
5,0.29,0.0,0.0,0.0,5,0
6,0.02,0.0,0.0,0.0,6,0
7,0.04,0.0,0.0,0.0,7,0
