,threshold,f_measure,precision,recall,instrument_idx
1,0.27,0.9473684210526316,0.9,1.0,1.0
5,0.21,0.8732394366197183,0.96875,0.7948717948717948,5.0
