,threshold,f_measure,precision,recall,instrument_idx,num_of_occ
0,0.02,0.6666666666666666,0.5,1.0,0,11
1,0.29,0.8205128205128205,0.8888888888888888,0.7619047619047619,1,42
2,0.13,0.0,0.0,0.0,2,0
3,0.29,0.0,0.0,0.0,3,0
4,0.26,0.0,0.0,0.0,4,1
5,0.29,0.7848101265822786,0.7380952380952381,0.8378378378378378,5,38
6,0.02,0.0,0.0,0.0,6,0
7,0.04,0.0,0.0,0.0,7,0
