,threshold,f_measure,precision,recall,instrument_idx,num_of_occ
0,0.02,0.12316715542521996,0.09292035398230089,0.1826086956521739,0,230
1,0.29,0.568874868559411,0.5977900552486188,0.5426278836509528,1,998
2,0.13,0.0,0.0,0.0,2,0
3,0.29,0.0,0.0,0.0,3,0
4,0.26,0.0,0.0,0.0,4,1
5,0.29,0.16766467065868265,0.15730337078651685,0.1794871794871795,5,78
6,0.02,0.0,0.0,0.0,6,0
7,0.04,0.0,0.0,0.0,7,0
