,threshold,f_measure,precision,recall,instrument_idx,num_of_occ
0,0.02,0.18022747156605426,0.13121019108280255,0.2877094972067039,0,358
1,0.29,0.1927710843373494,0.19834710743801653,0.1875,1,256
2,0.13,0.08695652173913045,0.6666666666666666,0.046511627906976744,2,43
3,0.29,0.08391608391608392,0.17391304347826086,0.055299539170506916,3,217
4,0.26,0.22222222222222224,0.425,0.1504424778761062,4,113
5,0.29,0.17073170731707318,0.10566037735849057,0.4444444444444444,5,64
6,0.02,0.03278688524590165,0.025,0.047619047619047616,6,21
7,0.04,0.1,0.25,0.0625,7,32
