,threshold,f_measure,precision,recall,instrument_idx,num_of_occ
0,0.02,0.564885496183206,0.43529411764705883,0.8043478260869565,0,47
1,0.29,0.4695652173913043,0.5510204081632653,0.4090909090909091,1,66
2,0.13,0.0,0.0,0.0,2,0
3,0.29,0.0,0.0,0.0,3,0
4,0.26,0.0,0.0,0.0,4,1
5,0.29,0.5818181818181818,0.5405405405405406,0.6299212598425197,5,128
6,0.02,0.0,0.0,0.0,6,0
7,0.04,0.0,0.0,0.0,7,2
