,threshold,f_measure,precision,recall,instrument_idx,num_of_occ
0,0.02,0.21132596685082872,0.15254237288135594,0.3438202247191011,0,445
1,0.29,0.30010070493454183,0.4116022099447514,0.23613312202852615,1,631
2,0.13,0.0,0.0,0.0,2,5
3,0.29,0.21573604060913704,0.35269709543568467,0.15539305301645337,3,547
4,0.26,0.0,0.0,0.0,4,5
5,0.29,0.2140221402214022,0.1864951768488746,0.2510822510822511,5,462
6,0.02,0.0,0.0,0.0,6,4
7,0.04,0.0,0.0,0.0,7,38
