,threshold,f_measure,precision,recall,instrument_idx
1,0.27,0.956043956043956,0.9354838709677419,0.9775280898876404,1.0
2,0.13,0.25,1.0,0.14285714285714285,2.0
3,0.08,0.611764705882353,0.4406779661016949,1.0,3.0
4,0.25,0.21476510067114093,0.8,0.12403100775193798,4.0
5,0.21,0.7447698744769875,0.615916955017301,0.9417989417989417,5.0
6,0.08,0.33333333333333337,1.0,0.2,6.0
