,threshold,f_measure,precision,recall,instrument_idx,num_of_occ
0,0.02,0.2456718878812861,0.1808252427184466,0.38303341902313626,0,389
1,0.29,0.21992238033635186,0.21518987341772153,0.22486772486772486,1,378
2,0.13,0.0,0.0,0.0,2,10
3,0.29,0.0,0.0,0.0,3,137
4,0.26,0.0,0.0,0.0,4,93
5,0.29,0.018867924528301886,0.011627906976744186,0.05,5,60
6,0.02,0.0,0.0,0.0,6,0
7,0.04,0.0,0.0,0.0,7,40
