,threshold,f_measure,precision,recall,instrument_idx,num_of_occ
0,0.02,0.5357142857142857,0.43478260869565216,0.6976744186046512,0,43
1,0.29,0.582010582010582,0.5670103092783505,0.5978260869565217,1,92
2,0.13,0.0,0.0,0.0,2,2
3,0.29,0.0,0.0,0.0,3,1
4,0.26,0.0,0.0,0.0,4,17
5,0.29,0.592274678111588,0.5564516129032258,0.6330275229357798,5,109
6,0.02,0.0,0.0,0.0,6,0
7,0.04,0.0,0.0,0.0,7,0
