,threshold,f_measure,precision,recall,instrument_idx,num_of_occ
0,0.02,0.08095238095238094,0.07142857142857142,0.09340659340659341,0,182
1,0.29,0.26046511627906976,0.3848797250859107,0.1968365553602812,1,569
2,0.13,0.11764705882352941,1.0,0.0625,2,16
3,0.29,0.0,0.0,0.0,3,0
4,0.26,0.0,0.0,0.0,4,145
5,0.29,0.4110141034251175,0.37824474660074164,0.45,5,680
6,0.02,0.0,0.0,0.0,6,12
7,0.04,0.0,0.0,0.0,7,27
