,threshold,f_measure,precision,recall,instrument_idx,num_of_occ
0,0.02,0.2055045871559633,0.16045845272206305,0.2857142857142857,0,392
1,0.29,0.22325581395348837,0.2823529411764706,0.18461538461538463,1,520
2,0.13,0.0,0.0,0.0,2,27
3,0.29,0.07782101167315175,0.14285714285714285,0.053475935828877004,3,187
4,0.26,0.030769230769230767,0.25,0.01639344262295082,4,61
5,0.29,0.3158974358974359,0.3025540275049116,0.33047210300429186,5,466
6,0.02,0.0,0.0,0.0,6,8
7,0.04,0.0,0.0,0.0,7,15
