,threshold,f_measure,precision,recall,instrument_idx,num_of_occ
0,0.02,0.15999999999999998,0.12861736334405144,0.21164021164021163,0,189
1,0.29,0.27188940092165903,0.30256410256410254,0.24686192468619247,1,478
2,0.13,0.0,0.0,0.0,2,1
3,0.29,0.22222222222222218,0.6,0.13636363636363635,3,66
4,0.26,0.0,0.0,0.0,4,1
5,0.29,0.3168539325842697,0.2842741935483871,0.35786802030456855,5,394
6,0.02,0.0,0.0,0.0,6,0
7,0.04,0.0,0.0,0.0,7,0
