,threshold,f_measure,precision,recall,instrument_idx,num_of_occ
0,0.02,0.2688172043010753,0.1875,0.47468354430379744,0,158
1,0.29,0.28260869565217395,0.35135135135135137,0.23636363636363636,1,275
2,0.13,0.0,0.0,0.0,2,6
3,0.29,0.18912529550827423,0.5970149253731343,0.11235955056179775,3,356
4,0.26,0.28571428571428575,0.25,0.3333333333333333,4,3
5,0.29,0.28776978417266186,0.2702702702702703,0.3076923076923077,5,195
6,0.02,0.0,0.0,0.0,6,8
7,0.04,0.0,0.0,0.0,7,4
