,threshold,f_measure,precision,recall,instrument_idx,num_of_occ
0,0.02,0.6434782608695652,0.49333333333333335,0.925,0,40
1,0.29,0.6524822695035462,0.8518518518518519,0.5287356321839081,1,87
2,0.13,0.0,0.0,0.0,2,0
3,0.29,0.0,0.0,0.0,3,0
4,0.26,0.0,0.0,0.0,4,0
5,0.29,0.725925925925926,0.7,0.7538461538461538,5,66
6,0.02,0.0,0.0,0.0,6,0
7,0.04,0.0,0.0,0.0,7,0
