,threshold,f_measure,precision,recall,instrument_idx,num_of_occ
0,0.02,0.5217391304347826,0.3620689655172414,0.9333333333333333,0,46
1,0.29,0.5897435897435898,0.6764705882352942,0.5227272727272727,1,44
2,0.13,0.0,0.0,0.0,2,0
3,0.29,0.0,0.0,0.0,3,0
4,0.26,0.4166666666666667,1.0,0.2631578947368421,4,19
5,0.29,0.7234042553191489,0.6845637583892618,0.7669172932330827,5,133
6,0.02,0.0,0.0,0.0,6,0
7,0.04,0.0,0.0,0.0,7,1
