,threshold,f_measure,precision,recall,instrument_idx,num_of_occ
0,0.02,0.18075313807531382,0.18964003511852504,0.17266187050359713,0,1252
1,0.29,0.3419267299864314,0.35097493036211697,0.3333333333333333,1,1134
2,0.13,0.0,0.0,0.0,2,38
3,0.29,0.20813623462630088,0.30726256983240224,0.15736766809728184,3,700
4,0.26,0.0,0.0,0.0,4,44
5,0.29,0.27262569832402234,0.24182358771060455,0.31241997439180536,5,781
6,0.02,0.0365296803652968,0.03333333333333333,0.04040404040404041,6,99
7,0.04,0.05208333333333333,0.07936507936507936,0.03875968992248062,7,129
