,threshold,f_measure,precision,recall,instrument_idx,num_of_occ
0,0.02,0.16346153846153846,0.12454212454212454,0.23776223776223776,0,143
1,0.29,0.2575452716297787,0.2857142857142857,0.23443223443223443,1,273
2,0.13,0.0,0.0,0.0,2,14
3,0.29,0.2694300518134715,0.5306122448979592,0.18055555555555555,3,144
4,0.26,0.0,0.0,0.0,4,9
5,0.29,0.4853700516351119,0.41839762611275966,0.5778688524590164,5,244
6,0.02,0.0,0.0,0.0,6,0
7,0.04,0.0,0.0,0.0,7,43
