,threshold,f_measure,precision,recall,instrument_idx,num_of_occ
0,0.02,0.1928251121076233,0.14930555555555555,0.2721518987341772,0,158
1,0.29,0.26392961876832843,0.28662420382165604,0.24456521739130435,1,184
2,0.13,0.0,0.0,0.0,2,6
3,0.29,0.022099447513812154,0.6666666666666666,0.011235955056179775,3,178
4,0.26,0.0,0.0,0.0,4,2
5,0.29,0.3378212974296206,0.304635761589404,0.3791208791208791,5,364
6,0.02,0.0,0.0,0.0,6,0
7,0.04,0.04545454545454545,1.0,0.023255813953488372,7,43
