,threshold,f_measure,precision,recall,instrument_idx,num_of_occ
0,0.02,0.6881720430107526,0.5245901639344263,1.0,0,32
1,0.29,0.8205128205128205,0.8888888888888888,0.7619047619047619,1,84
2,0.13,0.0,0.0,0.0,2,0
3,0.29,0.0,0.0,0.0,3,0
4,0.26,0.0,0.0,0.0,4,12
5,0.29,0.7632850241545893,0.7452830188679245,0.7821782178217822,5,101
6,0.02,0.0,0.0,0.0,6,0
7,0.04,0.0,0.0,0.0,7,0
