,threshold,f_measure,precision,recall,instrument_idx,num_of_occ
0,0.02,0.6153846153846154,0.4827586206896552,0.8484848484848485,0,34
1,0.29,0.5789473684210527,0.55,0.6111111111111112,1,18
2,0.13,0.0,0.0,0.0,2,2
3,0.29,0.0,0.0,0.0,3,0
4,0.26,0.0,0.0,0.0,4,0
5,0.29,0.6137184115523465,0.7024793388429752,0.5448717948717948,5,156
6,0.02,0.0,0.0,0.0,6,2
7,0.04,0.0,0.0,0.0,7,3
