,threshold,f_measure,precision,recall,instrument_idx,num_of_occ
0,0.02,0.5405405405405406,0.379746835443038,0.9375,0,32
1,0.29,0.8780487804878049,0.8780487804878049,0.8780487804878049,1,41
2,0.13,0.0,0.0,0.0,2,2
3,0.29,0.3333333333333333,0.25,0.5,3,2
4,0.26,0.0,0.0,0.0,4,6
5,0.29,0.6000000000000002,0.56,0.6461538461538462,5,65
6,0.02,0.0,0.0,0.0,6,6
7,0.04,0.4,0.6666666666666666,0.2857142857142857,7,7
