,threshold,f_measure,precision,recall,instrument_idx,num_of_occ
0,0.02,0.49246231155778897,0.3769230769230769,0.7101449275362319,0,69
1,0.29,0.4657534246575342,0.4722222222222222,0.4594594594594595,1,74
2,0.13,0.0,0.0,0.0,2,2
3,0.29,0.22891566265060243,0.8636363636363636,0.13194444444444445,3,145
4,0.26,0.0,0.0,0.0,4,1
5,0.29,0.17204301075268816,0.11940298507462686,0.3076923076923077,5,26
6,0.02,0.0,0.0,0.0,6,0
7,0.04,0.0,0.0,0.0,7,2
