,threshold,f_measure,precision,recall,instrument_idx,num_of_occ
0,0.02,0.19047619047619047,0.14678899082568808,0.2711864406779661,0,295
1,0.29,0.1527777777777778,0.1506849315068493,0.15492957746478872,1,71
2,0.13,0.0,0.0,0.0,2,7
3,0.29,0.0,0.0,0.0,3,17
4,0.26,0.018691588785046728,0.25,0.009708737864077669,4,103
5,0.29,0.1934306569343066,0.14560439560439561,0.28804347826086957,5,184
6,0.02,0.0,0.0,0.0,6,0
7,0.04,0.0,0.0,0.0,7,0
