,threshold,f_measure,precision,recall,instrument_idx,num_of_occ
0,0.02,0.33333333333333337,0.248,0.5081967213114754,0,184
1,0.29,0.22591362126245845,0.3238095238095238,0.17346938775510204,1,196
2,0.13,0.0,0.0,0.0,2,5
3,0.29,0.2727272727272727,0.5421686746987951,0.18218623481781376,3,248
4,0.26,0.25,0.2,0.3333333333333333,4,3
5,0.29,0.25362318840579706,0.25735294117647056,0.25,5,140
6,0.02,0.0,0.0,0.0,6,0
7,0.04,0.0,0.0,0.0,7,8
