,threshold,f_measure,precision,recall,instrument_idx,num_of_occ
0,0.02,0.2323943661971831,0.18032786885245902,0.32673267326732675,0,101
1,0.29,0.5340909090909091,0.5222222222222223,0.5465116279069767,1,86
2,0.13,0.11764705882352941,1.0,0.0625,2,16
3,0.29,0.0,0.0,0.0,3,1
4,0.26,0.0,0.0,0.0,4,10
5,0.29,0.4458281444582814,0.4904109589041096,0.408675799086758,5,438
6,0.02,0.0,0.0,0.0,6,6
7,0.04,0.0,0.0,0.0,7,25
