,threshold,f_measure,precision,recall,instrument_idx,num_of_occ
0,0.02,0.673469387755102,0.5076923076923077,1.0,0,33
1,0.29,0.7272727272727274,0.9523809523809523,0.5882352941176471,1,34
2,0.13,0.0,0.0,0.0,2,0
3,0.29,0.0,0.0,0.0,3,0
4,0.26,0.0,0.0,0.0,4,4
5,0.29,0.7343749999999999,0.8103448275862069,0.6714285714285714,5,70
6,0.02,0.0,0.0,0.0,6,0
7,0.04,0.0,0.0,0.0,7,0
