,threshold,f_measure,precision,recall,instrument_idx,num_of_occ
0,0.02,0.5185185185185185,0.39436619718309857,0.7567567567567568,0,38
1,0.29,0.6138613861386139,0.6078431372549019,0.62,1,50
2,0.13,0.0,0.0,0.0,2,5
3,0.29,0.2105263157894737,0.8,0.12121212121212122,3,66
4,0.26,0.0,0.0,0.0,4,0
5,0.29,0.0,0.0,0.0,5,0
6,0.02,0.0,0.0,0.0,6,1
7,0.04,0.0,0.0,0.0,7,1
