,threshold,f_measure,precision,recall,instrument_idx,num_of_occ
0,0.02,0.25239005736137665,0.18739352640545145,0.3864168618266979,0,854
1,0.29,0.3443429374560787,0.5314533622559653,0.25467775467775466,1,962
2,0.13,0.0,0.0,0.0,2,6
3,0.29,0.27789473684210525,0.4342105263157895,0.2043343653250774,3,646
4,0.26,0.0,0.0,0.0,4,76
5,0.29,0.42000000000000004,0.3802228412256267,0.4690721649484536,5,582
6,0.02,0.0,0.0,0.0,6,1
7,0.04,0.0,0.0,0.0,7,38
