,threshold,f_measure,precision,recall,instrument_idx,num_of_occ
0,0.02,0.5454545454545455,0.45,0.6923076923076923,0,53
1,0.29,0.5263157894736842,0.6944444444444444,0.423728813559322,1,118
2,0.13,0.4,1.0,0.25,2,4
3,0.29,0.0,0.0,0.0,3,0
4,0.26,0.0588235294117647,0.2,0.034482758620689655,4,29
5,0.29,0.5027932960893854,0.46875,0.5421686746987951,5,83
6,0.02,0.0,0.0,0.0,6,0
7,0.04,0.0,0.0,0.0,7,0
