,threshold,f_measure,precision,recall,instrument_idx,num_of_occ
0,0.02,0.19999999999999998,0.15425531914893617,0.28431372549019607,0,103
1,0.29,0.3209876543209877,0.3170731707317073,0.325,1,40
2,0.13,0.0,0.0,0.0,2,10
3,0.29,0.12781954887218044,0.4722222222222222,0.07391304347826087,3,230
4,0.26,0.0,0.0,0.0,4,0
5,0.29,0.21463414634146344,0.16666666666666666,0.3013698630136986,5,73
6,0.02,0.0,0.0,0.0,6,0
7,0.04,0.052631578947368425,0.2,0.030303030303030304,7,33
