,threshold,f_measure,precision,recall,instrument_idx,num_of_occ
0,0.02,0.19883040935672516,0.1452991452991453,0.3148148148148148,0,54
1,0.29,0.5588235294117647,0.5846153846153846,0.5352112676056338,1,71
2,0.13,0.125,0.25,0.08333333333333333,2,12
3,0.29,0.1875,0.45454545454545453,0.11811023622047244,3,127
4,0.26,0.0,0.0,0.0,4,3
5,0.29,0.41747572815533973,0.3944954128440367,0.44329896907216493,5,97
6,0.02,0.13333333333333333,0.08333333333333333,0.3333333333333333,6,3
7,0.04,0.0,0.0,0.0,7,7
