,threshold,f_measure,precision,recall,instrument_idx,num_of_occ
0,0.02,0.6187845303867403,0.4666666666666667,0.9180327868852459,0,61
1,0.29,0.6440677966101694,0.6551724137931034,0.6333333333333333,1,30
2,0.13,0.0,0.0,0.0,2,1
3,0.29,0.0,0.0,0.0,3,0
4,0.26,0.5,1.0,0.3333333333333333,4,12
5,0.29,0.7580645161290324,0.6911764705882353,0.8392857142857143,5,56
6,0.02,0.0,0.0,0.0,6,0
7,0.04,0.0,0.0,0.0,7,0
