,threshold,f_measure,precision,recall,instrument_idx,num_of_occ
0,0.02,0.21026407573492775,0.19981060606060605,0.22187171398527866,0,952
1,0.29,0.36682755594559013,0.4274028629856851,0.3212913143735588,1,1301
2,0.13,0.0,0.0,0.0,2,34
3,0.29,0.1979835013748854,0.4595744680851064,0.1261682242990654,3,856
4,0.26,0.0,0.0,0.0,4,3
5,0.29,0.24147727272727273,0.23943661971830985,0.24355300859598855,5,698
6,0.02,0.033057851239669415,0.028985507246376812,0.038461538461538464,6,104
7,0.04,0.05343511450381679,0.06930693069306931,0.043478260869565216,7,161
