,threshold,f_measure,precision,recall,instrument_idx,num_of_occ
0,0.02,0.13964497041420118,0.10296684118673648,0.21691176470588236,0,273
1,0.29,0.27424749163879597,0.32669322709163345,0.23631123919308358,1,347
2,0.13,0.0,0.0,0.0,2,13
3,0.29,0.0,0.0,0.0,3,1
4,0.26,0.035398230088495575,0.10526315789473684,0.02127659574468085,4,94
5,0.29,0.21846153846153848,0.18635170603674542,0.26394052044609667,5,269
6,0.02,0.0,0.0,0.0,6,16
7,0.04,0.0,0.0,0.0,7,26
