,threshold,f_measure,precision,recall,instrument_idx,num_of_occ
0,0.02,0.5296803652968037,0.4142857142857143,0.7341772151898734,0,80
1,0.29,0.5970149253731343,0.5714285714285714,0.625,1,32
2,0.13,0.0,0.0,0.0,2,1
3,0.29,0.0,0.0,0.0,3,0
4,0.26,0.09523809523809523,1.0,0.05,4,20
5,0.29,0.4793388429752066,0.47540983606557374,0.48333333333333334,5,121
6,0.02,0.0,0.0,0.0,6,0
7,0.04,0.0,0.0,0.0,7,0
