,threshold,f_measure,precision,recall,instrument_idx,num_of_occ
0,0.02,0.3604651162790698,0.2818181818181818,0.5,0,124
1,0.29,0.5025125628140702,0.5181347150259067,0.4878048780487805,1,205
2,0.13,0.0,0.0,0.0,2,16
3,0.29,0.0,0.0,0.0,3,5
4,0.26,0.0923076923076923,0.75,0.04918032786885246,4,61
5,0.29,0.24444444444444446,0.19130434782608696,0.3384615384615385,5,65
6,0.02,0.0,0.0,0.0,6,0
7,0.04,0.0,0.0,0.0,7,1
