,threshold,f_measure,precision,recall,instrument_idx,num_of_occ
0,0.02,0.0,0.0,0.0,0,1
1,0.29,1.0,1.0,1.0,1,2
2,0.13,0.0,0.0,0.0,2,0
3,0.29,0.5142857142857142,1.0,0.34615384615384615,3,26
4,0.26,0.0,0.0,0.0,4,0
5,0.29,0.0,0.0,0.0,5,0
6,0.02,0.0,0.0,0.0,6,0
7,0.04,0.0,0.0,0.0,7,0
