,threshold,f_measure,precision,recall,instrument_idx,num_of_occ
0,0.02,0.24070796460176988,0.18888888888888888,0.33170731707317075,0,206
1,0.29,0.30952380952380953,0.3443708609271523,0.2810810810810811,1,185
2,0.13,0.0,0.0,0.0,2,55
3,0.29,0.0,0.0,0.0,3,100
4,0.26,0.0,0.0,0.0,4,9
5,0.29,0.3369330453563715,0.33476394849785407,0.3391304347826087,5,231
6,0.02,0.0,0.0,0.0,6,0
7,0.04,0.0,0.0,0.0,7,2
