,threshold,f_measure,precision,recall,instrument_idx,num_of_occ
0,0.02,0.8484848484848484,0.7368421052631579,1.0,0,14
1,0.29,0.9333333333333333,1.0,0.875,1,8
2,0.13,0.0,0.0,0.0,2,2
3,0.29,0.0,0.0,0.0,3,0
4,0.26,0.6666666666666666,1.0,0.5,4,2
5,0.29,0.9047619047619048,0.8636363636363636,0.95,5,40
6,0.02,0.0,0.0,0.0,6,0
7,0.04,0.0,0.0,0.0,7,0
