,threshold,f_measure,precision,recall,instrument_idx,num_of_occ
0,0.02,0.5666666666666667,0.3953488372093023,1.0,0,34
1,0.29,0.9428571428571428,0.9428571428571428,0.9428571428571428,1,35
2,0.13,0.0,0.0,0.0,2,0
3,0.29,0.5238095238095237,0.9428571428571428,0.3626373626373626,3,91
4,0.26,0.0,0.0,0.0,4,0
5,0.29,0.0,0.0,0.0,5,0
6,0.02,0.0,0.0,0.0,6,0
7,0.04,0.6666666666666666,0.5,1.0,7,1
