,threshold,f_measure,precision,recall,instrument_idx,num_of_occ
0,0.02,0.1915151515151515,0.14107142857142857,0.2981132075471698,0,265
1,0.29,0.33786407766990295,0.42028985507246375,0.2824675324675325,1,308
2,0.13,0.0,0.0,0.0,2,39
3,0.29,0.0,0.0,0.0,3,22
4,0.26,0.10629921259842519,0.5094339622641509,0.05934065934065934,4,455
5,0.29,0.03937007874015748,0.0228310502283105,0.14285714285714285,5,35
6,0.02,0.03508771929824561,0.018867924528301886,0.25,6,8
7,0.04,0.03278688524590164,0.022727272727272728,0.058823529411764705,7,17
