,threshold,f_measure,precision,recall,instrument_idx,num_of_occ
0,0.02,0.40259740259740256,0.3333333333333333,0.5081967213114754,0,62
1,0.29,0.5401459854014597,0.5606060606060606,0.5211267605633803,1,72
2,0.13,0.0,0.0,0.0,2,0
3,0.29,0.0,0.0,0.0,3,0
4,0.26,0.0,0.0,0.0,4,0
5,0.29,0.481651376146789,0.4605263157894737,0.5048076923076923,5,209
6,0.02,0.0,0.0,0.0,6,0
7,0.04,0.0,0.0,0.0,7,0
