,threshold,f_measure,precision,recall,instrument_idx,num_of_occ
0,0.02,0.26802374893977954,0.20127388535031848,0.4010152284263959,0,394
1,0.29,0.22580645161290325,0.21671826625386997,0.2356902356902357,1,297
2,0.13,0.0,0.0,0.0,2,18
3,0.29,0.10457516339869281,0.27586206896551724,0.06451612903225806,3,124
4,0.26,0.0,0.0,0.0,4,63
5,0.29,0.6599664991624791,0.6649789029535865,0.6550290939318371,5,1203
6,0.02,0.0,0.0,0.0,6,1
7,0.04,0.0,0.0,0.0,7,26
