,threshold,f_measure,precision,recall,instrument_idx,num_of_occ
0,0.02,0.24720893141945777,0.20421607378129117,0.31313131313131315,0,496
1,0.29,0.32118591723285983,0.38179148311306904,0.2771855010660981,1,938
2,0.13,0.0,0.0,0.0,2,65
3,0.29,0.08917197452229299,0.35,0.051094890510948905,3,274
4,0.26,0.07017543859649122,0.3333333333333333,0.0392156862745098,4,51
5,0.29,0.26129032258064516,0.24434389140271492,0.2807625649913345,5,577
6,0.02,0.037037037037037035,0.030303030303030304,0.047619047619047616,6,21
7,0.04,0.0,0.0,0.0,7,19
