,threshold,f_measure,precision,recall,instrument_idx,num_of_occ
0,0.02,0.1986455981941309,0.18410041841004185,0.21568627450980393,0,205
1,0.29,0.14254859611231102,0.2619047619047619,0.09792284866468842,1,337
2,0.13,0.0,0.0,0.0,2,9
3,0.29,0.0,0.0,0.0,3,0
4,0.26,0.0,0.0,0.0,4,44
5,0.29,0.2658227848101266,0.26649746192893403,0.26515151515151514,5,397
6,0.02,0.0,0.0,0.0,6,4
7,0.04,0.0,0.0,0.0,7,4
