,threshold,f_measure,precision,recall,instrument_idx,num_of_occ
0,0.02,0.0,0.0,0.0,0,0
1,0.29,0.875,0.875,0.875,1,8
2,0.13,0.0,0.0,0.0,2,1
3,0.29,0.0,0.0,0.0,3,0
4,0.26,0.8,1.0,0.6666666666666666,4,3
5,0.29,0.7926829268292682,0.7558139534883721,0.8333333333333334,5,79
6,0.02,0.0,0.0,0.0,6,1
7,0.04,0.0,0.0,0.0,7,1
