,threshold,f_measure,precision,recall,instrument_idx,num_of_occ
0,0.02,0.12804097311139565,0.091324200913242,0.21413276231263384,0,467
1,0.29,0.1767180925666199,0.12962962962962962,0.2775330396475771,1,227
2,0.13,0.0,0.0,0.0,2,17
3,0.29,0.17421602787456444,0.6578947368421053,0.10040160642570281,3,249
4,0.26,0.0,0.0,0.0,4,0
5,0.29,0.17837837837837836,0.1376912378303199,0.2531969309462916,5,391
6,0.02,0.0,0.0,0.0,6,0
7,0.04,0.0,0.0,0.0,7,245
