,threshold,f_measure,precision,recall,instrument_idx,num_of_occ
0,0.02,0.23298429319371733,0.16350275566442132,0.40515933232169954,0,659
1,0.29,0.32315270935960594,0.31875607385811466,0.3276723276723277,1,1001
2,0.13,0.0,0.0,0.0,2,22
3,0.29,0.06,0.5,0.031914893617021274,3,94
4,0.26,0.0,0.0,0.0,4,32
5,0.29,0.3597612958226769,0.36006825938566556,0.3594548551959114,5,1175
6,0.02,0.0,0.0,0.0,6,0
7,0.04,0.010427528675703858,0.18518518518518517,0.00536480686695279,7,932
