,threshold,f_measure,precision,recall,instrument_idx,num_of_occ
0,0.02,0.14309484193011648,0.11528150134048257,0.18859649122807018,0,228
1,0.29,0.1938534278959811,0.21465968586387435,0.17672413793103448,1,233
2,0.13,0.0,0.0,0.0,2,1
3,0.29,0.0,0.0,0.0,3,94
4,0.26,0.0,0.0,0.0,4,3
5,0.29,0.43855109961190164,0.41341463414634144,0.4669421487603306,5,726
6,0.02,0.0,0.0,0.0,6,1
7,0.04,0.0,0.0,0.0,7,44
