,threshold,f_measure,precision,recall,instrument_idx,num_of_occ
0,0.02,0.30678466076696165,0.2175732217573222,0.52,0,100
1,0.29,0.5194029850746268,0.5240963855421686,0.514792899408284,1,169
2,0.13,0.0,0.0,0.0,2,10
3,0.29,0.13725490196078433,0.19444444444444445,0.10606060606060606,3,66
4,0.26,0.28571428571428575,0.5,0.2,4,15
5,0.29,0.3975903614457832,0.2661290322580645,0.7857142857142857,5,42
6,0.02,0.17543859649122806,0.17857142857142858,0.1724137931034483,6,29
7,0.04,0.04,0.08333333333333333,0.02631578947368421,7,38
