,threshold,f_measure,precision,recall,instrument_idx,num_of_occ
0,0.02,0.2553191489361702,0.19117647058823528,0.3842364532019704,0,203
1,0.29,0.2081447963800905,0.3087248322147651,0.15699658703071673,1,293
2,0.13,0.0,0.0,0.0,2,6
3,0.29,0.03463203463203463,0.0975609756097561,0.021052631578947368,3,190
4,0.26,0.14285714285714288,1.0,0.07692307692307693,4,13
5,0.29,0.33830845771144274,0.37362637362637363,0.3090909090909091,5,220
6,0.02,0.016666666666666666,0.008695652173913044,0.2,6,5
7,0.04,0.0,0.0,0.0,7,13
