,threshold,f_measure,precision,recall,instrument_idx,num_of_occ
0,0.02,0.18461538461538463,0.1016949152542373,1.0,0,6
1,0.29,0.0,0.0,0.0,1,0
2,0.13,0.0,0.0,0.0,2,0
3,0.29,0.30952380952380953,0.325,0.29545454545454547,3,88
4,0.26,0.0,0.0,0.0,4,1
5,0.29,0.0,0.0,0.0,5,0
6,0.02,0.125,0.3333333333333333,0.07692307692307693,6,13
7,0.04,0.09195402298850576,0.8,0.04878048780487805,7,82
