,threshold,f_measure,precision,recall,instrument_idx,num_of_occ
0,0.02,0.13528336380255943,0.12171052631578948,0.1522633744855967,0,487
1,0.29,0.24026512013256004,0.3111587982832618,0.19568151147098514,1,741
2,0.13,0.0,0.0,0.0,2,22
3,0.29,0.2764976958525346,0.5454545454545454,0.18518518518518517,3,162
4,0.26,0.0,0.0,0.0,4,46
5,0.29,0.338691159586682,0.3281423804226919,0.3499406880189798,5,843
6,0.02,0.05128205128205128,0.045454545454545456,0.058823529411764705,6,17
7,0.04,0.0,0.0,0.0,7,14
