,threshold,f_measure,precision,recall,instrument_idx,num_of_occ
0,0.02,0.20271348762968877,0.18759231905465287,0.2204861111111111,0,576
1,0.29,0.2038834951456311,0.3115727002967359,0.15151515151515152,1,693
2,0.13,0.0,0.0,0.0,2,33
3,0.29,0.19809523809523807,0.4482758620689655,0.1271393643031785,3,409
4,0.26,0.045454545454545456,0.07692307692307693,0.03225806451612903,4,31
5,0.29,0.23801652892561984,0.22535211267605634,0.2521891418563923,5,571
6,0.02,0.0689655172413793,0.075,0.06382978723404255,6,47
7,0.04,0.0,0.0,0.0,7,54
