,threshold,f_measure,precision,recall,instrument_idx,num_of_occ
0,0.02,0.474820143884892,0.358695652173913,0.7021276595744681,0,47
1,0.29,0.59375,0.59375,0.59375,1,32
2,0.13,0.0,0.0,0.0,2,0
3,0.29,0.0,0.0,0.0,3,0
4,0.26,0.0,0.0,0.0,4,0
5,0.29,0.6367041198501873,0.6071428571428571,0.6692913385826772,5,128
6,0.02,0.0,0.0,0.0,6,0
7,0.04,0.0,0.0,0.0,7,0
