,threshold,f_measure,precision,recall,instrument_idx,num_of_occ
0,0.02,0.15873015873015872,0.11627906976744186,0.25,0,120
1,0.29,0.1423728813559322,0.21649484536082475,0.10606060606060606,1,198
2,0.13,0.0,0.0,0.0,2,0
3,0.29,0.0,0.0,0.0,3,0
4,0.26,0.0,0.0,0.0,4,30
5,0.29,0.5022522522522521,0.48060344827586204,0.5259433962264151,5,424
6,0.02,0.0,0.0,0.0,6,0
7,0.04,0.0,0.0,0.0,7,0
