,threshold,f_measure,precision,recall,instrument_idx,num_of_occ
0,0.02,0.5652173913043479,0.4,0.9629629629629629,0,27
1,0.29,0.5964912280701754,0.85,0.4594594594594595,1,38
2,0.13,0.6666666666666666,1.0,0.5,2,2
3,0.29,0.5185185185185185,1.0,0.35,3,20
4,0.26,0.0,0.0,0.0,4,0
5,0.29,0.0,0.0,0.0,5,0
6,0.02,0.0,0.0,0.0,6,0
7,0.04,0.0,0.0,0.0,7,0
