,threshold,f_measure,precision,recall,instrument_idx
1,0.27,0.9024390243902439,0.8409090909090909,0.9736842105263158,1.0
5,0.21,0.8641975308641975,0.7954545454545454,0.9459459459459459,5.0
