,threshold,f_measure,precision,recall,instrument_idx,num_of_occ
0,0.02,0.3048780487804878,0.24271844660194175,0.4098360655737705,0,61
1,0.29,0.52,0.52,0.52,1,25
2,0.13,0.0,0.0,0.0,2,3
3,0.29,0.07874015748031496,0.5555555555555556,0.0423728813559322,3,118
4,0.26,0.0,0.0,0.0,4,0
5,0.29,0.36363636363636365,0.2716049382716049,0.55,5,40
6,0.02,0.0,0.0,0.0,6,0
7,0.04,0.1111111111111111,1.0,0.058823529411764705,7,17
