,threshold,f_measure,precision,recall,instrument_idx,num_of_occ
0,0.02,0.6222222222222222,0.45161290322580644,1.0,0,15
1,0.29,0.96,0.96,0.96,1,25
2,0.13,0.0,0.0,0.0,2,2
3,0.29,0.13793103448275862,1.0,0.07407407407407407,3,28
4,0.26,0.0,0.0,0.0,4,0
5,0.29,0.0,0.0,0.0,5,0
6,0.02,0.0,0.0,0.0,6,0
7,0.04,0.5,0.5,0.5,7,2
