,threshold,f_measure,precision,recall,instrument_idx,num_of_occ
0,0.02,0.1750841750841751,0.125,0.29213483146067415,0,267
1,0.29,0.23404255319148937,0.3311036789297659,0.1809872029250457,1,547
2,0.13,0.0,0.0,0.0,2,14
3,0.29,0.2169197396963124,0.43103448275862066,0.14492753623188406,3,345
4,0.26,0.05084745762711865,0.08333333333333333,0.036585365853658534,4,82
5,0.29,0.2923351158645276,0.281786941580756,0.3037037037037037,5,540
6,0.02,0.0,0.0,0.0,6,0
7,0.04,0.0,0.0,0.0,7,24
