,threshold,f_measure,precision,recall,instrument_idx,num_of_occ
0,0.02,0.5106382978723403,0.3870967741935484,0.75,0,64
1,0.29,0.7012987012987014,0.675,0.7297297297297297,1,37
2,0.13,0.46153846153846156,0.75,0.3333333333333333,2,9
3,0.29,0.06666666666666667,0.75,0.03488372093023256,3,86
4,0.26,0.0,0.0,0.0,4,3
5,0.29,0.4525547445255475,0.36904761904761907,0.5849056603773585,5,53
6,0.02,0.0,0.0,0.0,6,4
7,0.04,0.0,0.0,0.0,7,10
