,threshold,f_measure,precision,recall,instrument_idx,num_of_occ
0,0.02,0.2878411910669975,0.2109090909090909,0.453125,0,128
1,0.29,0.38187702265372164,0.3959731543624161,0.36875,1,160
2,0.13,0.0,0.0,0.0,2,10
3,0.29,0.15873015873015872,0.36363636363636365,0.10152284263959391,3,197
4,0.26,0.0,0.0,0.0,4,1
5,0.29,0.06493506493506494,0.03937007874015748,0.18518518518518517,5,27
6,0.02,0.0,0.0,0.0,6,5
7,0.04,0.0,0.0,0.0,7,14
