,threshold,f_measure,precision,recall,instrument_idx
1,0.27,0.8387096774193549,0.9530791788856305,0.7488479262672811,1.0
3,0.08,0.7706855791962175,0.8858695652173914,0.6820083682008368,3.0
4,0.25,0.2857142857142857,0.2222222222222222,0.4,4.0
5,0.21,0.8773234200743494,0.7827529021558872,0.9978858350951374,5.0
