,threshold,f_measure,precision,recall,instrument_idx,num_of_occ
0,0.02,0.22449443308339015,0.22363060208239022,0.22536496350364962,0,2192
1,0.29,0.10661764705882353,0.2507204610951009,0.06770428015564202,1,1285
2,0.13,0.0,0.0,0.0,2,26
3,0.29,0.054563492063492064,0.2894736842105263,0.030120481927710843,3,1826
4,0.26,0.0,0.0,0.0,4,29
5,0.29,0.26326530612244897,0.21926345609065157,0.3293617021276596,5,1175
6,0.02,0.010362694300518135,0.012048192771084338,0.00909090909090909,6,110
7,0.04,0.0,0.0,0.0,7,76
