,threshold,f_measure,precision,recall,instrument_idx,num_of_occ
0,0.02,0.39999999999999997,0.30303030303030304,0.5882352941176471,0,86
1,0.29,0.28070175438596495,0.2962962962962963,0.26666666666666666,1,60
2,0.13,0.0,0.0,0.0,2,3
3,0.29,0.0,0.0,0.0,3,0
4,0.26,0.0,0.0,0.0,4,6
5,0.29,0.4721030042918455,0.4263565891472868,0.5288461538461539,5,104
6,0.02,0.0,0.0,0.0,6,0
7,0.04,0.0,0.0,0.0,7,3
