,threshold,f_measure,precision,recall,instrument_idx,num_of_occ
0,0.02,0.5348837209302325,0.4107142857142857,0.7666666666666667,0,30
1,0.29,0.9655172413793104,0.9333333333333333,1.0,1,14
2,0.13,0.0,0.0,0.0,2,0
3,0.29,0.6666666666666666,1.0,0.5,3,24
4,0.26,0.0,0.0,0.0,4,0
5,0.29,0.0,0.0,0.0,5,0
6,0.02,0.0,0.0,0.0,6,0
7,0.04,0.0,0.0,0.0,7,0
