,threshold,f_measure,precision,recall,instrument_idx,num_of_occ
0,0.02,0.5714285714285714,0.5714285714285714,0.5714285714285714,0,70
1,0.29,0.46391752577319595,0.75,0.3358208955223881,1,134
2,0.13,0.0,0.0,0.0,2,0
3,0.29,0.0,0.0,0.0,3,0
4,0.26,0.0,0.0,0.0,4,6
5,0.29,0.6468401486988847,0.6904761904761905,0.6083916083916084,5,143
6,0.02,0.0,0.0,0.0,6,0
7,0.04,0.0,0.0,0.0,7,0
