,threshold,f_measure,precision,recall,instrument_idx,num_of_occ
0,0.02,0.6388888888888888,0.46938775510204084,1.0,0,23
1,0.29,0.5573770491803278,0.8947368421052632,0.40476190476190477,1,42
2,0.13,0.0,0.0,0.0,2,2
3,0.29,0.0,0.0,0.0,3,0
4,0.26,0.17391304347826084,1.0,0.09523809523809523,4,42
5,0.29,0.0,0.0,0.0,5,0
6,0.02,0.0,0.0,0.0,6,0
7,0.04,0.0,0.0,0.0,7,0
