,threshold,f_measure,precision,recall,instrument_idx,num_of_occ
0,0.02,0.06353240152477764,0.04621072088724584,0.1016260162601626,0,246
1,0.29,0.12669683257918551,0.1308411214953271,0.12280701754385964,1,228
2,0.13,0.0,0.0,0.0,2,36
3,0.29,0.1379310344827586,0.25287356321839083,0.09482758620689655,3,232
4,0.26,0.4827586206896552,0.4827586206896552,0.4827586206896552,4,29
5,0.29,0.2579365079365079,0.21739130434782608,0.3170731707317073,5,205
6,0.02,0.0909090909090909,0.1,0.08333333333333333,6,12
7,0.04,0.0,0.0,0.0,7,40
