,threshold,f_measure,precision,recall,instrument_idx,num_of_occ
0,0.02,0.07521367521367521,0.05263157894736842,0.1317365269461078,0,167
1,0.29,0.07659574468085106,0.09782608695652174,0.06293706293706294,1,286
2,0.13,0.0,0.0,0.0,2,13
3,0.29,0.14616755793226383,0.2469879518072289,0.10379746835443038,3,395
4,0.26,0.0,0.0,0.0,4,4
5,0.29,0.09350649350649351,0.07659574468085106,0.12,5,150
6,0.02,0.04519774011299435,0.02531645569620253,0.21052631578947367,6,19
7,0.04,0.0198019801980198,0.018518518518518517,0.02127659574468085,7,47
