,threshold,f_measure,precision,recall,instrument_idx,num_of_occ
0,0.02,0.7241379310344828,0.6,0.9130434782608695,0,24
1,0.29,0.9090909090909091,0.8620689655172413,0.9615384615384616,1,78
2,0.13,0.0,0.0,0.0,2,0
3,0.29,0.0,0.0,0.0,3,0
4,0.26,0.0,0.0,0.0,4,2
5,0.29,0.0,0.0,0.0,5,0
6,0.02,0.0,0.0,0.0,6,0
7,0.04,0.0,0.0,0.0,7,0
