,threshold,f_measure,precision,recall,instrument_idx,num_of_occ
0,0.02,0.26053639846743293,0.2085889570552147,0.3469387755102041,0,99
1,0.29,0.35833333333333334,0.3722943722943723,0.3453815261044177,1,249
2,0.13,0.0,0.0,0.0,2,0
3,0.29,0.0,0.0,0.0,3,3
4,0.26,0.0,0.0,0.0,4,34
5,0.29,0.2945990180032733,0.26785714285714285,0.32727272727272727,5,275
6,0.02,0.0,0.0,0.0,6,1
7,0.04,0.14285714285714285,0.2,0.1111111111111111,7,9
