,threshold,f_measure,precision,recall,instrument_idx,num_of_occ
0,0.02,0.2104228121927237,0.23210412147505424,0.19244604316546762,0,556
1,0.29,0.562881562881563,0.6492957746478873,0.49676724137931033,1,928
2,0.13,0.0,0.0,0.0,2,4
3,0.29,0.0,0.0,0.0,3,0
4,0.26,0.0,0.0,0.0,4,1
5,0.29,0.1643835616438356,0.16901408450704225,0.16,5,225
6,0.02,0.0,0.0,0.0,6,6
7,0.04,0.0,0.0,0.0,7,13
