,threshold,f_measure,precision,recall,instrument_idx,num_of_occ
0,0.02,0.5074626865671642,0.34,1.0,0,17
1,0.29,0.8333333333333333,0.7142857142857143,1.0,1,20
2,0.13,0.0,0.0,0.0,2,2
3,0.29,0.0,0.0,0.0,3,0
4,0.26,0.0,0.0,0.0,4,0
5,0.29,0.3333333333333333,0.22727272727272727,0.625,5,8
6,0.02,0.3636363636363636,0.4,0.3333333333333333,6,6
7,0.04,0.1818181818181818,0.5,0.1111111111111111,7,9
