,threshold,f_measure,precision,recall,instrument_idx,num_of_occ
0,0.02,0.28220858895705525,0.20353982300884957,0.46,0,50
1,0.29,0.3185840707964602,0.3103448275862069,0.32727272727272727,1,55
2,0.13,0.0,0.0,0.0,2,12
3,0.29,0.037037037037037035,0.3333333333333333,0.0196078431372549,3,204
4,0.26,0.0,0.0,0.0,4,1
5,0.29,0.15853658536585366,0.14130434782608695,0.18055555555555555,5,73
6,0.02,0.0,0.0,0.0,6,10
7,0.04,0.0,0.0,0.0,7,12
