,threshold,f_measure,precision,recall,instrument_idx,num_of_occ
0,0.02,0.09248554913294797,0.06956521739130435,0.13793103448275862,0,58
1,0.29,0.15575221238938053,0.20276497695852536,0.12643678160919541,1,348
2,0.13,0.0,0.0,0.0,2,10
3,0.29,0.0,0.0,0.0,3,30
4,0.26,0.0,0.0,0.0,4,17
5,0.29,0.1510934393638171,0.1237785016286645,0.19387755102040816,5,196
6,0.02,0.0,0.0,0.0,6,7
7,0.04,0.0,0.0,0.0,7,2
