,threshold,f_measure,precision,recall,instrument_idx,num_of_occ
0,0.02,0.7142857142857143,0.5555555555555556,1.0,0,5
1,0.29,0.6666666666666666,1.0,0.5,1,2
2,0.13,0.0,0.0,0.0,2,0
3,0.29,0.0,0.0,0.0,3,0
4,0.26,0.0,0.0,0.0,4,0
5,0.29,0.8571428571428571,0.75,1.0,5,6
6,0.02,0.0,0.0,0.0,6,0
7,0.04,0.0,0.0,0.0,7,0
