,threshold,f_measure,precision,recall,instrument_idx,num_of_occ
0,0.02,0.6470588235294118,0.4782608695652174,1.0,0,22
1,0.29,1.0,1.0,1.0,1,10
2,0.13,0.0,0.0,0.0,2,1
3,0.29,0.0,0.0,0.0,3,0
4,0.26,0.15384615384615385,1.0,0.08333333333333333,4,12
5,0.29,0.0,0.0,0.0,5,0
6,0.02,0.0,0.0,0.0,6,0
7,0.04,0.0,0.0,0.0,7,0
