,threshold,f_measure,precision,recall,instrument_idx,num_of_occ
0,0.02,0.9,0.8181818181818182,1.0,0,9
1,0.29,0.8571428571428571,1.0,0.75,1,4
2,0.13,0.0,0.0,0.0,2,0
3,0.29,0.0,0.0,0.0,3,0
4,0.26,0.0,0.0,0.0,4,1
5,0.29,0.8500000000000001,0.8095238095238095,0.8947368421052632,5,20
6,0.02,0.0,0.0,0.0,6,0
7,0.04,0.0,0.0,0.0,7,0
