,threshold,f_measure,precision,recall,instrument_idx,num_of_occ
0,0.02,0.14616321559074297,0.1276595744680851,0.17094017094017094,0,352
1,0.29,0.38109992254066616,0.3474576271186441,0.4219554030874786,1,583
2,0.13,0.0,0.0,0.0,2,8
3,0.29,0.0,0.0,0.0,3,2
4,0.26,0.0,0.0,0.0,4,0
5,0.29,0.256,0.22535211267605634,0.2962962962962963,5,270
6,0.02,0.11976047904191617,0.18867924528301888,0.08771929824561403,6,114
7,0.04,0.0,0.0,0.0,7,139
