,threshold,f_measure,precision,recall,instrument_idx,num_of_occ
0,0.02,0.20867526377491208,0.17588932806324112,0.2564841498559078,0,348
1,0.29,0.34181343770384864,0.42258064516129035,0.28696604600219056,1,913
2,0.13,0.0,0.0,0.0,2,11
3,0.29,0.15384615384615383,0.16666666666666666,0.14285714285714285,3,7
4,0.26,0.016666666666666666,0.25,0.008620689655172414,4,116
5,0.29,0.3328025477707007,0.34775374376039936,0.3190839694656489,5,655
6,0.02,0.0,0.0,0.0,6,14
7,0.04,0.06666666666666667,0.1111111111111111,0.047619047619047616,7,21
