,threshold,f_measure,precision,recall,instrument_idx,num_of_occ
0,0.02,0.17142857142857143,0.11894273127753303,0.3068181818181818,0,88
1,0.29,0.1732283464566929,0.19298245614035087,0.15714285714285714,1,210
2,0.13,0.25,0.5,0.16666666666666666,2,6
3,0.29,0.23943661971830987,0.4322033898305085,0.16558441558441558,3,308
4,0.26,0.0,0.0,0.0,4,4
5,0.29,0.2245989304812834,0.22105263157894736,0.22826086956521738,5,184
6,0.02,0.03076923076923077,0.015625,1.0,6,1
7,0.04,0.125,0.13333333333333333,0.11764705882352941,7,17
