,threshold,f_measure,precision,recall,instrument_idx,num_of_occ
0,0.02,0.35051546391752575,0.25757575757575757,0.5483870967741935,0,32
1,0.29,0.5084745762711864,0.5555555555555556,0.46875,1,32
2,0.13,0.0,0.0,0.0,2,0
3,0.29,0.0,0.0,0.0,3,0
4,0.26,0.0,0.0,0.0,4,0
5,0.29,0.4482758620689655,0.4083769633507853,0.4968152866242038,5,158
6,0.02,0.0,0.0,0.0,6,0
7,0.04,0.0,0.0,0.0,7,0
