,threshold,f_measure,precision,recall,instrument_idx,num_of_occ
0,0.02,0.272,0.2,0.425,0,120
1,0.29,0.3448275862068966,0.40404040404040403,0.3007518796992481,1,133
2,0.13,0.0,0.0,0.0,2,6
3,0.29,0.32835820895522394,0.4835164835164835,0.24858757062146894,3,178
4,0.26,0.0,0.0,0.0,4,77
5,0.29,0.006134969325153374,0.003861003861003861,0.014925373134328358,5,67
6,0.02,0.0,0.0,0.0,6,2
7,0.04,0.0,0.0,0.0,7,2
