,threshold,f_measure,precision,recall,instrument_idx,num_of_occ
0,0.02,0.14453125,0.10882352941176471,0.21511627906976744,0,173
1,0.29,0.3201856148491879,0.4524590163934426,0.24775583482944344,1,557
2,0.13,0.0,0.0,0.0,2,2
3,0.29,0.1661721068249258,0.4444444444444444,0.10218978102189781,3,275
4,0.26,0.0,0.0,0.0,4,5
5,0.29,0.2575,0.22008547008547008,0.3102409638554217,5,333
6,0.02,0.0,0.0,0.0,6,2
7,0.04,0.01801801801801802,0.05263157894736842,0.010869565217391304,7,92
