,threshold,f_measure,precision,recall,instrument_idx,num_of_occ
0,0.02,0.4669260700389105,0.35714285714285715,0.6741573033707865,0,89
1,0.29,0.6206896551724138,0.6206896551724138,0.6206896551724138,1,29
2,0.13,0.0,0.0,0.0,2,0
3,0.29,0.0,0.0,0.0,3,0
4,0.26,0.1935483870967742,0.6666666666666666,0.11320754716981132,4,53
5,0.29,0.5136612021857924,0.5766871165644172,0.4630541871921182,5,203
6,0.02,0.0,0.0,0.0,6,0
7,0.04,0.0,0.0,0.0,7,0
