,threshold,f_measure,precision,recall,instrument_idx,num_of_occ
0,0.02,0.61139896373057,0.47580645161290325,0.855072463768116,0,69
1,0.29,0.6990291262135923,0.7578947368421053,0.6486486486486487,1,111
2,0.13,0.0,0.0,0.0,2,0
3,0.29,0.06060606060606061,1.0,0.03125,3,128
4,0.26,0.0,0.0,0.0,4,0
5,0.29,0.6923076923076923,0.5806451612903226,0.8571428571428571,5,64
6,0.02,0.0,0.0,0.0,6,0
7,0.04,0.0,0.0,0.0,7,0
