,threshold,f_measure,precision,recall,instrument_idx,num_of_occ
0,0.02,0.28776978417266186,0.20725388601036268,0.47058823529411764,0,86
1,0.29,0.41818181818181815,0.4423076923076923,0.39655172413793105,1,174
2,0.13,0.0,0.0,0.0,2,4
3,0.29,0.0,0.0,0.0,3,0
4,0.26,0.0,0.0,0.0,4,14
5,0.29,0.4804630969609262,0.47293447293447294,0.48823529411764705,5,341
6,0.02,0.0,0.0,0.0,6,0
7,0.04,0.09523809523809522,0.16666666666666666,0.06666666666666667,7,15
