,threshold,f_measure,precision,recall,instrument_idx,num_of_occ
0,0.02,0.6732673267326732,0.5230769230769231,0.9444444444444444,0,36
1,0.29,0.7111111111111111,0.8135593220338984,0.631578947368421,1,76
2,0.13,0.0,0.0,0.0,2,1
3,0.29,0.0,0.0,0.0,3,0
4,0.26,0.0,0.0,0.0,4,0
5,0.29,0.7114093959731544,0.7162162162162162,0.7066666666666667,5,75
6,0.02,0.0,0.0,0.0,6,0
7,0.04,0.0,0.0,0.0,7,2
