,threshold,f_measure,precision,recall,instrument_idx,num_of_occ
0,0.02,0.5942857142857143,0.42276422764227645,1.0,0,52
1,0.29,0.8837209302325582,0.9047619047619048,0.8636363636363636,1,44
2,0.13,0.0,0.0,0.0,2,4
3,0.29,0.0,0.0,0.0,3,0
4,0.26,0.6086956521739131,1.0,0.4375,4,48
5,0.29,0.052631578947368425,0.02702702702702703,1.0,5,1
6,0.02,0.0,0.0,0.0,6,2
7,0.04,0.75,0.75,0.75,7,4
