,threshold,f_measure,precision,recall,instrument_idx,num_of_occ
0,0.02,0.36129032258064514,0.27184466019417475,0.5384615384615384,0,52
1,0.29,0.40579710144927533,0.509090909090909,0.3373493975903614,1,83
2,0.13,0.0,0.0,0.0,2,0
3,0.29,0.0,0.0,0.0,3,0
4,0.26,0.0,0.0,0.0,4,5
5,0.29,0.4364508393285372,0.4155251141552511,0.4595959595959596,5,198
6,0.02,0.0,0.0,0.0,6,0
7,0.04,0.0,0.0,0.0,7,0
