,threshold,f_measure,precision,recall,instrument_idx,num_of_occ
0,0.02,0.631578947368421,0.46153846153846156,1.0,0,6
1,0.29,0.8,0.9090909090909091,0.7142857142857143,1,14
2,0.13,0.0,0.0,0.0,2,0
3,0.29,0.0,0.0,0.0,3,0
4,0.26,0.0,0.0,0.0,4,2
5,0.29,0.7878787878787877,0.7222222222222222,0.8666666666666667,5,15
6,0.02,0.0,0.0,0.0,6,0
7,0.04,0.0,0.0,0.0,7,0
