,threshold,f_measure,precision,recall,instrument_idx,num_of_occ
0,0.02,0.2987012987012987,0.23232323232323232,0.41818181818181815,0,56
1,0.29,0.35135135135135137,0.38235294117647056,0.325,1,40
2,0.13,0.0,0.0,0.0,2,0
3,0.29,0.0,0.0,0.0,3,0
4,0.26,0.2222222222222222,1.0,0.125,4,8
5,0.29,0.3616236162361623,0.3202614379084967,0.4152542372881356,5,119
6,0.02,0.0,0.0,0.0,6,0
7,0.04,0.0,0.0,0.0,7,0
