,threshold,f_measure,precision,recall,instrument_idx,num_of_occ
0,0.02,0.18118466898954702,0.15950920245398773,0.20967741935483872,0,125
1,0.29,0.36419753086419754,0.3597560975609756,0.36875,1,160
2,0.13,0.08695652173913042,0.5,0.047619047619047616,2,21
3,0.29,0.0,0.0,0.0,3,0
4,0.26,0.0,0.0,0.0,4,79
5,0.29,0.5682102628285356,0.5805626598465473,0.5563725490196079,5,409
6,0.02,0.13793103448275862,0.11764705882352941,0.16666666666666666,6,12
7,0.04,0.0,0.0,0.0,7,14
