,threshold,f_measure,precision,recall,instrument_idx,num_of_occ
0,0.02,0.7288135593220338,0.6056338028169014,0.9148936170212766,0,47
1,0.29,0.5925925925925926,0.8421052631578947,0.45714285714285713,1,35
2,0.13,0.0,0.0,0.0,2,0
3,0.29,0.0,0.0,0.0,3,0
4,0.26,0.0,0.0,0.0,4,0
5,0.29,0.7598566308243727,0.6973684210526315,0.8346456692913385,5,128
6,0.02,0.0,0.0,0.0,6,0
7,0.04,0.0,0.0,0.0,7,0
