,threshold,f_measure,precision,recall,instrument_idx,num_of_occ
0,0.02,0.6451612903225806,0.47619047619047616,1.0,0,30
1,0.29,0.8852459016393444,0.9,0.8709677419354839,1,31
2,0.13,0.0,0.0,0.0,2,3
3,0.29,0.0,0.0,0.0,3,0
4,0.26,0.36363636363636365,0.6666666666666666,0.25,4,8
5,0.29,0.6837606837606838,0.625,0.7547169811320755,5,53
6,0.02,0.0,0.0,0.0,6,2
7,0.04,0.0,0.0,0.0,7,3
