,threshold,f_measure,precision,recall,instrument_idx,num_of_occ
0,0.02,0.7586206896551725,0.6111111111111112,1.0,0,11
1,0.29,0.8750000000000001,1.0,0.7777777777777778,1,9
2,0.13,0.0,0.0,0.0,2,0
3,0.29,0.0,0.0,0.0,3,0
4,0.26,0.0,0.0,0.0,4,1
5,0.29,0.9350649350649352,0.8780487804878049,1.0,5,36
6,0.02,0.0,0.0,0.0,6,0
7,0.04,0.0,0.0,0.0,7,0
