,threshold,f_measure,precision,recall,instrument_idx,num_of_occ
0,0.02,0.3230769230769231,0.2625,0.42,0,51
1,0.29,0.3396226415094339,0.42857142857142855,0.28125,1,32
2,0.13,0.0,0.0,0.0,2,1
3,0.29,0.0,0.0,0.0,3,0
4,0.26,0.0,0.0,0.0,4,11
5,0.29,0.36795252225519287,0.33695652173913043,0.40522875816993464,5,153
6,0.02,0.0,0.0,0.0,6,0
7,0.04,0.0,0.0,0.0,7,0
