,threshold,f_measure,precision,recall,instrument_idx,num_of_occ
0,0.02,0.4322033898305085,0.33116883116883117,0.6219512195121951,0,83
1,0.29,0.5289256198347108,0.5714285714285714,0.49230769230769234,1,65
2,0.13,0.6666666666666666,1.0,0.5,2,5
3,0.29,0.0,0.0,0.0,3,0
4,0.26,0.0,0.0,0.0,4,2
5,0.29,0.4975609756097561,0.5151515151515151,0.4811320754716981,5,212
6,0.02,0.0,0.0,0.0,6,1
7,0.04,0.0,0.0,0.0,7,7
