,threshold,f_measure,precision,recall,instrument_idx
1,0.27,0.9075975359342916,0.9285714285714286,0.8875502008032129,1.0
3,0.08,0.13333333333333333,0.07142857142857142,1.0,3.0
5,0.21,0.8584905660377358,0.7562326869806094,0.9927272727272727,5.0
