,threshold,f_measure,precision,recall,instrument_idx,num_of_occ
0,0.02,0.4210526315789474,0.26666666666666666,1.0,0,5
1,0.29,1.0,1.0,1.0,1,9
2,0.13,0.5714285714285715,0.6666666666666666,0.5,2,5
3,0.29,0.0,0.0,0.0,3,0
4,0.26,0.0,0.0,0.0,4,0
5,0.29,0.0,0.0,0.0,5,0
6,0.02,0.0,0.0,0.0,6,1
7,0.04,0.2857142857142857,0.16666666666666666,1.0,7,1
