,threshold,f_measure,precision,recall,instrument_idx,num_of_occ
0,0.02,0.26573426573426573,0.20485175202156333,0.3781094527363184,0,201
1,0.29,0.3314917127071823,0.379746835443038,0.29411764705882354,1,204
2,0.13,0.0,0.0,0.0,2,9
3,0.29,0.0,0.0,0.0,3,0
4,0.26,0.0,0.0,0.0,4,32
5,0.29,0.2954091816367265,0.27715355805243447,0.3162393162393162,5,234
6,0.02,0.0,0.0,0.0,6,0
7,0.04,0.0,0.0,0.0,7,3
