,threshold,f_measure,precision,recall,instrument_idx,num_of_occ
0,0.02,0.10298661174047374,0.07215007215007214,0.17985611510791366,0,278
1,0.29,0.18523878437047755,0.23104693140794225,0.15458937198067632,1,414
2,0.13,0.0,0.0,0.0,2,9
3,0.29,0.11890243902439025,0.2635135135135135,0.07677165354330709,3,508
4,0.26,0.0,0.0,0.0,4,13
5,0.29,0.4125230202578269,0.41226993865030676,0.41277641277641275,5,815
6,0.02,0.0,0.0,0.0,6,3
7,0.04,0.021857923497267756,0.037037037037037035,0.015503875968992248,7,129
