,threshold,f_measure,precision,recall,instrument_idx,num_of_occ
0,0.02,0.07704160246533127,0.05827505827505827,0.11363636363636363,0,440
1,0.29,0.18884892086330937,0.21604938271604937,0.16773162939297126,1,626
2,0.13,0.0,0.0,0.0,2,9
3,0.29,0.0825515947467167,0.34375,0.046908315565031986,3,469
4,0.26,0.0,0.0,0.0,4,8
5,0.29,0.3314917127071823,0.28998242530755713,0.38686987104337633,5,853
6,0.02,0.0,0.0,0.0,6,0
7,0.04,0.0,0.0,0.0,7,80
