,threshold,f_measure,precision,recall,instrument_idx
1,0.27,0.9440993788819877,0.9539748953974896,0.9344262295081968,1.0
3,0.08,0.4198895027624309,0.5846153846153846,0.3275862068965517,3.0
4,0.25,0.6265060240963854,1.0,0.45614035087719296,4.0
5,0.21,0.8982035928143712,0.8555133079847909,0.9453781512605042,5.0
