,threshold,f_measure,precision,recall,instrument_idx,num_of_occ
0,0.02,0.3017543859649123,0.21608040201005024,0.5,0,86
1,0.29,0.33663366336633654,0.30357142857142855,0.37777777777777777,1,45
2,0.13,0.0,0.0,0.0,2,19
3,0.29,0.0,0.0,0.0,3,6
4,0.26,0.0,0.0,0.0,4,0
5,0.29,0.2546816479400749,0.2222222222222222,0.2982456140350877,5,114
6,0.02,0.2222222222222222,0.2857142857142857,0.18181818181818182,6,11
7,0.04,0.0,0.0,0.0,7,22
