,threshold,f_measure,precision,recall,instrument_idx,num_of_occ
0,0.02,0.6122448979591837,0.47368421052631576,0.8653846153846154,0,52
1,0.29,0.7586206896551724,0.676923076923077,0.8627450980392157,1,51
2,0.13,0.0,0.0,0.0,2,1
3,0.29,0.0,0.0,0.0,3,0
4,0.26,0.0,0.0,0.0,4,7
5,0.29,0.8220551378446115,0.8159203980099502,0.8282828282828283,5,198
6,0.02,0.0,0.0,0.0,6,0
7,0.04,0.0,0.0,0.0,7,0
