,threshold,f_measure,precision,recall,instrument_idx,num_of_occ
0,0.02,0.39999999999999997,0.30158730158730157,0.59375,0,32
1,0.29,0.5217391304347826,0.5142857142857142,0.5294117647058824,1,34
2,0.13,0.2857142857142857,1.0,0.16666666666666666,2,6
3,0.29,0.0,0.0,0.0,3,2
4,0.26,0.0,0.0,0.0,4,0
5,0.29,0.5321100917431192,0.5612903225806452,0.5058139534883721,5,172
6,0.02,0.5,0.5,0.5,6,2
7,0.04,0.0,0.0,0.0,7,15
