,threshold,f_measure,precision,recall,instrument_idx,num_of_occ
0,0.02,0.22872827081427266,0.18115942028985507,0.31017369727047145,0,403
1,0.29,0.1470019342359768,0.1743119266055046,0.12709030100334448,1,300
2,0.13,0.0,0.0,0.0,2,1
3,0.29,0.0,0.0,0.0,3,1
4,0.26,0.06172839506172839,0.21739130434782608,0.03597122302158273,4,139
5,0.29,0.38027048528241847,0.3621212121212121,0.40033500837520936,5,598
6,0.02,0.0,0.0,0.0,6,0
7,0.04,0.0,0.0,0.0,7,0
