,threshold,f_measure,precision,recall,instrument_idx,num_of_occ
0,0.02,0.20886699507389164,0.1575037147102526,0.30994152046783624,0,684
1,0.29,0.48925281473899696,0.5070721357850071,0.47264337508239945,1,1517
2,0.13,0.0,0.0,0.0,2,83
3,0.29,0.0,0.0,0.0,3,84
4,0.26,0.08955223880597016,0.6,0.04838709677419355,4,62
5,0.29,0.23848238482384823,0.23741007194244604,0.2395644283121597,5,551
6,0.02,0.0,0.0,0.0,6,0
7,0.04,0.02727272727272727,0.08108108108108109,0.01639344262295082,7,183
