,threshold,f_measure,precision,recall,instrument_idx,num_of_occ
0,0.02,0.3701067615658363,0.2765957446808511,0.5591397849462365,0,93
1,0.29,0.45,0.45918367346938777,0.4411764705882353,1,204
2,0.13,0.4,1.0,0.25,2,4
3,0.29,0.0,0.0,0.0,3,0
4,0.26,0.0,0.0,0.0,4,35
5,0.29,0.4104803493449781,0.39662447257383965,0.4253393665158371,5,221
6,0.02,0.4,0.25,1.0,6,2
7,0.04,0.0,0.0,0.0,7,4
