,threshold,f_measure,precision,recall,instrument_idx,num_of_occ
0,0.02,0.4444444444444445,0.2857142857142857,1.0,0,6
1,0.29,0.7027027027027027,0.7647058823529411,0.65,1,20
2,0.13,0.0,0.0,0.0,2,0
3,0.29,0.6666666666666666,1.0,0.5,3,30
4,0.26,0.0,0.0,0.0,4,0
5,0.29,0.6666666666666666,0.6428571428571429,0.6923076923076923,5,13
6,0.02,0.25,0.14285714285714285,1.0,6,1
7,0.04,0.4,0.3333333333333333,0.5,7,2
