,threshold,f_measure,precision,recall,instrument_idx,num_of_occ
0,0.02,0.3932203389830508,0.29441624365482233,0.5918367346938775,0,99
1,0.29,0.3333333333333333,0.45454545454545453,0.2631578947368421,1,38
2,0.13,0.0,0.0,0.0,2,0
3,0.29,0.0,0.0,0.0,3,0
4,0.26,0.0,0.0,0.0,4,0
5,0.29,0.48137535816618915,0.5153374233128835,0.45161290322580644,5,186
6,0.02,0.0,0.0,0.0,6,0
7,0.04,0.0,0.0,0.0,7,0
