,threshold,f_measure,precision,recall,instrument_idx,num_of_occ
0,0.02,0.21221864951768488,0.17553191489361702,0.2682926829268293,0,123
1,0.29,0.1,0.09523809523809523,0.10526315789473684,1,19
2,0.13,0.0,0.0,0.0,2,0
3,0.29,0.0,0.0,0.0,3,0
4,0.26,0.0,0.0,0.0,4,49
5,0.29,0.7560975609756098,0.768595041322314,0.744,5,626
6,0.02,0.0,0.0,0.0,6,0
7,0.04,0.0,0.0,0.0,7,0
