,threshold,f_measure,precision,recall,instrument_idx,num_of_occ
0,0.02,0.4869565217391304,0.358974358974359,0.7567567567567568,0,37
1,0.29,0.6590909090909091,0.7699115044247787,0.5761589403973509,1,151
2,0.13,0.0,0.0,0.0,2,4
3,0.29,0.0,0.0,0.0,3,0
4,0.26,0.0,0.0,0.0,4,0
5,0.29,0.3733333333333333,0.35,0.4,5,35
6,0.02,0.0,0.0,0.0,6,0
7,0.04,0.0,0.0,0.0,7,5
