,threshold,f_measure,precision,recall,instrument_idx,num_of_occ
0,0.02,0.5666666666666667,0.3953488372093023,1.0,0,17
1,0.29,0.0,0.0,0.0,1,0
2,0.13,0.6666666666666667,0.8333333333333334,0.5555555555555556,2,9
3,0.29,0.4444444444444444,0.8,0.3076923076923077,3,13
4,0.26,0.0,0.0,0.0,4,0
5,0.29,0.0,0.0,0.0,5,0
6,0.02,0.30769230769230765,0.2857142857142857,0.3333333333333333,6,6
7,0.04,0.0,0.0,0.0,7,7
