,threshold,f_measure,precision,recall,instrument_idx,num_of_occ
0,0.02,0.5384615384615384,0.3684210526315789,1.0,0,7
1,0.29,0.736842105263158,0.8,0.6829268292682927,1,42
2,0.13,0.0,0.0,0.0,2,1
3,0.29,0.0,0.0,0.0,3,0
4,0.26,0.0,0.0,0.0,4,0
5,0.29,0.7037037037037037,0.6551724137931034,0.76,5,50
6,0.02,0.0,0.0,0.0,6,1
7,0.04,0.36363636363636365,0.6666666666666666,0.25,7,8
