,threshold,f_measure,precision,recall,instrument_idx,num_of_occ
0,0.02,0.6865671641791045,0.5609756097560976,0.8846153846153846,0,26
1,0.29,0.8181818181818182,0.8181818181818182,0.8181818181818182,1,11
2,0.13,0.0,0.0,0.0,2,2
3,0.29,0.0,0.0,0.0,3,0
4,0.26,0.0,0.0,0.0,4,0
5,0.29,0.7464114832535885,0.7722772277227723,0.7222222222222222,5,109
6,0.02,0.0,0.0,0.0,6,0
7,0.04,0.0,0.0,0.0,7,1
