,threshold,f_measure,precision,recall,instrument_idx,num_of_occ
0,0.02,0.7222222222222222,0.5652173913043478,1.0,0,13
1,0.29,0.7307692307692308,1.0,0.5757575757575758,1,33
2,0.13,0.0,0.0,0.0,2,0
3,0.29,0.0,0.0,0.0,3,0
4,0.26,0.0,0.0,0.0,4,2
5,0.29,0.7826086956521738,0.7297297297297297,0.84375,5,33
6,0.02,0.0,0.0,0.0,6,0
7,0.04,0.0,0.0,0.0,7,0
