,threshold,f_measure,precision,recall,instrument_idx,num_of_occ
0,0.02,0.691358024691358,0.6666666666666666,0.717948717948718,0,40
1,0.29,0.8253968253968254,0.8387096774193549,0.8125,1,32
2,0.13,0.0,0.0,0.0,2,0
3,0.29,0.0,0.0,0.0,3,0
4,0.26,0.0,0.0,0.0,4,0
5,0.29,0.7317073170731706,0.75,0.7142857142857143,5,127
6,0.02,0.0,0.0,0.0,6,0
7,0.04,0.0,0.0,0.0,7,0
