,threshold,f_measure,precision,recall,instrument_idx,num_of_occ
0,0.02,0.3184713375796178,0.23923444976076555,0.47619047619047616,0,105
1,0.29,0.36363636363636365,0.417910447761194,0.3218390804597701,1,87
2,0.13,0.0,0.0,0.0,2,4
3,0.29,0.0,0.0,0.0,3,53
4,0.26,0.17391304347826086,0.2222222222222222,0.14285714285714285,4,14
5,0.29,0.42346938775510207,0.3656387665198238,0.503030303030303,5,165
6,0.02,0.0,0.0,0.0,6,6
7,0.04,0.0,0.0,0.0,7,6
