,threshold,f_measure,precision,recall,instrument_idx,num_of_occ
0,0.02,0.5671641791044776,0.40425531914893614,0.95,0,20
1,0.29,0.7936507936507936,0.9259259259259259,0.6944444444444444,1,36
2,0.13,0.0,0.0,0.0,2,2
3,0.29,0.30000000000000004,0.8571428571428571,0.18181818181818182,3,33
4,0.26,0.0,0.0,0.0,4,0
5,0.29,0.41379310344827586,0.35294117647058826,0.5,5,12
6,0.02,0.0,0.0,0.0,6,2
7,0.04,0.0,0.0,0.0,7,2
