,threshold,f_measure,precision,recall,instrument_idx,num_of_occ
0,0.02,0.6829268292682927,0.5714285714285714,0.8484848484848485,0,34
1,0.29,0.38095238095238093,0.9230769230769231,0.24,1,100
2,0.13,0.0,0.0,0.0,2,0
3,0.29,0.0,0.0,0.0,3,0
4,0.26,0.0,0.0,0.0,4,2
5,0.29,0.6638297872340426,0.7289719626168224,0.609375,5,129
6,0.02,0.0,0.0,0.0,6,0
7,0.04,0.0,0.0,0.0,7,0
