,threshold,f_measure,precision,recall,instrument_idx,num_of_occ
0,0.02,0.6190476190476191,0.4482758620689655,1.0,0,14
1,0.29,0.9500000000000001,0.9047619047619048,1.0,1,19
2,0.13,0.0,0.0,0.0,2,0
3,0.29,0.07142857142857142,1.0,0.037037037037037035,3,28
4,0.26,0.0,0.0,0.0,4,0
5,0.29,0.0,0.0,0.0,5,0
6,0.02,0.0,0.0,0.0,6,0
7,0.04,0.0,0.0,0.0,7,0
