,threshold,f_measure,precision,recall,instrument_idx,num_of_occ
0,0.02,0.15182960131075915,0.1378968253968254,0.16889428918590524,0,823
1,0.29,0.21304926764314247,0.3137254901960784,0.16129032258064516,1,992
2,0.13,0.0,0.0,0.0,2,36
3,0.29,0.17006802721088438,0.32894736842105265,0.11467889908256881,3,654
4,0.26,0.0,0.0,0.0,4,39
5,0.29,0.22875297855440826,0.2198473282442748,0.23841059602649006,5,604
6,0.02,0.0,0.0,0.0,6,28
7,0.04,0.022222222222222223,0.04,0.015384615384615385,7,65
