,threshold,f_measure,precision,recall,instrument_idx,num_of_occ
0,0.02,0.0626865671641791,0.10606060606060606,0.04449152542372881,0,472
1,0.29,0.5561850802644004,0.8057455540355677,0.4246575342465753,1,1388
2,0.13,0.0,0.0,0.0,2,13
3,0.29,0.0,0.0,0.0,3,0
4,0.26,0.0,0.0,0.0,4,2
5,0.29,0.23089430894308943,0.35678391959798994,0.17067307692307693,5,416
6,0.02,0.0,0.0,0.0,6,3
7,0.04,0.025974025974025972,0.014925373134328358,0.1,7,10
