,threshold,f_measure,precision,recall,instrument_idx,num_of_occ
0,0.02,0.7058823529411765,0.5625,0.9473684210526315,0,19
1,0.29,0.7272727272727273,1.0,0.5714285714285714,1,7
2,0.13,0.0,0.0,0.0,2,0
3,0.29,0.0,0.0,0.0,3,0
4,0.26,0.0,0.0,0.0,4,0
5,0.29,0.9473684210526316,0.9,1.0,5,28
6,0.02,0.0,0.0,0.0,6,0
7,0.04,0.0,0.0,0.0,7,0
