,threshold,f_measure,precision,recall,instrument_idx,num_of_occ
0,0.02,0.3076923076923077,0.18181818181818182,1.0,0,3
1,0.29,0.9090909090909091,1.0,0.8333333333333334,1,6
2,0.13,0.6666666666666666,1.0,0.5,2,3
3,0.29,0.0,0.0,0.0,3,0
4,0.26,0.0,0.0,0.0,4,0
5,0.29,0.0,0.0,0.0,5,0
6,0.02,0.0,0.0,0.0,6,1
7,0.04,0.0,0.0,0.0,7,1
