,threshold,f_measure,precision,recall,instrument_idx,num_of_occ
0,0.02,0.23481781376518215,0.2196969696969697,0.25217391304347825,0,115
1,0.29,0.43558282208588955,0.5338345864661654,0.36787564766839376,1,193
2,0.13,0.0,0.0,0.0,2,4
3,0.29,0.08,0.047619047619047616,0.25,3,4
4,0.26,0.0606060606060606,0.13333333333333333,0.0392156862745098,4,51
5,0.29,0.30344827586206896,0.2857142857142857,0.3235294117647059,5,136
6,0.02,0.10526315789473684,0.0625,0.3333333333333333,6,3
7,0.04,0.07692307692307691,0.09090909090909091,0.06666666666666667,7,15
