,threshold,f_measure,precision,recall,instrument_idx,num_of_occ
0,0.02,0.6526315789473685,0.5,0.9393939393939394,0,66
1,0.29,0.8333333333333333,0.8870967741935484,0.7857142857142857,1,70
2,0.13,0.0,0.0,0.0,2,9
3,0.29,0.039215686274509796,0.5,0.02040816326530612,3,49
4,0.26,0.0,0.0,0.0,4,0
5,0.29,0.6806282722513088,0.5963302752293578,0.7926829268292683,5,82
6,0.02,0.0,0.0,0.0,6,0
7,0.04,0.0,0.0,0.0,7,0
