,threshold,f_measure,precision,recall,instrument_idx,num_of_occ
0,0.02,0.6206896551724138,0.45,1.0,0,9
1,0.29,1.0,1.0,1.0,1,11
2,0.13,0.0,0.0,0.0,2,1
3,0.29,0.0,0.0,0.0,3,0
4,0.26,0.0,0.0,0.0,4,2
5,0.29,0.8571428571428572,0.8181818181818182,0.9,5,20
6,0.02,0.0,0.0,0.0,6,0
7,0.04,0.0,0.0,0.0,7,0
