,threshold,f_measure,precision,recall,instrument_idx,num_of_occ
0,0.02,0.3675675675675676,0.3008849557522124,0.4722222222222222,0,72
1,0.29,0.41206030150753764,0.6029411764705882,0.31297709923664124,1,131
2,0.13,0.0,0.0,0.0,2,0
3,0.29,0.0,0.0,0.0,3,0
4,0.26,0.0,0.0,0.0,4,11
5,0.29,0.4073107049608355,0.4020618556701031,0.4126984126984127,5,189
6,0.02,0.0,0.0,0.0,6,0
7,0.04,0.0,0.0,0.0,7,0
