,threshold,f_measure,precision,recall,instrument_idx,num_of_occ
0,0.02,0.2047244094488189,0.17647058823529413,0.24375,0,160
1,0.29,0.2574257425742575,0.18840579710144928,0.40625,1,32
2,0.13,0.0,0.0,0.0,2,0
3,0.29,0.23616236162361626,0.4383561643835616,0.16161616161616163,3,198
4,0.26,0.0,0.0,0.0,4,0
5,0.29,0.23036649214659685,0.205607476635514,0.2619047619047619,5,84
6,0.02,0.0,0.0,0.0,6,39
7,0.04,0.0,0.0,0.0,7,13
