,threshold,f_measure,precision,recall,instrument_idx,num_of_occ
0,0.02,1.0,1.0,1.0,0,3
1,0.29,0.9473684210526316,1.0,0.9,1,10
2,0.13,0.0,0.0,0.0,2,0
3,0.29,0.0,0.0,0.0,3,0
4,0.26,0.0,0.0,0.0,4,1
5,0.29,0.4,0.5,0.3333333333333333,5,4
6,0.02,0.0,0.0,0.0,6,0
7,0.04,0.0,0.0,0.0,7,0
