,threshold,f_measure,precision,recall,instrument_idx,num_of_occ
0,0.02,0.14814814814814814,0.12682926829268293,0.1780821917808219,0,146
1,0.29,0.1627906976744186,0.5384615384615384,0.0958904109589041,1,438
2,0.13,0.0,0.0,0.0,2,8
3,0.29,0.0,0.0,0.0,3,0
4,0.26,0.0,0.0,0.0,4,84
5,0.29,0.3740701381509033,0.3404255319148936,0.41509433962264153,5,424
6,0.02,0.0,0.0,0.0,6,9
7,0.04,0.1,0.2,0.06666666666666667,7,15
