,threshold,f_measure,precision,recall,instrument_idx,num_of_occ
0,0.02,0.7291666666666667,0.6140350877192983,0.8974358974358975,0,40
1,0.29,0.5957446808510638,0.9333333333333333,0.4375,1,32
2,0.13,0.0,0.0,0.0,2,0
3,0.29,0.0,0.0,0.0,3,0
4,0.26,0.0,0.0,0.0,4,0
5,0.29,0.8482490272373541,0.8195488721804511,0.8790322580645161,5,125
6,0.02,0.0,0.0,0.0,6,0
7,0.04,0.0,0.0,0.0,7,0
