,threshold,f_measure,precision,recall,instrument_idx,num_of_occ
0,0.02,0.6060606060606061,0.43478260869565216,1.0,0,10
1,0.29,0.9473684210526316,0.9,1.0,1,9
2,0.13,0.4615384615384615,0.6,0.375,2,9
3,0.29,0.0,0.0,0.0,3,0
4,0.26,0.0,0.0,0.0,4,0
5,0.29,0.0,0.0,0.0,5,0
6,0.02,0.0,0.0,0.0,6,0
7,0.04,0.0,0.0,0.0,7,0
