,threshold,f_measure,precision,recall,instrument_idx,num_of_occ
0,0.02,0.32211538461538464,0.2528301886792453,0.44370860927152317,0,151
1,0.29,0.2556390977443609,0.288135593220339,0.22972972972972974,1,74
2,0.13,0.0,0.0,0.0,2,8
3,0.29,0.0,0.0,0.0,3,0
4,0.26,0.0,0.0,0.0,4,8
5,0.29,0.4857496902106568,0.5077720207253886,0.4655581947743468,5,421
6,0.02,0.0,0.0,0.0,6,1
7,0.04,0.0,0.0,0.0,7,4
