,threshold,f_measure,precision,recall,instrument_idx,num_of_occ
0,0.02,0.2673992673992674,0.2050561797752809,0.38421052631578945,0,191
1,0.29,0.28070175438596495,0.27586206896551724,0.2857142857142857,1,140
2,0.13,0.0,0.0,0.0,2,6
3,0.29,0.0,0.0,0.0,3,101
4,0.26,0.18181818181818182,1.0,0.1,4,10
5,0.29,0.07171314741035857,0.052941176470588235,0.1111111111111111,5,81
6,0.02,0.0,0.0,0.0,6,1
7,0.04,0.0,0.0,0.0,7,5
