,threshold,f_measure,precision,recall,instrument_idx,num_of_occ
0,0.02,0.14126394052044608,0.10780141843971631,0.20485175202156333,0,371
1,0.29,0.485996705107084,0.5239786856127886,0.45314900153609833,1,1302
2,0.13,0.0,0.0,0.0,2,0
3,0.29,0.0,0.0,0.0,3,0
4,0.26,0.0,0.0,0.0,4,0
5,0.29,0.06798866855524079,0.05970149253731343,0.07894736842105263,5,152
6,0.02,0.0,0.0,0.0,6,0
7,0.04,0.0,0.0,0.0,7,2
