,threshold,f_measure,precision,recall,instrument_idx,num_of_occ
0,0.02,0.18923933209647495,0.13672922252010725,0.3072289156626506,0,166
1,0.29,0.35263157894736846,0.4110429447852761,0.3087557603686636,1,434
2,0.13,0.0,0.0,0.0,2,1
3,0.29,0.3225806451612903,0.704225352112676,0.20920502092050208,3,239
4,0.26,0.0,0.0,0.0,4,5
5,0.29,0.4271255060728745,0.4097087378640777,0.44608879492600423,5,473
6,0.02,0.0,0.0,0.0,6,2
7,0.04,0.28571428571428575,0.3333333333333333,0.25,7,4
