,threshold,f_measure,precision,recall,instrument_idx,num_of_occ
0,0.02,0.59375,0.4691358024691358,0.8085106382978723,0,48
1,0.29,0.9275362318840579,0.9142857142857143,0.9411764705882353,1,34
2,0.13,0.0,0.0,0.0,2,0
3,0.29,0.5172413793103449,0.967741935483871,0.35294117647058826,3,86
4,0.26,0.0,0.0,0.0,4,0
5,0.29,0.6874999999999999,0.55,0.9166666666666666,5,24
6,0.02,0.0,0.0,0.0,6,0
7,0.04,0.0,0.0,0.0,7,0
