,threshold,f_measure,precision,recall,instrument_idx,num_of_occ
0,0.02,0.38323353293413176,0.2882882882882883,0.5714285714285714,0,113
1,0.29,0.4710144927536232,0.6018518518518519,0.3869047619047619,1,168
2,0.13,0.09090909090909091,0.3333333333333333,0.05263157894736842,2,19
3,0.29,0.0,0.0,0.0,3,16
4,0.26,0.10526315789473685,0.47058823529411764,0.05925925925925926,4,136
5,0.29,0.06060606060606061,0.03571428571428571,0.2,5,11
6,0.02,0.0,0.0,0.0,6,6
7,0.04,0.25,0.16666666666666666,0.5,7,16
