,threshold,f_measure,precision,recall,instrument_idx,num_of_occ
0,0.02,0.14065934065934066,0.11510791366906475,0.1807909604519774,0,177
1,0.29,0.3201892744479495,0.553133514986376,0.2253052164261931,1,901
2,0.13,0.0,0.0,0.0,2,8
3,0.29,0.0,0.0,0.0,3,15
4,0.26,0.15384615384615385,0.08333333333333333,1.0,4,1
5,0.29,0.1761006289308176,0.14583333333333334,0.2222222222222222,5,189
6,0.02,0.028985507246376805,0.01818181818181818,0.07142857142857142,6,14
7,0.04,0.0,0.0,0.0,7,22
