,threshold,f_measure,precision,recall,instrument_idx,num_of_occ
0,0.02,0.22322775263951736,0.17011494252873563,0.32456140350877194,0,228
1,0.29,0.34057971014492755,0.34814814814814815,0.3333333333333333,1,282
2,0.13,0.0,0.0,0.0,2,49
3,0.29,0.0,0.0,0.0,3,1
4,0.26,0.045454545454545456,0.16666666666666666,0.02631578947368421,4,38
5,0.29,0.2846846846846847,0.28214285714285714,0.2872727272727273,5,276
6,0.02,0.06666666666666667,0.05,0.1,6,10
7,0.04,0.0,0.0,0.0,7,9
