,threshold,f_measure,precision,recall,instrument_idx,num_of_occ
0,0.02,0.583941605839416,0.42105263157894735,0.9523809523809523,0,42
1,0.29,0.90625,0.8787878787878788,0.9354838709677419,1,31
2,0.13,0.0,0.0,0.0,2,0
3,0.29,0.5739130434782609,0.9428571428571428,0.4125,3,81
4,0.26,0.0,0.0,0.0,4,1
5,0.29,0.0,0.0,0.0,5,0
6,0.02,0.0,0.0,0.0,6,1
7,0.04,0.0,0.0,0.0,7,2
