,threshold,f_measure,precision,recall,instrument_idx,num_of_occ
0,0.02,0.16666666666666669,0.09090909090909091,1.0,0,1
1,0.29,0.9130434782608695,0.875,0.9545454545454546,1,45
2,0.13,0.0,0.0,0.0,2,1
3,0.29,0.0,0.0,0.0,3,0
4,0.26,0.0,0.0,0.0,4,0
5,0.29,0.0,0.0,0.0,5,0
6,0.02,0.3333333333333333,0.5,0.25,6,4
7,0.04,0.15384615384615383,0.14285714285714285,0.16666666666666666,7,6
