,threshold,f_measure,precision,recall,instrument_idx,num_of_occ
0,0.02,0.3673469387755102,0.26865671641791045,0.5806451612903226,0,31
1,0.29,0.46874999999999994,0.4838709677419355,0.45454545454545453,1,33
2,0.13,0.0,0.0,0.0,2,0
3,0.29,0.0,0.0,0.0,3,0
4,0.26,0.0,0.0,0.0,4,9
5,0.29,0.4347826086956522,0.36809815950920244,0.5309734513274337,5,114
6,0.02,0.0,0.0,0.0,6,0
7,0.04,0.0,0.0,0.0,7,0
