,threshold,f_measure,precision,recall,instrument_idx,num_of_occ
0,0.02,0.410958904109589,0.3237410071942446,0.5625,0,81
1,0.29,0.4367816091954023,0.5066666666666667,0.3838383838383838,1,99
2,0.13,0.25,0.5,0.16666666666666666,2,6
3,0.29,0.0,0.0,0.0,3,0
4,0.26,0.0,0.0,0.0,4,6
5,0.29,0.4444444444444444,0.43661971830985913,0.45255474452554745,5,138
6,0.02,0.0,0.0,0.0,6,4
7,0.04,0.0,0.0,0.0,7,4
