,threshold,f_measure,precision,recall,instrument_idx
1,0.27,0.8088642659279778,0.7053140096618358,0.948051948051948,1.0
3,0.08,0.8567807351077313,0.7595505617977528,0.9825581395348837,3.0
5,0.21,0.6794258373205743,0.5525291828793775,0.8819875776397516,5.0
