,threshold,f_measure,precision,recall,instrument_idx
1,0.27,0.7999999999999999,0.937984496124031,0.6974063400576369,1.0
3,0.08,0.0273972602739726,0.013888888888888888,1.0,3.0
4,0.25,0.3418803418803419,0.8695652173913043,0.2127659574468085,4.0
5,0.21,0.706359945872801,0.5553191489361702,0.9702602230483272,5.0
