,threshold,f_measure,precision,recall,instrument_idx,num_of_occ
0,0.02,0.0970873786407767,0.06944444444444445,0.16129032258064516,0,93
1,0.29,0.2682119205298013,0.2682119205298013,0.2682119205298013,1,302
2,0.13,0.0,0.0,0.0,2,11
3,0.29,0.05555555555555555,0.5,0.029411764705882353,3,442
4,0.26,0.0,0.0,0.0,4,7
5,0.29,0.16599190283400808,0.1722689075630252,0.16015625,5,256
6,0.02,0.0,0.0,0.0,6,27
7,0.04,0.0,0.0,0.0,7,31
