,threshold,f_measure,precision,recall,instrument_idx,num_of_occ
0,0.02,0.17504655493482307,0.14641744548286603,0.2175925925925926,0,217
1,0.29,0.26465028355387527,0.32407407407407407,0.22364217252396165,1,313
2,0.13,0.0,0.0,0.0,2,12
3,0.29,0.10416666666666667,0.09090909090909091,0.12195121951219512,3,41
4,0.26,0.019230769230769232,0.043478260869565216,0.012345679012345678,4,81
5,0.29,0.25838926174496646,0.2391304347826087,0.28102189781021897,5,274
6,0.02,0.03571428571428571,0.0196078431372549,0.2,6,5
7,0.04,0.0,0.0,0.0,7,3
