,threshold,f_measure,precision,recall,instrument_idx,num_of_occ
0,0.02,0.1256704980842912,0.09213483146067415,0.19759036144578312,0,416
1,0.29,0.31528662420382164,0.4049079754601227,0.258148631029987,1,768
2,0.13,0.0,0.0,0.0,2,4
3,0.29,0.28804347826086957,0.4953271028037383,0.20306513409961685,3,261
4,0.26,0.0,0.0,0.0,4,0
5,0.29,0.3785134291068083,0.35985748218527314,0.39920948616600793,5,759
6,0.02,0.0,0.0,0.0,6,132
7,0.04,0.005154639175257731,0.2,0.0026109660574412533,7,383
