,threshold,f_measure,precision,recall,instrument_idx,num_of_occ
0,0.02,0.0975609756097561,0.07407407407407407,0.14285714285714285,0,14
1,0.29,0.5454545454545454,0.5217391304347826,0.5714285714285714,1,21
2,0.13,0.0,0.0,0.0,2,3
3,0.29,0.0,0.0,0.0,3,1
4,0.26,0.0,0.0,0.0,4,1
5,0.29,0.6351351351351352,0.6438356164383562,0.6266666666666667,5,75
6,0.02,0.0,0.0,0.0,6,0
7,0.04,0.0,0.0,0.0,7,7
