,threshold,f_measure,precision,recall,instrument_idx,num_of_occ
0,0.02,0.375366568914956,0.27467811158798283,0.5925925925925926,0,108
1,0.29,0.5212121212121212,0.5972222222222222,0.46236559139784944,1,93
2,0.13,0.0,0.0,0.0,2,8
3,0.29,0.06451612903225806,0.25,0.037037037037037035,3,27
4,0.26,0.0,0.0,0.0,4,40
5,0.29,0.3975155279503106,0.35555555555555557,0.4507042253521127,5,71
6,0.02,0.0,0.0,0.0,6,2
7,0.04,0.0,0.0,0.0,7,2
