,threshold,f_measure,precision,recall,instrument_idx,num_of_occ
0,0.02,0.4497041420118343,0.34545454545454546,0.6440677966101694,0,59
1,0.29,0.4077669902912621,0.45652173913043476,0.3684210526315789,1,57
2,0.13,0.0,0.0,0.0,2,3
3,0.29,0.3835616438356164,1.0,0.23728813559322035,3,59
4,0.26,0.22222222222222224,0.5,0.14285714285714285,4,7
5,0.29,0.15238095238095237,0.1111111111111111,0.24242424242424243,5,33
6,0.02,0.0,0.0,0.0,6,0
7,0.04,0.0,0.0,0.0,7,3
