,threshold,f_measure,precision,recall,instrument_idx,num_of_occ
0,0.02,0.7000000000000001,0.5384615384615384,1.0,0,7
1,0.29,1.0,1.0,1.0,1,13
2,0.13,0.0,0.0,0.0,2,1
3,0.29,0.4799999999999999,1.0,0.3157894736842105,3,20
4,0.26,0.0,0.0,0.0,4,0
5,0.29,0.0,0.0,0.0,5,0
6,0.02,0.0,0.0,0.0,6,1
7,0.04,0.0,0.0,0.0,7,2
