,threshold,f_measure,precision,recall,instrument_idx,num_of_occ
0,0.02,0.4023668639053254,0.3090909090909091,0.576271186440678,0,59
1,0.29,0.4444444444444445,0.6,0.35294117647058826,1,103
2,0.13,0.0,0.0,0.0,2,0
3,0.29,0.0,0.0,0.0,3,0
4,0.26,0.0,0.0,0.0,4,13
5,0.29,0.458128078817734,0.43661971830985913,0.48186528497409326,5,193
6,0.02,0.0,0.0,0.0,6,0
7,0.04,0.0,0.0,0.0,7,0
