,threshold,f_measure,precision,recall,instrument_idx,num_of_occ
0,0.02,0.1420389461626575,0.10801393728222997,0.20735785953177258,0,300
1,0.29,0.4958310172317955,0.5568039950062422,0.4468937875751503,1,999
2,0.13,0.0,0.0,0.0,2,2
3,0.29,0.0,0.0,0.0,3,62
4,0.26,0.0,0.0,0.0,4,3
5,0.29,0.18910256410256407,0.16032608695652173,0.23046875,5,256
6,0.02,0.0,0.0,0.0,6,0
7,0.04,0.0,0.0,0.0,7,10
