,threshold,f_measure,precision,recall,instrument_idx,num_of_occ
0,0.02,0.13445378151260506,0.10666666666666667,0.18181818181818182,0,220
1,0.29,0.1876543209876543,0.21965317919075145,0.16379310344827586,1,233
2,0.13,0.0,0.0,0.0,2,4
3,0.29,0.0,0.0,0.0,3,268
4,0.26,0.0,0.0,0.0,4,3
5,0.29,0.36390977443609024,0.34770114942528735,0.38170347003154576,5,634
6,0.02,0.0,0.0,0.0,6,4
7,0.04,0.0,0.0,0.0,7,47
