,threshold,f_measure,precision,recall,instrument_idx,num_of_occ
0,0.02,0.2638623326959847,0.1880108991825613,0.4423076923076923,0,156
1,0.29,0.5043478260869566,0.48945147679324896,0.5201793721973094,1,223
2,0.13,0.0,0.0,0.0,2,11
3,0.29,0.2,0.25,0.16666666666666666,3,6
4,0.26,0.0,0.0,0.0,4,6
5,0.29,0.2909090909090909,0.2711864406779661,0.3137254901960784,5,102
6,0.02,0.03636363636363636,0.08333333333333333,0.023255813953488372,6,43
7,0.04,0.048780487804878044,0.5,0.02564102564102564,7,39
