,threshold,f_measure,precision,recall,instrument_idx,num_of_occ
0,0.02,0.15504340017958695,0.15792682926829268,0.1522633744855967,0,1701
1,0.29,0.3083548664944014,0.45858240819812124,0.23226643598615918,1,2312
2,0.13,0.0,0.0,0.0,2,75
3,0.29,0.04405286343612335,0.26515151515151514,0.024021962937542895,3,1457
4,0.26,0.0,0.0,0.0,4,11
5,0.29,0.22574828705373243,0.1933292155651637,0.27123050259965337,5,1154
6,0.02,0.06550218340611354,0.05928853754940711,0.07317073170731707,6,205
7,0.04,0.0598503740648379,0.11214953271028037,0.04081632653061224,7,294
