,threshold,f_measure,precision,recall,instrument_idx,num_of_occ
0,0.02,0.22591362126245845,0.1708542713567839,0.3333333333333333,0,103
1,0.29,0.2167487684729064,0.2857142857142857,0.1746031746031746,1,126
2,0.13,0.0,0.0,0.0,2,7
3,0.29,0.0,0.0,0.0,3,7
4,0.26,0.0,0.0,0.0,4,14
5,0.29,0.46613088404133174,0.47877358490566035,0.4541387024608501,5,448
6,0.02,0.0,0.0,0.0,6,1
7,0.04,0.0,0.0,0.0,7,1
