,threshold,f_measure,precision,recall,instrument_idx,num_of_occ
0,0.02,0.19374999999999998,0.14123006833712984,0.30845771144278605,0,202
1,0.29,0.2177293934681182,0.3181818181818182,0.16548463356973994,1,423
2,0.13,0.008438818565400845,0.25,0.004291845493562232,2,233
3,0.29,0.0,0.0,0.0,3,0
4,0.26,0.0,0.0,0.0,4,0
5,0.29,0.11678832116788321,0.26229508196721313,0.07511737089201878,5,213
6,0.02,0.023391812865497078,0.012269938650306749,0.25,6,8
7,0.04,0.0,0.0,0.0,7,3
