,threshold,f_measure,precision,recall,instrument_idx,num_of_occ
0,0.02,0.20618556701030927,0.16759776536312848,0.26785714285714285,0,112
1,0.29,0.32142857142857145,0.3698630136986301,0.28421052631578947,1,95
2,0.13,0.0,0.0,0.0,2,2
3,0.29,0.14814814814814817,0.45454545454545453,0.08849557522123894,3,113
4,0.26,0.0,0.0,0.0,4,12
5,0.29,0.2814569536423841,0.2698412698412698,0.29411764705882354,5,290
6,0.02,0.0,0.0,0.0,6,2
7,0.04,0.0,0.0,0.0,7,8
