,threshold,f_measure,precision,recall,instrument_idx,num_of_occ
0,0.02,0.2199108469539376,0.37755102040816324,0.15513626834381553,0,477
1,0.29,0.626095423563778,0.7315130830489193,0.5472340425531915,1,1175
2,0.13,0.0,0.0,0.0,2,2
3,0.29,0.0,0.0,0.0,3,0
4,0.26,0.0,0.0,0.0,4,2
5,0.29,0.22072072072072071,0.25,0.1975806451612903,5,248
6,0.02,0.0,0.0,0.0,6,8
7,0.04,0.0,0.0,0.0,7,24
