,threshold,f_measure,precision,recall,instrument_idx,num_of_occ
0,0.02,0.7105263157894737,0.5510204081632653,1.0,0,54
1,0.29,0.9113924050632911,0.9230769230769231,0.9,1,40
2,0.13,0.0,0.0,0.0,2,0
3,0.29,0.15384615384615385,1.0,0.08333333333333333,3,12
4,0.26,0.0,0.0,0.0,4,1
5,0.29,0.7872340425531915,0.6851851851851852,0.925,5,40
6,0.02,0.0,0.0,0.0,6,0
7,0.04,0.0,0.0,0.0,7,0
