,threshold,f_measure,precision,recall,instrument_idx,num_of_occ
0,0.02,0.5882352941176471,0.4166666666666667,1.0,0,5
1,0.29,0.888888888888889,0.8,1.0,1,4
2,0.13,0.33333333333333337,1.0,0.2,2,5
3,0.29,0.0,0.0,0.0,3,0
4,0.26,0.0,0.0,0.0,4,0
5,0.29,0.0,0.0,0.0,5,0
6,0.02,0.0,0.0,0.0,6,0
7,0.04,0.0,0.0,0.0,7,0
