,threshold,f_measure,precision,recall,instrument_idx,num_of_occ
0,0.02,0.21357943309162822,0.1624874623871615,0.31153846153846154,0,520
1,0.29,0.3447368421052631,0.3819241982507289,0.31414868105515587,1,835
2,0.13,0.0,0.0,0.0,2,147
3,0.29,0.06926406926406925,0.23529411764705882,0.04060913705583756,3,394
4,0.26,0.0,0.0,0.0,4,33
5,0.29,0.24299065420560748,0.23759791122715404,0.24863387978142076,5,366
6,0.02,0.014184397163120569,0.008928571428571428,0.034482758620689655,6,29
7,0.04,0.0,0.0,0.0,7,17
