,threshold,f_measure,precision,recall,instrument_idx,num_of_occ
0,0.02,0.20038910505836574,0.17067108533554268,0.24263839811542992,0,849
1,0.29,0.19274809160305345,0.1843065693430657,0.202,1,500
2,0.13,0.0,0.0,0.0,2,2
3,0.29,0.10427807486631016,0.17180616740088106,0.07485604606525911,3,521
4,0.26,0.0,0.0,0.0,4,1
5,0.29,0.3316062176165803,0.25380039656311965,0.47820672478206727,5,803
6,0.02,0.04135338345864662,0.11956521739130435,0.025,6,440
7,0.04,0.024896265560165973,0.10344827586206896,0.014150943396226415,7,424
