,threshold,f_measure,precision,recall,instrument_idx
1,0.27,0.7103825136612022,0.8904109589041096,0.5909090909090909,1.0
3,0.08,0.4028776978417266,0.9655172413793104,0.2545454545454545,3.0
5,0.21,0.6322580645161291,0.46226415094339623,1.0,5.0
