,threshold,f_measure,precision,recall,instrument_idx,num_of_occ
0,0.02,0.1263408820023838,0.10076045627376426,0.16932907348242812,0,314
1,0.29,0.4437246963562753,0.528957528957529,0.3821478382147838,1,717
2,0.13,0.4,1.0,0.25,2,4
3,0.29,0.0819277108433735,0.2,0.051515151515151514,3,330
4,0.26,0.0,0.0,0.0,4,5
5,0.29,0.2630057803468208,0.27492447129909364,0.2520775623268698,5,362
6,0.02,0.0320855614973262,0.020689655172413793,0.07142857142857142,6,42
7,0.04,0.10256410256410256,0.16666666666666666,0.07407407407407407,7,54
