,threshold,f_measure,precision,recall,instrument_idx,num_of_occ
0,0.02,0.3707317073170732,0.2695035460992908,0.59375,0,64
1,0.29,0.061538461538461535,0.06666666666666667,0.05714285714285714,1,35
2,0.13,0.0,0.0,0.0,2,0
3,0.29,0.0,0.0,0.0,3,0
4,0.26,0.0,0.0,0.0,4,0
5,0.29,0.0,0.0,0.0,5,0
6,0.02,0.0,0.0,0.0,6,0
7,0.04,0.010526315789473682,1.0,0.005291005291005291,7,189
