,threshold,f_measure,precision,recall,instrument_idx,num_of_occ
0,0.02,0.3089108910891089,0.2314540059347181,0.4642857142857143,0,168
1,0.29,0.3786008230452675,0.38333333333333336,0.37398373983739835,1,369
2,0.13,0.0,0.0,0.0,2,11
3,0.29,0.0898876404494382,0.6666666666666666,0.04819277108433735,3,83
4,0.26,0.0,0.0,0.0,4,51
5,0.29,0.3677510608203677,0.3485254691689008,0.38922155688622756,5,334
6,0.02,0.0,0.0,0.0,6,11
7,0.04,0.0,0.0,0.0,7,12
