,threshold,f_measure,precision,recall,instrument_idx,num_of_occ
0,0.02,0.22747747747747749,0.1672185430463576,0.35563380281690143,0,284
1,0.29,0.3448275862068966,0.4481132075471698,0.28023598820059,1,678
2,0.13,0.0,0.0,0.0,2,11
3,0.29,0.0,0.0,0.0,3,4
4,0.26,0.03686635944700461,0.17391304347826086,0.020618556701030927,4,194
5,0.29,0.4889228418640183,0.47337278106508873,0.5055292259083728,5,633
6,0.02,0.0,0.0,0.0,6,3
7,0.04,0.0,0.0,0.0,7,10
