,threshold,f_measure,precision,recall,instrument_idx,num_of_occ
0,0.02,0.2105263157894737,0.14782608695652175,0.3655913978494624,0,94
1,0.29,0.40845070422535207,0.43283582089552236,0.38666666666666666,1,150
2,0.13,0.0,0.0,0.0,2,19
3,0.29,0.20689655172413793,0.3333333333333333,0.15,3,241
4,0.26,0.0,0.0,0.0,4,7
5,0.29,0.2457002457002457,0.2222222222222222,0.27472527472527475,5,182
6,0.02,0.03636363636363636,0.022727272727272728,0.09090909090909091,6,11
7,0.04,0.18181818181818182,0.13333333333333333,0.2857142857142857,7,14
