,threshold,f_measure,precision,recall,instrument_idx,num_of_occ
0,0.02,0.6341463414634146,0.52,0.8125,0,16
1,0.29,0.8130081300813008,0.819672131147541,0.8064516129032258,1,62
2,0.13,0.0,0.0,0.0,2,1
3,0.29,0.0,0.0,0.0,3,0
4,0.26,0.0,0.0,0.0,4,3
5,0.29,0.0,0.0,0.0,5,0
6,0.02,0.0,0.0,0.0,6,1
7,0.04,0.0,0.0,0.0,7,1
