,threshold,f_measure,precision,recall,instrument_idx,num_of_occ
0,0.02,0.4551724137931034,0.39759036144578314,0.532258064516129,0,63
1,0.29,0.4444444444444444,0.5769230769230769,0.3614457831325301,1,83
2,0.13,0.0,0.0,0.0,2,0
3,0.29,0.0,0.0,0.0,3,0
4,0.26,0.0,0.0,0.0,4,0
5,0.29,0.5536332179930795,0.49382716049382713,0.6299212598425197,5,128
6,0.02,0.0,0.0,0.0,6,0
7,0.04,0.0,0.0,0.0,7,0
