,threshold,f_measure,precision,recall,instrument_idx,num_of_occ
0,0.02,0.6933333333333334,0.5416666666666666,0.9629629629629629,0,27
1,0.29,0.7894736842105263,0.9375,0.6818181818181818,1,22
2,0.13,0.0,0.0,0.0,2,0
3,0.29,0.0,0.0,0.0,3,0
4,0.26,0.0,0.0,0.0,4,5
5,0.29,0.684931506849315,0.6756756756756757,0.6944444444444444,5,36
6,0.02,0.0,0.0,0.0,6,0
7,0.04,0.0,0.0,0.0,7,0
