,threshold,f_measure,precision,recall,instrument_idx,num_of_occ
0,0.02,0.15477629987908098,0.16040100250626566,0.14953271028037382,0,429
1,0.29,0.28541226215644816,0.3813559322033898,0.22804054054054054,1,592
2,0.13,0.0,0.0,0.0,2,21
3,0.29,0.2992125984251969,0.5277777777777778,0.2087912087912088,3,182
4,0.26,0.0,0.0,0.0,4,10
5,0.29,0.2867012089810017,0.2881944444444444,0.2852233676975945,5,583
6,0.02,0.0,0.0,0.0,6,15
7,0.04,0.11764705882352941,0.125,0.1111111111111111,7,9
