,threshold,f_measure,precision,recall,instrument_idx,num_of_occ
0,0.02,0.42904290429042913,0.3155339805825243,0.6701030927835051,0,97
1,0.29,0.34972677595628415,0.5,0.2689075630252101,1,119
2,0.13,0.039603960396039604,0.2222222222222222,0.021739130434782608,2,92
3,0.29,0.0,0.0,0.0,3,0
4,0.26,0.0,0.0,0.0,4,0
5,0.29,0.2,0.5,0.125,5,40
6,0.02,0.10666666666666667,0.06349206349206349,0.3333333333333333,6,12
7,0.04,0.3,0.2,0.6,7,5
