,threshold,f_measure,precision,recall,instrument_idx,num_of_occ
0,0.02,0.14558823529411766,0.11199095022624435,0.20798319327731093,0,476
1,0.29,0.19444444444444445,0.21158690176322417,0.17987152034261242,1,467
2,0.13,0.0,0.0,0.0,2,10
3,0.29,0.11397557666214383,0.4329896907216495,0.065625,3,640
4,0.26,0.08403361344537816,0.38461538461538464,0.04716981132075472,4,106
5,0.29,0.38332368268674,0.34515119916579773,0.4309895833333333,5,768
6,0.02,0.0,0.0,0.0,6,0
7,0.04,0.0,0.0,0.0,7,162
