,threshold,f_measure,precision,recall,instrument_idx,num_of_occ
0,0.02,0.72,0.5625,1.0,0,18
1,0.29,0.3636363636363636,1.0,0.2222222222222222,1,10
2,0.13,0.0,0.0,0.0,2,0
3,0.29,0.0,0.0,0.0,3,0
4,0.26,0.0,0.0,0.0,4,1
5,0.29,0.8399999999999999,0.7368421052631579,0.9767441860465116,5,43
6,0.02,0.0,0.0,0.0,6,0
7,0.04,0.0,0.0,0.0,7,4
