,threshold,f_measure,precision,recall,instrument_idx,num_of_occ
0,0.02,0.37837837837837845,0.26540284360189575,0.6588235294117647,0,85
1,0.29,0.2702702702702703,0.20833333333333334,0.38461538461538464,1,65
2,0.13,0.0,0.0,0.0,2,1
3,0.29,0.4,0.6,0.3,3,10
4,0.26,0.0,0.0,0.0,4,0
5,0.29,0.1643835616438356,0.0967741935483871,0.5454545454545454,5,11
6,0.02,0.06896551724137931,0.14285714285714285,0.045454545454545456,6,22
7,0.04,0.10526315789473684,1.0,0.05555555555555555,7,18
