,threshold,f_measure,precision,recall,instrument_idx,num_of_occ
0,0.02,0.35,0.2768361581920904,0.47572815533980584,0,103
1,0.29,0.380952380952381,0.5,0.3076923076923077,1,91
2,0.13,0.0,0.0,0.0,2,4
3,0.29,0.0,0.0,0.0,3,0
4,0.26,0.0,0.0,0.0,4,9
5,0.29,0.3710691823899371,0.3933333333333333,0.35119047619047616,5,168
6,0.02,0.0,0.0,0.0,6,0
7,0.04,0.0,0.0,0.0,7,0
