,threshold,f_measure,precision,recall,instrument_idx,num_of_occ
0,0.02,0.39647577092511016,0.30405405405405406,0.569620253164557,0,80
1,0.29,0.4761904761904762,0.46511627906976744,0.4878048780487805,1,82
2,0.13,0.0,0.0,0.0,2,5
3,0.29,0.0,0.0,0.0,3,32
4,0.26,0.0,0.0,0.0,4,7
5,0.29,0.5660377358490566,0.48,0.6896551724137931,5,88
6,0.02,0.0,0.0,0.0,6,7
7,0.04,0.0,0.0,0.0,7,6
