,threshold,f_measure,precision,recall,instrument_idx,num_of_occ
0,0.02,0.2741116751269036,0.20930232558139536,0.39705882352941174,0,68
1,0.29,0.36879432624113473,0.40625,0.33766233766233766,1,77
2,0.13,0.0,0.0,0.0,2,5
3,0.29,0.0,0.0,0.0,3,0
4,0.26,0.25,1.0,0.14285714285714285,4,7
5,0.29,0.31501831501831506,0.31851851851851853,0.3115942028985507,5,138
6,0.02,0.0,0.0,0.0,6,1
7,0.04,0.0,0.0,0.0,7,3
