,threshold,f_measure,precision,recall,instrument_idx,num_of_occ
0,0.02,0.13984168865435354,0.1062124248496994,0.20463320463320464,0,259
1,0.29,0.4526987811955891,0.49429657794676807,0.41755888650963596,1,935
2,0.13,0.0,0.0,0.0,2,0
3,0.29,0.0,0.0,0.0,3,0
4,0.26,0.0,0.0,0.0,4,0
5,0.29,0.021897810218978103,0.017142857142857144,0.030303030303030304,5,99
6,0.02,0.0,0.0,0.0,6,0
7,0.04,0.0,0.0,0.0,7,0
