,threshold,f_measure,precision,recall,instrument_idx,num_of_occ
0,0.02,0.271356783919598,0.20532319391634982,0.4,0,135
1,0.29,0.23094688221709003,0.26881720430107525,0.20242914979757085,1,247
2,0.13,0.0,0.0,0.0,2,8
3,0.29,0.0,0.0,0.0,3,0
4,0.26,0.0,0.0,0.0,4,3
5,0.29,0.2168674698795181,0.20454545454545456,0.23076923076923078,5,195
6,0.02,0.0,0.0,0.0,6,5
7,0.04,0.0,0.0,0.0,7,8
