,threshold,f_measure,precision,recall,instrument_idx,num_of_occ
0,0.02,0.133216476774759,0.10119840213049268,0.19487179487179487,0,390
1,0.29,0.1925925925925926,0.203125,0.18309859154929578,1,426
2,0.13,0.0,0.0,0.0,2,26
3,0.29,0.0,0.0,0.0,3,124
4,0.26,0.025641025641025644,0.25,0.013513513513513514,4,148
5,0.29,0.2828507795100223,0.25553319919517103,0.3167082294264339,5,401
6,0.02,0.0,0.0,0.0,6,2
7,0.04,0.125,0.14285714285714285,0.1111111111111111,7,9
