,threshold,f_measure,precision,recall,instrument_idx,num_of_occ
0,0.02,0.7333333333333334,0.5789473684210527,1.0,0,33
1,0.29,0.8205128205128205,0.9411764705882353,0.7272727272727273,1,22
2,0.13,0.0,0.0,0.0,2,4
3,0.29,0.0,0.0,0.0,3,0
4,0.26,0.6666666666666666,1.0,0.5,4,2
5,0.29,0.8521739130434782,0.7538461538461538,0.98,5,50
6,0.02,0.0,0.0,0.0,6,2
7,0.04,0.0,0.0,0.0,7,2
