,threshold,f_measure,precision,recall,instrument_idx,num_of_occ
0,0.02,0.5321100917431193,0.4084507042253521,0.7631578947368421,0,38
1,0.29,0.5753424657534247,0.6,0.5526315789473685,1,114
2,0.13,0.0,0.0,0.0,2,2
3,0.29,0.5,0.5,0.5,3,2
4,0.26,0.0,0.0,0.0,4,22
5,0.29,0.5915492957746479,0.5478260869565217,0.6428571428571429,5,98
6,0.02,0.0,0.0,0.0,6,2
7,0.04,0.25,0.16666666666666666,0.5,7,2
