,threshold,f_measure,precision,recall,instrument_idx,num_of_occ
0,0.02,0.19478260869565217,0.14583333333333334,0.2931937172774869,0,192
1,0.29,0.313588850174216,0.3284671532846715,0.3,1,150
2,0.13,0.0,0.0,0.0,2,12
3,0.29,0.13333333333333333,0.1111111111111111,0.16666666666666666,3,6
4,0.26,0.0,0.0,0.0,4,40
5,0.29,0.4634994206257242,0.48661800486618007,0.4424778761061947,5,453
6,0.02,0.0,0.0,0.0,6,0
7,0.04,0.1818181818181818,0.16666666666666666,0.2,7,10
