,threshold,f_measure,precision,recall,instrument_idx,num_of_occ
0,0.02,0.11327762302692665,0.08519553072625698,0.16897506925207756,0,361
1,0.29,0.22119815668202766,0.31893687707641194,0.1693121693121693,1,567
2,0.13,0.0,0.0,0.0,2,15
3,0.29,0.030534351145038167,0.11428571428571428,0.01762114537444934,3,227
4,0.26,0.30769230769230765,0.3333333333333333,0.2857142857142857,4,7
5,0.29,0.34121122599704573,0.28589108910891087,0.4230769230769231,5,547
6,0.02,0.0,0.0,0.0,6,0
7,0.04,0.0,0.0,0.0,7,190
