,threshold,f_measure,precision,recall,instrument_idx,num_of_occ
0,0.02,0.17274472168905952,0.14705882352941177,0.20930232558139536,0,215
1,0.29,0.16091954022988508,0.16666666666666666,0.15555555555555556,1,45
2,0.13,0.0,0.0,0.0,2,0
3,0.29,0.2807017543859649,0.3371647509578544,0.24043715846994534,3,366
4,0.26,0.0,0.0,0.0,4,0
5,0.29,0.22418879056047197,0.2222222222222222,0.2261904761904762,5,168
6,0.02,0.0,0.0,0.0,6,1
7,0.04,0.0,0.0,0.0,7,2
