,threshold,f_measure,precision,recall,instrument_idx,num_of_occ
0,0.02,0.3470319634703196,0.3089430894308943,0.3958333333333333,0,97
1,0.29,0.4166666666666667,0.5555555555555556,0.3333333333333333,1,30
2,0.13,0.0,0.0,0.0,2,0
3,0.29,0.0,0.0,0.0,3,0
4,0.26,0.0,0.0,0.0,4,0
5,0.29,0.5920000000000001,0.5648854961832062,0.6218487394957983,5,120
6,0.02,0.0,0.0,0.0,6,0
7,0.04,0.0,0.0,0.0,7,0
