,threshold,f_measure,precision,recall,instrument_idx,num_of_occ
0,0.02,0.13987895090786817,0.11926605504587157,0.16910569105691056,0,616
1,0.29,0.4926289926289927,0.5092063492063492,0.4770969660916121,1,1681
2,0.13,0.0,0.0,0.0,2,22
3,0.29,0.0,0.0,0.0,3,6
4,0.26,0.0,0.0,0.0,4,2
5,0.29,0.14782608695652175,0.12718204488778054,0.17647058823529413,5,289
6,0.02,0.03125,0.0234375,0.046875,6,64
7,0.04,0.05369127516778525,0.08888888888888889,0.038461538461538464,7,104
