,threshold,f_measure,precision,recall,instrument_idx,num_of_occ
0,0.02,0.2345679012345679,0.18446601941747573,0.3220338983050847,0,118
1,0.29,0.27325581395348836,0.3357142857142857,0.23039215686274508,1,204
2,0.13,0.0,0.0,0.0,2,5
3,0.29,0.0,0.0,0.0,3,56
4,0.26,0.043478260869565216,0.07692307692307693,0.030303030303030304,4,33
5,0.29,0.3964497041420118,0.3526315789473684,0.4527027027027027,5,148
6,0.02,0.0,0.0,0.0,6,0
7,0.04,0.0,0.0,0.0,7,2
