,threshold,f_measure,precision,recall,instrument_idx,num_of_occ
0,0.02,0.021978021978021976,0.017543859649122806,0.029411764705882353,0,34
1,0.29,0.4444444444444445,0.4,0.5,1,4
2,0.13,0.0,0.0,0.0,2,0
3,0.29,0.0,0.0,0.0,3,0
4,0.26,0.0,0.0,0.0,4,113
5,0.29,0.6666666666666666,0.7386231038506418,0.6074856046065259,5,1043
6,0.02,0.0,0.0,0.0,6,0
7,0.04,0.0,0.0,0.0,7,0
