,threshold,f_measure,precision,recall,instrument_idx,num_of_occ
0,0.02,0.30534351145038163,0.2247191011235955,0.47619047619047616,0,42
1,0.29,0.38414634146341464,0.39622641509433965,0.3727810650887574,1,169
2,0.13,0.0,0.0,0.0,2,5
3,0.29,0.08695652173913042,0.47368421052631576,0.047872340425531915,3,188
4,0.26,0.0,0.0,0.0,4,0
5,0.29,0.2777777777777778,0.2564102564102564,0.30303030303030304,5,99
6,0.02,0.0,0.0,0.0,6,0
7,0.04,0.0,0.0,0.0,7,3
