,threshold,f_measure,precision,recall,instrument_idx,num_of_occ
0,0.02,0.7692307692307693,0.625,1.0,0,10
1,0.29,0.9600000000000001,0.9230769230769231,1.0,1,12
2,0.13,0.0,0.0,0.0,2,2
3,0.29,0.0,0.0,0.0,3,0
4,0.26,0.5714285714285715,0.6666666666666666,0.5,4,4
5,0.29,0.7592592592592593,0.7735849056603774,0.7454545454545455,5,55
6,0.02,0.0,0.0,0.0,6,0
7,0.04,0.0,0.0,0.0,7,0
