,threshold,f_measure,precision,recall,instrument_idx,num_of_occ
0,0.02,0.16431924882629106,0.1263537906137184,0.2348993288590604,0,298
1,0.29,0.25246548323471396,0.25346534653465347,0.25147347740667975,1,509
2,0.13,0.0,0.0,0.0,2,17
3,0.29,0.01282051282051282,0.06666666666666667,0.0070921985815602835,3,141
4,0.26,0.057971014492753624,0.4,0.03125,4,128
5,0.29,0.2986198243412798,0.259825327510917,0.35103244837758113,5,339
6,0.02,0.0,0.0,0.0,6,8
7,0.04,0.0,0.0,0.0,7,18
