,threshold,f_measure,precision,recall,instrument_idx,num_of_occ
0,0.02,0.39716312056737585,0.2978723404255319,0.5957446808510638,0,95
1,0.29,0.4150943396226415,0.5238095238095238,0.34375,1,64
2,0.13,0.0,0.0,0.0,2,0
3,0.29,0.0,0.0,0.0,3,0
4,0.26,0.0,0.0,0.0,4,0
5,0.29,0.4754420432220039,0.4763779527559055,0.4745098039215686,5,256
6,0.02,0.0,0.0,0.0,6,0
7,0.04,0.0,0.0,0.0,7,0
