,threshold,f_measure,precision,recall,instrument_idx,num_of_occ
0,0.02,0.5814977973568282,0.4429530201342282,0.8461538461538461,0,78
1,0.29,0.732919254658385,0.7564102564102564,0.7108433734939759,1,83
2,0.13,0.0,0.0,0.0,2,13
3,0.29,0.32967032967032966,0.7894736842105263,0.20833333333333334,3,72
4,0.26,0.0,0.0,0.0,4,0
5,0.29,0.41860465116279066,0.32142857142857145,0.6,5,30
6,0.02,0.0,0.0,0.0,6,1
7,0.04,0.0,0.0,0.0,7,4
