,threshold,f_measure,precision,recall,instrument_idx
1,0.27,0.976,0.9682539682539683,0.9838709677419355,1.0
4,0.25,0.5,1.0,0.3333333333333333,4.0
