,threshold,f_measure,precision,recall,instrument_idx,num_of_occ
0,0.02,0.4927536231884058,0.4,0.6415094339622641,0,53
1,0.29,0.6037735849056604,0.7441860465116279,0.5079365079365079,1,63
2,0.13,0.0,0.0,0.0,2,5
3,0.29,0.0,0.0,0.0,3,2
4,0.26,0.13333333333333333,0.16666666666666666,0.1111111111111111,4,9
5,0.29,0.6099290780141844,0.6417910447761194,0.581081081081081,5,74
6,0.02,0.0,0.0,0.0,6,1
7,0.04,0.0,0.0,0.0,7,1
