,threshold,f_measure,precision,recall,instrument_idx,num_of_occ
0,0.02,0.6785714285714285,0.5205479452054794,0.9743589743589743,0,40
1,0.29,0.8064516129032259,0.8333333333333334,0.78125,1,32
2,0.13,0.0,0.0,0.0,2,3
3,0.29,0.0,0.0,0.0,3,0
4,0.26,0.6666666666666666,1.0,0.5,4,2
5,0.29,0.8396946564885496,0.8870967741935484,0.7971014492753623,5,139
6,0.02,0.0,0.0,0.0,6,1
7,0.04,0.0,0.0,0.0,7,0
