,threshold,f_measure,precision,recall,instrument_idx,num_of_occ
0,0.02,0.6582278481012659,0.5,0.9629629629629629,0,27
1,0.29,0.825,0.7857142857142857,0.868421052631579,1,38
2,0.13,0.0,0.0,0.0,2,2
3,0.29,0.0,0.0,0.0,3,0
4,0.26,0.0,0.0,0.0,4,0
5,0.29,0.7651006711409396,0.76,0.7702702702702703,5,75
6,0.02,0.0,0.0,0.0,6,2
7,0.04,0.0,0.0,0.0,7,6
