,threshold,f_measure,precision,recall,instrument_idx,num_of_occ
0,0.02,0.14739884393063582,0.1146067415730337,0.20647773279352227,0,247
1,0.29,0.23776223776223776,0.23448275862068965,0.24113475177304963,1,141
2,0.13,0.0,0.0,0.0,2,15
3,0.29,0.0,0.0,0.0,3,0
4,0.26,0.0,0.0,0.0,4,10
5,0.29,0.5068322981366459,0.5055762081784386,0.5080946450809465,5,803
6,0.02,0.0,0.0,0.0,6,13
7,0.04,0.0,0.0,0.0,7,37
