,threshold,f_measure,precision,recall,instrument_idx,num_of_occ
0,0.02,0.6,0.46153846153846156,0.8571428571428571,0,7
1,0.29,0.6666666666666666,1.0,0.5,1,4
2,0.13,0.0,0.0,0.0,2,0
3,0.29,0.0,0.0,0.0,3,0
4,0.26,0.0,0.0,0.0,4,0
5,0.29,0.85,0.7391304347826086,1.0,5,17
6,0.02,0.0,0.0,0.0,6,0
7,0.04,0.0,0.0,0.0,7,0
