,threshold,f_measure,precision,recall,instrument_idx,num_of_occ
0,0.02,0.5227272727272727,0.3898305084745763,0.7931034482758621,0,87
1,0.29,0.6769230769230768,0.6470588235294118,0.7096774193548387,1,62
2,0.13,0.0,0.0,0.0,2,14
3,0.29,0.10309278350515463,0.7142857142857143,0.05555555555555555,3,90
4,0.26,0.0,0.0,0.0,4,0
5,0.29,0.5333333333333333,0.5070422535211268,0.5625,5,64
6,0.02,0.16666666666666666,0.2,0.14285714285714285,6,7
7,0.04,0.0,0.0,0.0,7,3
