,threshold,f_measure,precision,recall,instrument_idx,num_of_occ
0,0.02,0.4551724137931034,0.3402061855670103,0.6875,0,48
1,0.29,0.5810810810810811,0.6515151515151515,0.524390243902439,1,82
2,0.13,0.0,0.0,0.0,2,0
3,0.29,0.0,0.0,0.0,3,0
4,0.26,0.0,0.0,0.0,4,0
5,0.29,0.5836575875486382,0.5357142857142857,0.6410256410256411,5,118
6,0.02,0.0,0.0,0.0,6,4
7,0.04,0.25,0.5,0.16666666666666666,7,6
