,threshold,f_measure,precision,recall,instrument_idx
1,0.27,0.7636363636363637,1.0,0.6176470588235294,1.0
5,0.21,0.9496402877697843,0.9565217391304348,0.9428571428571428,5.0
