,threshold,f_measure,precision,recall,instrument_idx,num_of_occ
0,0.02,0.17399438727782976,0.1332378223495702,0.25067385444743934,0,371
1,0.29,0.24104803493449778,0.3108108108108108,0.19686162624821682,1,701
2,0.13,0.0,0.0,0.0,2,12
3,0.29,0.011019283746556474,0.25,0.005633802816901409,3,355
4,0.26,0.0,0.0,0.0,4,51
5,0.29,0.38705137227304715,0.37262872628726285,0.40263543191800877,5,683
6,0.02,0.0,0.0,0.0,6,2
7,0.04,0.0,0.0,0.0,7,17
