,threshold,f_measure,precision,recall,instrument_idx,num_of_occ
0,0.02,0.3684210526315789,0.28,0.5384615384615384,0,91
1,0.29,0.42914979757085026,0.5824175824175825,0.33974358974358976,1,156
2,0.13,0.0,0.0,0.0,2,8
3,0.29,0.0,0.0,0.0,3,0
4,0.26,0.0,0.0,0.0,4,24
5,0.29,0.4318181818181818,0.38,0.5,5,115
6,0.02,0.0,0.0,0.0,6,7
7,0.04,0.0,0.0,0.0,7,5
