,threshold,f_measure,precision,recall,instrument_idx,num_of_occ
0,0.02,0.5040650406504065,0.3522727272727273,0.8857142857142857,0,35
1,0.29,0.870967741935484,0.7714285714285715,1.0,1,27
2,0.13,0.0,0.0,0.0,2,1
3,0.29,0.0,0.0,0.0,3,0
4,0.26,0.0,0.0,0.0,4,0
5,0.29,0.45283018867924535,0.3157894736842105,0.8,5,15
6,0.02,0.0,0.0,0.0,6,1
7,0.04,0.0,0.0,0.0,7,9
