,threshold,f_measure,precision,recall,instrument_idx,num_of_occ
0,0.02,0.15522388059701492,0.12220916568742655,0.21267893660531698,0,489
1,0.29,0.16506189821182943,0.1935483870967742,0.14388489208633093,1,417
2,0.13,0.0,0.0,0.0,2,15
3,0.29,0.0,0.0,0.0,3,1
4,0.26,0.0,0.0,0.0,4,356
5,0.29,0.47133757961783435,0.4928639391056137,0.45161290322580644,5,1147
6,0.02,0.0,0.0,0.0,6,2
7,0.04,0.0,0.0,0.0,7,30
