,threshold,f_measure,precision,recall,instrument_idx,num_of_occ
0,0.02,0.8363636363636363,0.71875,1.0,0,23
1,0.29,0.7142857142857143,1.0,0.5555555555555556,1,9
2,0.13,0.0,0.0,0.0,2,0
3,0.29,0.0,0.0,0.0,3,0
4,0.26,0.0,0.0,0.0,4,2
5,0.29,0.8571428571428572,0.8059701492537313,0.9152542372881356,5,59
6,0.02,0.0,0.0,0.0,6,0
7,0.04,0.0,0.0,0.0,7,0
