,threshold,f_measure,precision,recall,instrument_idx,num_of_occ
0,0.02,0.21600771456123433,0.2200392927308448,0.21212121212121213,0,528
1,0.29,0.563613758806465,0.5629139072847682,0.5643153526970954,1,1205
2,0.13,0.0,0.0,0.0,2,0
3,0.29,0.0,0.0,0.0,3,0
4,0.26,0.0,0.0,0.0,4,0
5,0.29,0.1721170395869191,0.1607717041800643,0.18518518518518517,5,270
6,0.02,0.0,0.0,0.0,6,0
7,0.04,0.0,0.0,0.0,7,6
