,threshold,f_measure,precision,recall,instrument_idx,num_of_occ
0,0.02,0.16110471806674337,0.1590909090909091,0.16317016317016317,0,430
1,0.29,0.37106918238993714,0.4,0.3460410557184751,1,682
2,0.13,0.0,0.0,0.0,2,27
3,0.29,0.07096774193548386,0.20754716981132076,0.042801556420233464,3,257
4,0.26,0.0,0.0,0.0,4,35
5,0.29,0.2918615528531338,0.319672131147541,0.2685025817555938,5,582
6,0.02,0.0923076923076923,0.07317073170731707,0.125,6,24
7,0.04,0.037037037037037035,0.05555555555555555,0.027777777777777776,7,36
