,threshold,f_measure,precision,recall,instrument_idx,num_of_occ
0,0.02,0.25855513307984795,0.21794871794871795,0.3177570093457944,0,108
1,0.29,0.2571428571428571,0.3103448275862069,0.21951219512195122,1,41
2,0.13,0.0,0.0,0.0,2,1
3,0.29,0.0,0.0,0.0,3,0
4,0.26,0.0,0.0,0.0,4,12
5,0.29,0.2662440570522979,0.2608695652173913,0.27184466019417475,5,310
6,0.02,0.0,0.0,0.0,6,0
7,0.04,0.0,0.0,0.0,7,0
