,threshold,f_measure,precision,recall,instrument_idx,num_of_occ
0,0.02,0.6190476190476191,0.45614035087719296,0.9629629629629629,0,54
1,0.29,0.7135135135135134,0.7857142857142857,0.6534653465346535,1,101
2,0.13,0.0,0.0,0.0,2,4
3,0.29,0.015625,1.0,0.007874015748031496,3,127
4,0.26,0.0,0.0,0.0,4,0
5,0.29,0.7791164658634538,0.7698412698412699,0.7886178861788617,5,123
6,0.02,0.0,0.0,0.0,6,0
7,0.04,0.0,0.0,0.0,7,0
