,threshold,f_measure,precision,recall,instrument_idx,num_of_occ
0,0.02,0.6382978723404255,0.47619047619047616,0.967741935483871,0,32
1,0.29,0.8524590163934426,0.896551724137931,0.8125,1,32
2,0.13,0.0,0.0,0.0,2,2
3,0.29,0.0,0.0,0.0,3,0
4,0.26,0.0,0.0,0.0,4,5
5,0.29,0.6440677966101694,0.6705882352941176,0.6195652173913043,5,92
6,0.02,0.0,0.0,0.0,6,1
7,0.04,0.0,0.0,0.0,7,2
