,threshold,f_measure,precision,recall,instrument_idx,num_of_occ
0,0.02,0.0,0.0,0.0,0,0
1,0.29,0.9166666666666666,1.0,0.8461538461538461,1,13
2,0.13,0.0,0.0,0.0,2,2
3,0.29,0.0,0.0,0.0,3,0
4,0.26,0.3333333333333333,0.5,0.25,4,4
5,0.29,0.7142857142857144,0.5660377358490566,0.967741935483871,5,31
6,0.02,0.0,0.0,0.0,6,0
7,0.04,0.0,0.0,0.0,7,0
