,threshold,f_measure,precision,recall,instrument_idx,num_of_occ
0,0.02,0.2251655629139073,0.17586206896551723,0.3128834355828221,0,164
1,0.29,0.2832618025751073,0.3548387096774194,0.2357142857142857,1,140
2,0.13,0.0,0.0,0.0,2,4
3,0.29,0.0,0.0,0.0,3,0
4,0.26,0.0,0.0,0.0,4,4
5,0.29,0.503831417624521,0.5177165354330708,0.4906716417910448,5,537
6,0.02,0.0,0.0,0.0,6,0
7,0.04,0.0,0.0,0.0,7,4
