,threshold,f_measure,precision,recall,instrument_idx,num_of_occ
0,0.02,0.35602094240837695,0.27091633466135456,0.5190839694656488,0,131
1,0.29,0.6415094339622641,0.6375,0.6455696202531646,1,79
2,0.13,0.0,0.0,0.0,2,2
3,0.29,0.0,0.0,0.0,3,133
4,0.26,0.0,0.0,0.0,4,0
5,0.29,0.0,0.0,0.0,5,0
6,0.02,0.0,0.0,0.0,6,0
7,0.04,0.0,0.0,0.0,7,0
