,threshold,f_measure,precision,recall,instrument_idx,num_of_occ
0,0.02,0.06734992679355783,0.04967602591792657,0.10454545454545454,0,220
1,0.29,0.15916955017301038,0.16666666666666666,0.152317880794702,1,302
2,0.13,0.0,0.0,0.0,2,7
3,0.29,0.13872832369942198,0.35502958579881655,0.08620689655172414,3,696
4,0.26,0.0,0.0,0.0,4,3
5,0.29,0.27906976744186046,0.23695345557122707,0.3393939393939394,5,495
6,0.02,0.0,0.0,0.0,6,0
7,0.04,0.01098901098901099,0.043478260869565216,0.006289308176100629,7,159
