,threshold,f_measure,precision,recall,instrument_idx,num_of_occ
0,0.02,0.33333333333333337,0.2,1.0,0,5
1,0.29,0.8235294117647058,0.7,1.0,1,7
2,0.13,0.4444444444444445,0.4,0.5,2,5
3,0.29,0.0,0.0,0.0,3,0
4,0.26,0.0,0.0,0.0,4,0
5,0.29,0.0,0.0,0.0,5,0
6,0.02,0.1818181818181818,0.1111111111111111,0.5,6,2
7,0.04,0.4,0.3333333333333333,0.5,7,2
