,threshold,f_measure,precision,recall,instrument_idx,num_of_occ
0,0.02,0.2920634920634921,0.22549019607843138,0.4144144144144144,0,112
1,0.29,0.4488188976377953,0.5377358490566038,0.38513513513513514,1,148
2,0.13,0.0,0.0,0.0,2,6
3,0.29,0.0,0.0,0.0,3,0
4,0.26,0.0,0.0,0.0,4,11
5,0.29,0.29698375870069604,0.29357798165137616,0.3004694835680751,5,213
6,0.02,0.0,0.0,0.0,6,2
7,0.04,0.0,0.0,0.0,7,3
