,threshold,f_measure,precision,recall,instrument_idx,num_of_occ
0,0.02,0.5547445255474454,0.4175824175824176,0.8260869565217391,0,46
1,0.29,0.8055555555555555,0.8529411764705882,0.7631578947368421,1,38
2,0.13,0.0,0.0,0.0,2,48
3,0.29,0.0,0.0,0.0,3,1
4,0.26,0.0,0.0,0.0,4,0
5,0.29,0.25000000000000006,0.46153846153846156,0.17142857142857143,5,35
6,0.02,0.0,0.0,0.0,6,3
7,0.04,0.15384615384615383,0.25,0.1111111111111111,7,9
