,threshold,f_measure,precision,recall,instrument_idx,num_of_occ
0,0.02,0.5753424657534247,0.40384615384615385,1.0,0,21
1,0.29,0.9,0.9,0.9,1,10
2,0.13,0.6153846153846153,0.7272727272727273,0.5333333333333333,2,15
3,0.29,0.0,0.0,0.0,3,0
4,0.26,0.0,0.0,0.0,4,0
5,0.29,0.0,0.0,0.0,5,0
6,0.02,0.0,0.0,0.0,6,0
7,0.04,0.0,0.0,0.0,7,0
