,threshold,f_measure,precision,recall,instrument_idx,num_of_occ
0,0.02,0.3908045977011494,0.2833333333333333,0.6296296296296297,0,27
1,0.29,0.4957264957264957,0.47540983606557374,0.5178571428571429,1,56
2,0.13,0.0,0.0,0.0,2,6
3,0.29,0.0,0.0,0.0,3,3
4,0.26,0.0,0.0,0.0,4,0
5,0.29,0.44368600682593856,0.4744525547445255,0.4166666666666667,5,156
6,0.02,0.0,0.0,0.0,6,2
7,0.04,0.0,0.0,0.0,7,12
