,threshold,f_measure,precision,recall,instrument_idx
1,0.27,0.9430894308943091,1.0,0.8923076923076924,1.0
