,threshold,f_measure,precision,recall,instrument_idx,num_of_occ
0,0.02,0.03636363636363636,0.027777777777777776,0.05263157894736842,0,19
1,0.29,0.42424242424242425,0.4117647058823529,0.4375,1,32
2,0.13,0.0,0.0,0.0,2,2
3,0.29,0.36411609498680736,0.6,0.26136363636363635,3,264
4,0.26,0.0,0.0,0.0,4,0
5,0.29,0.2953020134228188,0.39285714285714285,0.23655913978494625,5,93
6,0.02,0.0,0.0,0.0,6,0
7,0.04,0.25,1.0,0.14285714285714285,7,7
