,threshold,f_measure,precision,recall,instrument_idx,num_of_occ
0,0.02,0.7346938775510204,0.6,0.9473684210526315,0,19
1,0.29,0.8108108108108107,0.8823529411764706,0.75,1,20
2,0.13,0.0,0.0,0.0,2,0
3,0.29,0.0,0.0,0.0,3,0
4,0.26,0.0,0.0,0.0,4,2
5,0.29,0.8198757763975156,0.7415730337078652,0.9166666666666666,5,72
6,0.02,0.0,0.0,0.0,6,0
7,0.04,0.0,0.0,0.0,7,0
