,threshold,f_measure,precision,recall,instrument_idx,num_of_occ
0,0.02,0.14814814814814817,0.10096153846153846,0.2781456953642384,0,151
1,0.29,0.21497120921305182,0.24242424242424243,0.19310344827586207,1,290
2,0.13,0.0,0.0,0.0,2,5
3,0.29,0.3499999999999999,0.5231316725978647,0.2629695885509839,3,559
4,0.26,0.0,0.0,0.0,4,5
5,0.29,0.18047882136279927,0.1590909090909091,0.20851063829787234,5,235
6,0.02,0.0,0.0,0.0,6,0
7,0.04,0.1739130434782609,0.3333333333333333,0.11764705882352941,7,34
