,threshold,f_measure,precision,recall,instrument_idx,num_of_occ
0,0.02,0.21843003412969283,0.1711229946524064,0.3018867924528302,0,107
1,0.29,0.3345864661654136,0.3436293436293436,0.326007326007326,1,273
2,0.13,0.0,0.0,0.0,2,8
3,0.29,0.0,0.0,0.0,3,3
4,0.26,0.0,0.0,0.0,4,12
5,0.29,0.2649434571890145,0.2586750788643533,0.271523178807947,5,303
6,0.02,0.0,0.0,0.0,6,0
7,0.04,0.0,0.0,0.0,7,0
