,threshold,f_measure,precision,recall,instrument_idx,num_of_occ
0,0.02,0.5060240963855421,0.3684210526315789,0.8076923076923077,0,26
1,0.29,0.5882352941176471,0.8333333333333334,0.45454545454545453,1,44
2,0.13,0.0,0.0,0.0,2,3
3,0.29,0.0,0.0,0.0,3,0
4,0.26,0.0,0.0,0.0,4,6
5,0.29,0.7557603686635945,0.7387387387387387,0.7735849056603774,5,106
6,0.02,0.0,0.0,0.0,6,1
7,0.04,0.0,0.0,0.0,7,3
