,threshold,f_measure,precision,recall,instrument_idx,num_of_occ
0,0.02,0.2103896103896104,0.1603960396039604,0.30566037735849055,0,265
1,0.29,0.3317307692307692,0.40233236151603496,0.2822085889570552,1,489
2,0.13,0.0,0.0,0.0,2,1
3,0.29,0.0,0.0,0.0,3,0
4,0.26,0.058823529411764705,0.15,0.036585365853658534,4,82
5,0.29,0.3353437876960193,0.3349397590361446,0.3357487922705314,5,414
6,0.02,0.0,0.0,0.0,6,4
7,0.04,0.0,0.0,0.0,7,11
