,threshold,f_measure,precision,recall,instrument_idx,num_of_occ
0,0.02,0.22042139384116696,0.1687344913151365,0.3177570093457944,0,214
1,0.29,0.380952380952381,0.40160642570281124,0.36231884057971014,1,276
2,0.13,0.0,0.0,0.0,2,11
3,0.29,0.012578616352201257,0.03571428571428571,0.007633587786259542,3,131
4,0.26,0.1142857142857143,0.3333333333333333,0.06896551724137931,4,29
5,0.29,0.529891304347826,0.45454545454545453,0.6351791530944625,5,308
6,0.02,0.22222222222222224,0.21428571428571427,0.23076923076923078,6,13
7,0.04,0.15384615384615385,0.2857142857142857,0.10526315789473684,7,19
