,threshold,f_measure,precision,recall,instrument_idx,num_of_occ
0,0.02,0.48044692737430167,0.3706896551724138,0.6825396825396826,0,63
1,0.29,0.5945945945945945,0.6285714285714286,0.5641025641025641,1,39
2,0.13,0.0,0.0,0.0,2,3
3,0.29,0.2911392405063291,0.6388888888888888,0.1885245901639344,3,122
4,0.26,0.0,0.0,0.0,4,1
5,0.29,0.023255813953488372,0.011764705882352941,1.0,5,1
6,0.02,0.0,0.0,0.0,6,1
7,0.04,0.0,0.0,0.0,7,1
