,threshold,f_measure,precision,recall,instrument_idx,num_of_occ
0,0.02,0.20618556701030924,0.18087855297157623,0.23972602739726026,0,584
1,0.29,0.49959448499594483,0.5045045045045045,0.4947791164658635,1,1246
2,0.13,0.0,0.0,0.0,2,0
3,0.29,0.0,0.0,0.0,3,0
4,0.26,0.07142857142857142,0.043478260869565216,0.2,4,5
5,0.29,0.17945007235890015,0.16062176165803108,0.20327868852459016,5,305
6,0.02,0.031746031746031744,0.016129032258064516,1.0,6,1
7,0.04,0.0,0.0,0.0,7,27
