,threshold,f_measure,precision,recall,instrument_idx,num_of_occ
0,0.02,0.18181818181818182,0.10526315789473684,0.6666666666666666,0,3
1,0.29,0.6153846153846153,0.5714285714285714,0.6666666666666666,1,6
2,0.13,0.0,0.0,0.0,2,1
3,0.29,0.6847826086956522,0.7241379310344828,0.6494845360824743,3,97
4,0.26,0.0,0.0,0.0,4,0
5,0.29,0.0,0.0,0.0,5,0
6,0.02,0.0,0.0,0.0,6,0
7,0.04,0.0,0.0,0.0,7,0
