,threshold,f_measure,precision,recall,instrument_idx,num_of_occ
0,0.02,0.3316582914572864,0.2619047619047619,0.4520547945205479,0,73
1,0.29,0.2553191489361702,0.3157894736842105,0.21428571428571427,1,56
2,0.13,0.0,0.0,0.0,2,8
3,0.29,0.0,0.0,0.0,3,0
4,0.26,0.4,0.625,0.29411764705882354,4,17
5,0.29,0.34911242603550297,0.3072916666666667,0.4041095890410959,5,146
6,0.02,0.0,0.0,0.0,6,0
7,0.04,0.0,0.0,0.0,7,0
