,threshold,f_measure,precision,recall,instrument_idx,num_of_occ
0,0.02,0.7341772151898734,0.6304347826086957,0.8787878787878788,0,34
1,0.29,0.6260869565217392,0.9,0.48,1,75
2,0.13,0.0,0.0,0.0,2,2
3,0.29,0.0,0.0,0.0,3,0
4,0.26,0.0,0.0,0.0,4,7
5,0.29,0.7488584474885844,0.7256637168141593,0.7735849056603774,5,107
6,0.02,0.0,0.0,0.0,6,0
7,0.04,0.0,0.0,0.0,7,0
