,threshold,f_measure,precision,recall,instrument_idx,num_of_occ
0,0.02,0.6540880503144655,0.5,0.9454545454545454,0,55
1,0.29,0.6037735849056604,0.7272727272727273,0.5161290322580645,1,31
2,0.13,0.0,0.0,0.0,2,2
3,0.29,0.0,0.0,0.0,3,1
4,0.26,0.0,0.0,0.0,4,3
5,0.29,0.806282722513089,0.719626168224299,0.9166666666666666,5,84
6,0.02,0.0,0.0,0.0,6,3
7,0.04,0.0,0.0,0.0,7,4
