,threshold,f_measure,precision,recall,instrument_idx
1,0.27,0.926829268292683,0.926829268292683,0.926829268292683,1.0
3,0.08,0.23529411764705882,0.13333333333333333,1.0,3.0
5,0.21,0.8289473684210527,0.7241379310344828,0.9692307692307692,5.0
7,0.08,0.25,1.0,0.14285714285714285,7.0
