,threshold,f_measure,precision,recall,instrument_idx,num_of_occ
0,0.02,0.2727272727272727,0.20734341252699784,0.3983402489626556,0,242
1,0.29,0.21818181818181817,0.2222222222222222,0.21428571428571427,1,84
2,0.13,0.0,0.0,0.0,2,0
3,0.29,0.0,0.0,0.0,3,0
4,0.26,0.11453744493392069,0.29545454545454547,0.07103825136612021,4,183
5,0.29,0.4403846153846154,0.46169354838709675,0.4209558823529412,5,545
6,0.02,0.0,0.0,0.0,6,0
7,0.04,0.0,0.0,0.0,7,0
