,threshold,f_measure,precision,recall,instrument_idx,num_of_occ
0,0.02,0.19861431870669743,0.15808823529411764,0.2670807453416149,0,161
1,0.29,0.41379310344827586,0.46956521739130436,0.3698630136986301,1,146
2,0.13,0.0,0.0,0.0,2,31
3,0.29,0.06711409395973154,0.08928571428571429,0.053763440860215055,3,93
4,0.26,0.0,0.0,0.0,4,28
5,0.29,0.42298850574712643,0.4107142857142857,0.43601895734597157,5,211
6,0.02,0.03448275862068966,0.02,0.125,6,8
7,0.04,0.0,0.0,0.0,7,9
