,threshold,f_measure,precision,recall,instrument_idx,num_of_occ
0,0.02,0.6666666666666666,0.5,1.0,0,6
1,0.29,0.5263157894736842,0.7142857142857143,0.4166666666666667,1,12
2,0.13,0.0,0.0,0.0,2,1
3,0.29,0.0,0.0,0.0,3,0
4,0.26,0.0,0.0,0.0,4,1
5,0.29,0.68,0.7083333333333334,0.6538461538461539,5,26
6,0.02,0.0,0.0,0.0,6,0
7,0.04,0.0,0.0,0.0,7,1
