,threshold,f_measure,precision,recall,instrument_idx,num_of_occ
0,0.02,0.16568047337278105,0.11647254575707154,0.28688524590163933,0,244
1,0.29,0.1694915254237288,0.19704433497536947,0.14869888475836432,1,269
2,0.13,0.0,0.0,0.0,2,11
3,0.29,0.06818181818181818,0.11320754716981132,0.04878048780487805,3,123
4,0.26,0.07692307692307691,0.16666666666666666,0.05,4,60
5,0.29,0.26171243941841676,0.2131578947368421,0.3389121338912134,5,239
6,0.02,0.0,0.0,0.0,6,0
7,0.04,0.0,0.0,0.0,7,20
