,threshold,f_measure,precision,recall,instrument_idx,num_of_occ
0,0.02,0.5416666666666666,0.37142857142857144,1.0,0,13
1,0.29,0.7333333333333334,0.9166666666666666,0.6111111111111112,1,19
2,0.13,0.0,0.0,0.0,2,1
3,0.29,0.0,0.0,0.0,3,0
4,0.26,0.4210526315789474,1.0,0.26666666666666666,4,16
5,0.29,0.0,0.0,0.0,5,0
6,0.02,0.0,0.0,0.0,6,2
7,0.04,0.6666666666666666,1.0,0.5,7,2
