,threshold,f_measure,precision,recall,instrument_idx,num_of_occ
0,0.02,0.24390243902439024,0.2029520295202952,0.3055555555555556,0,181
1,0.29,0.3350253807106599,0.3793103448275862,0.3,1,110
2,0.13,0.0,0.0,0.0,2,1
3,0.29,0.0,0.0,0.0,3,4
4,0.26,0.08000000000000002,0.2,0.05,4,20
5,0.29,0.38759689922480617,0.3968253968253968,0.3787878787878788,5,397
6,0.02,0.0,0.0,0.0,6,1
7,0.04,0.0,0.0,0.0,7,1
