,threshold,f_measure,precision,recall,instrument_idx,num_of_occ
0,0.02,0.13427561837455831,0.11377245508982035,0.16379310344827586,0,116
1,0.29,0.2100840336134454,0.23148148148148148,0.19230769230769232,1,130
2,0.13,0.0,0.0,0.0,2,11
3,0.29,0.0,0.0,0.0,3,102
4,0.26,0.0,0.0,0.0,4,19
5,0.29,0.14945054945054945,0.14107883817427386,0.1588785046728972,5,215
6,0.02,0.11111111111111112,0.1,0.125,6,8
7,0.04,0.0,0.0,0.0,7,3
