,threshold,f_measure,precision,recall,instrument_idx,num_of_occ
0,0.02,0.4316546762589928,0.32608695652173914,0.6382978723404256,0,48
1,0.29,0.4861878453038674,0.6027397260273972,0.4074074074074074,1,108
2,0.13,0.0,0.0,0.0,2,6
3,0.29,0.0,0.0,0.0,3,0
4,0.26,0.8,0.6666666666666666,1.0,4,2
5,0.29,0.5,0.4,0.6666666666666666,5,49
6,0.02,0.0,0.0,0.0,6,2
7,0.04,0.0,0.0,0.0,7,4
