,threshold,f_measure,precision,recall,instrument_idx,num_of_occ
0,0.02,0.25,0.1794871794871795,0.4117647058823529,0,17
1,0.29,0.17424242424242423,0.24210526315789474,0.13609467455621302,1,169
2,0.13,0.0,0.0,0.0,2,13
3,0.29,0.09424083769633508,0.6923076923076923,0.05056179775280899,3,178
4,0.26,0.0,0.0,0.0,4,0
5,0.29,0.22222222222222224,0.183206106870229,0.2823529411764706,5,85
6,0.02,0.0,0.0,0.0,6,0
7,0.04,0.0,0.0,0.0,7,20
