,threshold,f_measure,precision,recall,instrument_idx,num_of_occ
0,0.02,0.6486486486486487,0.48,1.0,0,13
1,0.29,0.9361702127659575,1.0,0.88,1,25
2,0.13,0.0,0.0,0.0,2,1
3,0.29,0.12244897959183672,1.0,0.06521739130434782,3,46
4,0.26,0.0,0.0,0.0,4,0
5,0.29,0.0,0.0,0.0,5,0
6,0.02,0.0,0.0,0.0,6,0
7,0.04,0.0,0.0,0.0,7,0
