,threshold,f_measure,precision,recall,instrument_idx,num_of_occ
0,0.02,0.10281517747858017,0.10120481927710843,0.1044776119402985,0,402
1,0.29,0.5184227537168714,0.6319936958234831,0.43945205479452054,1,1825
2,0.13,0.0,0.0,0.0,2,20
3,0.29,0.0,0.0,0.0,3,0
4,0.26,0.0,0.0,0.0,4,0
5,0.29,0.15931108719052745,0.13602941176470587,0.19220779220779222,5,385
6,0.02,0.05303030303030303,0.07,0.042682926829268296,6,164
7,0.04,0.04587155963302752,0.08196721311475409,0.03184713375796178,7,157
