,threshold,f_measure,precision,recall,instrument_idx,num_of_occ
0,0.02,0.6573426573426572,0.5340909090909091,0.8545454545454545,0,55
1,0.29,0.5853658536585367,0.8,0.46153846153846156,1,26
2,0.13,0.0,0.0,0.0,2,4
3,0.29,0.0,0.0,0.0,3,0
4,0.26,0.4,0.5,0.3333333333333333,4,3
5,0.29,0.8049792531120332,0.7348484848484849,0.8899082568807339,5,109
6,0.02,0.0,0.0,0.0,6,1
7,0.04,0.0,0.0,0.0,7,1
