,threshold,f_measure,precision,recall,instrument_idx,num_of_occ
0,0.02,0.321285140562249,0.24096385542168675,0.4819277108433735,0,83
1,0.29,0.5194805194805194,0.5128205128205128,0.5263157894736842,1,76
2,0.13,0.33333333333333337,1.0,0.2,2,5
3,0.29,0.2,0.2857142857142857,0.15384615384615385,3,26
4,0.26,0.13333333333333333,0.3333333333333333,0.08333333333333333,4,12
5,0.29,0.34163701067615654,0.3157894736842105,0.37209302325581395,5,129
6,0.02,0.0,0.0,0.0,6,2
7,0.04,0.0,0.0,0.0,7,4
