,threshold,f_measure,precision,recall,instrument_idx
1,0.27,0.8349514563106797,0.7413793103448276,0.9555555555555556,1.0
3,0.08,0.28571428571428575,0.18181818181818182,0.6666666666666666,3.0
5,0.21,0.764505119453925,0.6256983240223464,0.9824561403508771,5.0
