,threshold,f_measure,precision,recall,instrument_idx,num_of_occ
0,0.02,0.6216216216216216,0.46,0.9583333333333334,0,24
1,0.29,0.8461538461538461,0.9166666666666666,0.7857142857142857,1,14
2,0.13,0.0,0.0,0.0,2,0
3,0.29,0.0,0.0,0.0,3,0
4,0.26,0.0,0.0,0.0,4,4
5,0.29,0.8104575163398693,0.8157894736842105,0.8051948051948052,5,77
6,0.02,0.4,0.25,1.0,6,1
7,0.04,0.0,0.0,0.0,7,1
