,threshold,f_measure,precision,recall,instrument_idx
1,0.27,0.8985507246376812,0.9489795918367347,0.8532110091743119,1.0
2,0.13,0.30303030303030304,0.625,0.2,2.0
3,0.08,0.8497483824586628,0.742462311557789,0.9932773109243698,3.0
5,0.21,0.5960784313725489,0.44881889763779526,0.8871595330739299,5.0
6,0.08,0.2933333333333334,0.55,0.2,6.0
7,0.08,0.3333333333333333,0.5428571428571428,0.24050632911392406,7.0
