,threshold,f_measure,precision,recall,instrument_idx,num_of_occ
0,0.02,0.12678936605316973,0.0967238689547582,0.18397626112759644,0,337
1,0.29,0.3431661750245821,0.39931350114416475,0.30086206896551726,1,1160
2,0.13,0.0,0.0,0.0,2,6
3,0.29,0.04,0.15,0.023076923076923078,3,130
4,0.26,0.0,0.0,0.0,4,8
5,0.29,0.1878952122854562,0.15453194650817237,0.23963133640552994,5,434
6,0.02,0.0,0.0,0.0,6,0
7,0.04,0.0,0.0,0.0,7,48
