,threshold,f_measure,precision,recall,instrument_idx,num_of_occ
0,0.02,0.15124153498871332,0.11260504201680673,0.23024054982817868,0,291
1,0.29,0.21874999999999997,0.23547400611620795,0.20424403183023873,1,377
2,0.13,0.0,0.0,0.0,2,13
3,0.29,0.07281553398058253,0.40540540540540543,0.04,3,375
4,0.26,0.06557377049180328,0.5,0.03508771929824561,4,57
5,0.29,0.4365482233502538,0.4207436399217221,0.45358649789029537,5,474
6,0.02,0.0,0.0,0.0,6,0
7,0.04,0.0,0.0,0.0,7,35
