,threshold,f_measure,precision,recall,instrument_idx,num_of_occ
0,0.02,0.13471933471933473,0.10756972111553785,0.18020022246941045,0,899
1,0.29,0.2855123674911661,0.3325102880658436,0.2501547987616099,1,1615
2,0.13,0.0,0.0,0.0,2,22
3,0.29,0.282172373081464,0.40508474576271186,0.2164855072463768,3,1104
4,0.26,0.0,0.0,0.0,4,32
5,0.29,0.22355507088331517,0.22676991150442477,0.22043010752688172,5,931
6,0.02,0.01923076923076923,0.014336917562724014,0.029197080291970802,6,137
7,0.04,0.04878048780487805,0.07936507936507936,0.035211267605633804,7,142
