,threshold,f_measure,precision,recall,instrument_idx,num_of_occ
0,0.02,0.19193020719738277,0.14965986394557823,0.2674772036474164,0,329
1,0.29,0.3628922237380628,0.3715083798882682,0.3546666666666667,1,375
2,0.13,0.1111111111111111,0.5,0.0625,2,16
3,0.29,0.0,0.0,0.0,3,7
4,0.26,0.03508771929824561,0.3333333333333333,0.018518518518518517,4,108
5,0.29,0.21448467966573817,0.1949367088607595,0.23839009287925697,5,323
6,0.02,0.0,0.0,0.0,6,8
7,0.04,0.0,0.0,0.0,7,7
