,threshold,f_measure,precision,recall,instrument_idx,num_of_occ
0,0.02,0.1986206896551724,0.16179775280898875,0.2571428571428571,0,280
1,0.29,0.30904302019315194,0.3955056179775281,0.25360230547550433,1,694
2,0.13,0.0,0.0,0.0,2,6
3,0.29,0.17857142857142858,0.47619047619047616,0.10989010989010989,3,91
4,0.26,0.0,0.0,0.0,4,117
5,0.29,0.26987447698744765,0.2733050847457627,0.2665289256198347,5,484
6,0.02,0.07407407407407407,0.047619047619047616,0.16666666666666666,6,6
7,0.04,0.0,0.0,0.0,7,3
