,threshold,f_measure,precision,recall,instrument_idx,num_of_occ
0,0.02,0.1272365805168986,0.0920863309352518,0.2057877813504823,0,623
1,0.29,0.15975103734439833,0.1307300509337861,0.20533333333333334,1,375
2,0.13,0.0,0.0,0.0,2,57
3,0.29,0.0,0.0,0.0,3,0
4,0.26,0.0273972602739726,0.05263157894736842,0.018518518518518517,4,54
5,0.29,0.14,0.11310592459605028,0.1836734693877551,5,343
6,0.02,0.0,0.0,0.0,6,0
7,0.04,0.028776978417266185,0.15384615384615385,0.015873015873015872,7,379
