,threshold,f_measure,precision,recall,instrument_idx,num_of_occ
0,0.02,0.13800904977375567,0.10338983050847457,0.20748299319727892,0,294
1,0.29,0.22691292875989447,0.24157303370786518,0.21393034825870647,1,201
2,0.13,0.0,0.0,0.0,2,38
3,0.29,0.06451612903225808,0.10204081632653061,0.04716981132075472,3,106
4,0.26,0.24050632911392406,0.36538461538461536,0.1792452830188679,4,106
5,0.29,0.2598187311178248,0.20722891566265061,0.3481781376518219,5,247
6,0.02,0.15789473684210525,0.23076923076923078,0.12,6,25
7,0.04,0.0,0.0,0.0,7,46
