,threshold,f_measure,precision,recall,instrument_idx,num_of_occ
0,0.02,0.10569105691056911,0.08125,0.1511627906976744,0,86
1,0.29,0.21118012422360247,0.265625,0.17525773195876287,1,97
2,0.13,0.0,0.0,0.0,2,4
3,0.29,0.22878228782287824,0.3875,0.16230366492146597,3,191
4,0.26,0.0,0.0,0.0,4,1
5,0.29,0.1641025641025641,0.13008130081300814,0.2222222222222222,5,72
6,0.02,0.0,0.0,0.0,6,2
7,0.04,0.0,0.0,0.0,7,10
