,threshold,f_measure,precision,recall,instrument_idx,num_of_occ
0,0.02,0.5833333333333334,0.4117647058823529,1.0,0,42
1,0.29,0.6875000000000001,0.673469387755102,0.7021276595744681,1,47
2,0.13,0.0,0.0,0.0,2,1
3,0.29,0.55,0.8301886792452831,0.411214953271028,3,107
4,0.26,0.0,0.0,0.0,4,0
5,0.29,0.0,0.0,0.0,5,0
6,0.02,0.0,0.0,0.0,6,4
7,0.04,0.0,0.0,0.0,7,4
