,threshold,f_measure,precision,recall,instrument_idx,num_of_occ
0,0.02,0.6666666666666666,0.5,1.0,0,5
1,0.29,1.0,1.0,1.0,1,4
2,0.13,0.0,0.0,0.0,2,0
3,0.29,0.6875000000000001,1.0,0.5238095238095238,3,22
4,0.26,0.0,0.0,0.0,4,0
5,0.29,0.47058823529411764,0.4,0.5714285714285714,5,7
6,0.02,0.0,0.0,0.0,6,0
7,0.04,0.0,0.0,0.0,7,0
