,threshold,f_measure,precision,recall,instrument_idx,num_of_occ
0,0.02,0.25316455696202533,0.19438444924406048,0.3629032258064516,0,249
1,0.29,0.22325581395348837,0.23529411764705882,0.21238938053097345,1,113
2,0.13,0.0,0.0,0.0,2,10
3,0.29,0.0,0.0,0.0,3,7
4,0.26,0.1509433962264151,0.43243243243243246,0.09142857142857143,4,175
5,0.29,0.37780149413020275,0.3710691823899371,0.3847826086956522,5,461
6,0.02,0.0,0.0,0.0,6,0
7,0.04,0.0,0.0,0.0,7,1
