,threshold,f_measure,precision,recall,instrument_idx,num_of_occ
0,0.02,0.09774436090225563,0.07142857142857142,0.15476190476190477,0,84
1,0.29,0.10909090909090909,0.1836734693877551,0.07758620689655173,1,116
2,0.13,0.0,0.0,0.0,2,3
3,0.29,0.0,0.0,0.0,3,1
4,0.26,0.07692307692307693,0.5,0.041666666666666664,4,24
5,0.29,0.3107344632768362,0.3081232492997199,0.31339031339031337,5,351
6,0.02,0.0,0.0,0.0,6,0
7,0.04,0.0,0.0,0.0,7,18
