,threshold,f_measure,precision,recall,instrument_idx,num_of_occ
0,0.02,0.4,0.2857142857142857,0.6666666666666666,0,3
1,0.29,0.7894736842105262,0.8333333333333334,0.75,1,20
2,0.13,0.0,0.0,0.0,2,0
3,0.29,0.0,0.0,0.0,3,0
4,0.26,0.0,0.0,0.0,4,0
5,0.29,0.0,0.0,0.0,5,0
6,0.02,0.0,0.0,0.0,6,1
7,0.04,0.0,0.0,0.0,7,5
