,threshold,f_measure,precision,recall,instrument_idx,num_of_occ
0,0.02,0.28571428571428575,0.18867924528301888,0.5882352941176471,0,68
1,0.29,0.5707762557077626,0.5841121495327103,0.5580357142857143,1,224
2,0.13,0.0,0.0,0.0,2,5
3,0.29,0.0851063829787234,0.11764705882352941,0.06666666666666667,3,30
4,0.26,0.0,0.0,0.0,4,4
5,0.29,0.3260869565217391,0.2542372881355932,0.45454545454545453,5,66
6,0.02,0.0,0.0,0.0,6,0
7,0.04,0.09374999999999999,0.17647058823529413,0.06382978723404255,7,47
