,threshold,f_measure,precision,recall,instrument_idx,num_of_occ
0,0.02,0.18328298086606246,0.14845024469820556,0.2394736842105263,0,380
1,0.29,0.2829268292682927,0.3020833333333333,0.26605504587155965,1,872
2,0.13,0.0,0.0,0.0,2,25
3,0.29,0.31024930747922436,0.3442622950819672,0.2823529411764706,3,596
4,0.26,0.0,0.0,0.0,4,6
5,0.29,0.17755443886097153,0.15588235294117647,0.20622568093385213,5,257
6,0.02,0.06802721088435375,0.05434782608695652,0.09090909090909091,6,55
7,0.04,0.06134969325153374,0.05952380952380952,0.06329113924050633,7,79
