,threshold,f_measure,precision,recall,instrument_idx,num_of_occ
0,0.02,0.6666666666666666,0.5,1.0,0,18
1,0.29,0.9863013698630138,1.0,0.972972972972973,1,37
2,0.13,0.0,0.0,0.0,2,0
3,0.29,0.6341463414634146,1.0,0.4642857142857143,3,56
4,0.26,0.0,0.0,0.0,4,0
5,0.29,0.15,0.08108108108108109,1.0,5,4
6,0.02,0.0,0.0,0.0,6,2
7,0.04,0.0,0.0,0.0,7,1
