,threshold,f_measure,precision,recall,instrument_idx,num_of_occ
0,0.02,0.15213358070500926,0.12386706948640483,0.1971153846153846,0,208
1,0.29,0.11811023622047244,0.13392857142857142,0.1056338028169014,1,142
2,0.13,0.0,0.0,0.0,2,47
3,0.29,0.0,0.0,0.0,3,32
4,0.26,0.0,0.0,0.0,4,9
5,0.29,0.15614617940199335,0.1172069825436409,0.23383084577114427,5,201
6,0.02,0.0,0.0,0.0,6,0
7,0.04,0.0,0.0,0.0,7,2
