,threshold,f_measure,precision,recall,instrument_idx,num_of_occ
0,0.02,0.16725978647686832,0.12144702842377261,0.26857142857142857,0,175
1,0.29,0.3990267639902676,0.7760252365930599,0.2685589519650655,1,916
2,0.13,0.0,0.0,0.0,2,5
3,0.29,0.0,0.0,0.0,3,0
4,0.26,0.0,0.0,0.0,4,15
5,0.29,0.20814479638009048,0.19491525423728814,0.22330097087378642,5,206
6,0.02,0.0,0.0,0.0,6,0
7,0.04,0.19999999999999998,1.0,0.1111111111111111,7,9
