,threshold,f_measure,precision,recall,instrument_idx,num_of_occ
0,0.02,0.5,0.3333333333333333,1.0,0,3
1,0.29,0.888888888888889,1.0,0.8,1,5
2,0.13,0.0,0.0,0.0,2,1
3,0.29,0.0,0.0,0.0,3,0
4,0.26,0.6666666666666666,1.0,0.5,4,2
5,0.29,0.823529411764706,0.875,0.7777777777777778,5,18
6,0.02,0.0,0.0,0.0,6,0
7,0.04,0.0,0.0,0.0,7,0
