,threshold,f_measure,precision,recall,instrument_idx,num_of_occ
0,0.02,0.43010752688172044,0.31746031746031744,0.6666666666666666,0,30
1,0.29,0.47058823529411764,0.47761194029850745,0.463768115942029,1,69
2,0.13,0.25,1.0,0.14285714285714285,2,7
3,0.29,0.0,0.0,0.0,3,54
4,0.26,0.0,0.0,0.0,4,2
5,0.29,0.47457627118644063,0.45901639344262296,0.49122807017543857,5,57
6,0.02,0.16666666666666666,0.1111111111111111,0.3333333333333333,6,6
7,0.04,0.0,0.0,0.0,7,3
