,threshold,f_measure,precision,recall,instrument_idx,num_of_occ
0,0.02,0.14132762312633831,0.12547528517110265,0.16176470588235295,0,612
1,0.29,0.3541364296081277,0.3240371845949535,0.3904,1,625
2,0.13,0.0,0.0,0.0,2,38
3,0.29,0.0,0.0,0.0,3,2
4,0.26,0.0,0.0,0.0,4,1
5,0.29,0.19770114942528735,0.17234468937875752,0.23180592991913745,5,371
6,0.02,0.07100591715976332,0.125,0.049586776859504134,6,242
7,0.04,0.006993006993006992,0.017543859649122806,0.004366812227074236,7,229
