,threshold,f_measure,precision,recall,instrument_idx,num_of_occ
0,0.02,0.22891566265060243,0.24358974358974358,0.2159090909090909,0,176
1,0.29,0.25531914893617014,0.3564356435643564,0.19889502762430938,1,362
2,0.13,0.5,1.0,0.3333333333333333,2,3
3,0.29,0.0,0.0,0.0,3,0
4,0.26,0.05405405405405405,0.5,0.02857142857142857,4,35
5,0.29,0.39568345323741017,0.4,0.3914590747330961,5,281
6,0.02,0.0,0.0,0.0,6,2
7,0.04,0.0,0.0,0.0,7,10
