,threshold,f_measure,precision,recall,instrument_idx,num_of_occ
0,0.02,0.19664268585131897,0.14385964912280702,0.3106060606060606,0,132
1,0.29,0.1951219512195122,0.22641509433962265,0.17142857142857143,1,140
2,0.13,0.0,0.0,0.0,2,2
3,0.29,0.10294117647058824,0.16279069767441862,0.07526881720430108,3,93
4,0.26,0.15384615384615385,0.2,0.125,4,8
5,0.29,0.37939110070257615,0.3103448275862069,0.4879518072289157,5,166
6,0.02,0.0,0.0,0.0,6,1
7,0.04,0.0,0.0,0.0,7,8
