,threshold,f_measure,precision,recall,instrument_idx,num_of_occ
0,0.02,0.4146341463414634,0.3167701863354037,0.6,0,86
1,0.29,0.6470588235294118,0.6470588235294118,0.6470588235294118,1,17
2,0.13,0.0,0.0,0.0,2,5
3,0.29,0.047619047619047616,0.06896551724137931,0.03636363636363636,3,55
4,0.26,0.0,0.0,0.0,4,24
5,0.29,0.6,0.5393258426966292,0.676056338028169,5,143
6,0.02,0.0,0.0,0.0,6,0
7,0.04,0.0,0.0,0.0,7,0
