,threshold,f_measure,precision,recall,instrument_idx,num_of_occ
0,0.02,0.5378151260504201,0.37209302325581395,0.9696969696969697,0,33
1,0.29,0.2894736842105263,0.19642857142857142,0.55,1,20
2,0.13,0.0,0.0,0.0,2,1
3,0.29,0.0,0.0,0.0,3,0
4,0.26,0.0,0.0,0.0,4,0
5,0.29,0.0,0.0,0.0,5,0
6,0.02,0.0,0.0,0.0,6,0
7,0.04,0.0,0.0,0.0,7,0
