,threshold,f_measure,precision,recall,instrument_idx,num_of_occ
0,0.02,0.4569288389513108,0.38125,0.5700934579439252,0,107
1,0.29,0.5461847389558233,0.6732673267326733,0.4594594594594595,1,148
2,0.13,0.0,0.0,0.0,2,18
3,0.29,0.0,0.0,0.0,3,13
4,0.26,0.06451612903225806,0.3333333333333333,0.03571428571428571,4,28
5,0.29,0.13846153846153847,0.10714285714285714,0.1956521739130435,5,46
6,0.02,0.0,0.0,0.0,6,14
7,0.04,0.0,0.0,0.0,7,0
