,threshold,f_measure,precision,recall,instrument_idx
1,0.27,0.9347826086956522,1.0,0.8775510204081632,1.0
5,0.21,0.9107142857142857,0.8360655737704918,1.0,5.0
