,threshold,f_measure,precision,recall,instrument_idx,num_of_occ
0,0.02,0.183206106870229,0.14076246334310852,0.26229508196721313,0,184
1,0.29,0.3176470588235294,0.324,0.31153846153846154,1,260
2,0.13,0.0,0.0,0.0,2,1
3,0.29,0.0,0.0,0.0,3,1
4,0.26,0.0,0.0,0.0,4,59
5,0.29,0.265179677819083,0.25295508274231676,0.2786458333333333,5,385
6,0.02,0.0,0.0,0.0,6,7
7,0.04,0.0,0.0,0.0,7,19
