,threshold,f_measure,precision,recall,instrument_idx,num_of_occ
0,0.02,0.37643207855973815,0.2979274611398964,0.5111111111111111,0,226
1,0.29,0.4843205574912892,0.5225563909774437,0.4512987012987013,1,309
2,0.13,0.0,0.0,0.0,2,21
3,0.29,0.05825242718446602,0.46153846153846156,0.031088082901554404,3,193
4,0.26,0.11764705882352941,0.2222222222222222,0.08,4,25
5,0.29,0.40106241699867196,0.3963254593175853,0.40591397849462363,5,373
6,0.02,0.0,0.0,0.0,6,0
7,0.04,0.0,0.0,0.0,7,0
