,threshold,f_measure,precision,recall,instrument_idx
1,0.27,0.9129129129129129,0.926829268292683,0.8994082840236687,1.0
3,0.08,0.5482625482625483,1.0,0.3776595744680851,3.0
5,0.21,0.7611336032388665,0.6351351351351351,0.9494949494949495,5.0
