,threshold,f_measure,precision,recall,instrument_idx,num_of_occ
0,0.02,0.19254658385093168,0.13963963963963963,0.31,0,100
1,0.29,0.3455497382198953,0.34375,0.3473684210526316,1,95
2,0.13,0.2222222222222222,1.0,0.125,2,8
3,0.29,0.09473684210526316,0.21951219512195122,0.06040268456375839,3,149
4,0.26,0.0,0.0,0.0,4,6
5,0.29,0.21428571428571427,0.15789473684210525,0.3333333333333333,5,72
6,0.02,0.1,0.125,0.08333333333333333,6,12
7,0.04,0.0,0.0,0.0,7,20
