,threshold,f_measure,precision,recall,instrument_idx,num_of_occ
0,0.02,0.7916666666666666,0.6551724137931034,1.0,0,19
1,0.29,0.5,1.0,0.3333333333333333,1,9
2,0.13,0.0,0.0,0.0,2,0
3,0.29,0.0,0.0,0.0,3,0
4,0.26,0.0,0.0,0.0,4,0
5,0.29,0.9052631578947369,0.8431372549019608,0.9772727272727273,5,44
6,0.02,0.0,0.0,0.0,6,0
7,0.04,0.0,0.0,0.0,7,0
