,threshold,f_measure,precision,recall,instrument_idx,num_of_occ
0,0.02,0.166883963494133,0.12052730696798493,0.2711864406779661,0,236
1,0.29,0.26432748538011697,0.25740318906605925,0.27163461538461536,1,416
2,0.13,0.0,0.0,0.0,2,18
3,0.29,0.014084507042253521,0.013888888888888888,0.014285714285714285,3,70
4,0.26,0.0,0.0,0.0,4,119
5,0.29,0.3098995695839311,0.29508196721311475,0.32628398791540786,5,331
6,0.02,0.0,0.0,0.0,6,5
7,0.04,0.0,0.0,0.0,7,13
