,threshold,f_measure,precision,recall,instrument_idx,num_of_occ
0,0.02,0.1753764393268379,0.1523076923076923,0.20668058455114824,0,479
1,0.29,0.6315500685871056,0.6313768513439386,0.6317233809001098,1,1822
2,0.13,0.0,0.0,0.0,2,0
3,0.29,0.0,0.0,0.0,3,0
4,0.26,0.0,0.0,0.0,4,0
5,0.29,0.17118402282453637,0.16129032258064516,0.182370820668693,5,329
6,0.02,0.0,0.0,0.0,6,0
7,0.04,0.0,0.0,0.0,7,0
