,threshold,f_measure,precision,recall,instrument_idx,num_of_occ
0,0.02,0.1318051575931232,0.1,0.19327731092436976,0,238
1,0.29,0.24704336399474378,0.2678062678062678,0.22926829268292684,1,410
2,0.13,0.09090909090909091,0.3333333333333333,0.05263157894736842,2,19
3,0.29,0.30434782608695654,0.43209876543209874,0.2348993288590604,3,149
4,0.26,0.04081632653061225,0.08333333333333333,0.02702702702702703,4,74
5,0.29,0.18998272884283246,0.14030612244897958,0.29411764705882354,5,187
6,0.02,0.0,0.0,0.0,6,14
7,0.04,0.0,0.0,0.0,7,39
