,threshold,f_measure,precision,recall,instrument_idx,num_of_occ
0,0.02,0.1440677966101695,0.1021021021021021,0.2446043165467626,0,278
1,0.29,0.31983805668016196,0.41909814323607425,0.25859247135842883,1,611
2,0.13,0.0,0.0,0.0,2,15
3,0.29,0.17179902755267423,0.4732142857142857,0.10495049504950495,3,505
4,0.26,0.0,0.0,0.0,4,1
5,0.29,0.27027027027027023,0.25,0.29411764705882354,5,374
6,0.02,0.041666666666666664,0.023255813953488372,0.2,6,15
7,0.04,0.058823529411764705,0.11764705882352941,0.0392156862745098,7,51
