,threshold,f_measure,precision,recall,instrument_idx,num_of_occ
0,0.02,0.23828920570264767,0.22941176470588234,0.2478813559322034,0,472
1,0.29,0.2950819672131148,0.28125,0.3103448275862069,1,116
2,0.13,0.0,0.0,0.0,2,9
3,0.29,0.0,0.0,0.0,3,1
4,0.26,0.0,0.0,0.0,4,31
5,0.29,0.726643598615917,0.7150964812712827,0.738569753810082,5,853
6,0.02,0.0,0.0,0.0,6,5
7,0.04,0.0,0.0,0.0,7,8
