,threshold,f_measure,precision,recall,instrument_idx,num_of_occ
0,0.02,0.28214037526059765,0.20992761116856257,0.4300847457627119,0,472
1,0.29,0.2638888888888889,0.308584686774942,0.23050259965337955,1,577
2,0.13,0.0,0.0,0.0,2,8
3,0.29,0.09756097560975609,0.16,0.07017543859649122,3,57
4,0.26,0.14705882352941177,0.5405405405405406,0.0851063829787234,4,235
5,0.29,0.31825273010920435,0.24401913875598086,0.45739910313901344,5,223
6,0.02,0.0,0.0,0.0,6,0
7,0.04,0.0,0.0,0.0,7,11
