,threshold,f_measure,precision,recall,instrument_idx,num_of_occ
0,0.02,0.20957309184993533,0.16297786720321933,0.29347826086956524,0,276
1,0.29,0.2388888888888889,0.33076923076923076,0.18695652173913044,1,230
2,0.13,0.0,0.0,0.0,2,9
3,0.29,0.01388888888888889,0.043478260869565216,0.008264462809917356,3,121
4,0.26,0.1111111111111111,0.4,0.06451612903225806,4,31
5,0.29,0.4472361809045226,0.4510135135135135,0.4435215946843854,5,603
6,0.02,0.0,0.0,0.0,6,1
7,0.04,0.0,0.0,0.0,7,1
