,threshold,f_measure,precision,recall,instrument_idx
1,0.27,0.9929078014184397,1.0,0.9859154929577465,1.0
5,0.21,0.8779443254817987,0.7915057915057915,0.9855769230769231,5.0
