,threshold,f_measure,precision,recall,instrument_idx,num_of_occ
0,0.02,0.14942528735632182,0.13588850174216027,0.16595744680851063,0,236
1,0.29,0.32863849765258213,0.4166666666666667,0.2713178294573643,1,129
2,0.13,0.0,0.0,0.0,2,6
3,0.29,0.0,0.0,0.0,3,5
4,0.26,0.0,0.0,0.0,4,24
5,0.29,0.4339963833634719,0.42857142857142855,0.43956043956043955,5,547
6,0.02,0.0,0.0,0.0,6,2
7,0.04,0.0,0.0,0.0,7,2
