,threshold,f_measure,precision,recall,instrument_idx,num_of_occ
0,0.02,0.17051153460381144,0.12536873156342182,0.2664576802507837,0,319
1,0.29,0.21993127147766325,0.26373626373626374,0.18860510805500982,1,509
2,0.13,0.0,0.0,0.0,2,5
3,0.29,0.23655913978494625,0.39285714285714285,0.16923076923076924,3,455
4,0.26,0.0,0.0,0.0,4,3
5,0.29,0.14700193423597682,0.1292517006802721,0.17040358744394618,5,223
6,0.02,0.0,0.0,0.0,6,0
7,0.04,0.0,0.0,0.0,7,7
