,threshold,f_measure,precision,recall,instrument_idx,num_of_occ
0,0.02,0.5517241379310345,0.47761194029850745,0.6530612244897959,0,50
1,0.29,0.8627450980392157,0.8073394495412844,0.9263157894736842,1,95
2,0.13,0.0,0.0,0.0,2,0
3,0.29,0.0,0.0,0.0,3,0
4,0.26,0.0,0.0,0.0,4,0
5,0.29,0.23333333333333334,0.2,0.28,5,25
6,0.02,0.0,0.0,0.0,6,2
7,0.04,0.0,0.0,0.0,7,11
