,threshold,f_measure,precision,recall,instrument_idx
1,0.27,0.833391304347826,0.9507936507936507,0.7417956656346749,1.0
3,0.08,0.8548812664907652,0.8307692307692308,0.8804347826086957,3.0
4,0.25,0.05128205128205128,0.14285714285714285,0.03125,4.0
5,0.21,0.8142180094786731,0.7279661016949153,0.9236559139784947,5.0
6,0.08,0.04137931034482759,0.375,0.021897810218978103,6.0
7,0.08,0.05031446540880503,0.23529411764705882,0.028169014084507043,7.0
