,threshold,f_measure,precision,recall,instrument_idx,num_of_occ
0,0.02,0.09898107714701601,0.0737527114967462,0.1504424778761062,0,226
1,0.29,0.2376237623762376,0.23715415019762845,0.23809523809523808,1,252
2,0.13,0.0,0.0,0.0,2,37
3,0.29,0.008213552361396304,0.5,0.004140786749482402,3,483
4,0.26,0.0,0.0,0.0,4,0
5,0.29,0.093841642228739,0.08421052631578947,0.10596026490066225,5,302
6,0.02,0.0,0.0,0.0,6,9
7,0.04,0.0,0.0,0.0,7,9
