,threshold,f_measure,precision,recall,instrument_idx,num_of_occ
0,0.02,0.5833333333333334,0.4117647058823529,1.0,0,14
1,0.29,0.8387096774193548,0.7222222222222222,1.0,1,13
2,0.13,0.0,0.0,0.0,2,1
3,0.29,0.5,1.0,0.3333333333333333,3,3
4,0.26,0.0,0.0,0.0,4,0
5,0.29,0.0,0.0,0.0,5,0
6,0.02,0.2,0.25,0.16666666666666666,6,6
7,0.04,0.0,0.0,0.0,7,8
