,threshold,f_measure,precision,recall,instrument_idx,num_of_occ
0,0.02,0.6875000000000001,0.5238095238095238,1.0,0,12
1,0.29,0.8571428571428571,1.0,0.75,1,4
2,0.13,0.0,0.0,0.0,2,0
3,0.29,0.16666666666666669,1.0,0.09090909090909091,3,23
4,0.26,0.0,0.0,0.0,4,0
5,0.29,0.0,0.0,0.0,5,0
6,0.02,0.0,0.0,0.0,6,0
7,0.04,0.0,0.0,0.0,7,0
