,threshold,f_measure,precision,recall,instrument_idx,num_of_occ
0,0.02,0.6178861788617886,0.5066666666666667,0.7916666666666666,0,48
1,0.29,0.8780487804878049,0.8089887640449438,0.96,1,75
2,0.13,0.0,0.0,0.0,2,0
3,0.29,0.0,0.0,0.0,3,0
4,0.26,0.0,0.0,0.0,4,0
5,0.29,0.0,0.0,0.0,5,0
6,0.02,0.0,0.0,0.0,6,13
7,0.04,0.044444444444444446,1.0,0.022727272727272728,7,44
