,threshold,f_measure,precision,recall,instrument_idx,num_of_occ
0,0.02,0.11312217194570136,0.2032520325203252,0.07836990595611286,0,638
1,0.29,0.5811138014527845,0.6513872135102533,0.5245264691597863,1,2059
2,0.13,0.0,0.0,0.0,2,3
3,0.29,0.0,0.0,0.0,3,0
4,0.26,0.0,0.0,0.0,4,3
5,0.29,0.19711538461538458,0.21409921671018275,0.18262806236080179,5,449
6,0.02,0.0,0.0,0.0,6,20
7,0.04,0.0,0.0,0.0,7,28
