,threshold,f_measure,precision,recall,instrument_idx,num_of_occ
0,0.02,0.1445378151260504,0.10776942355889724,0.2193877551020408,0,196
1,0.29,0.15704387990762125,0.23943661971830985,0.11683848797250859,1,291
2,0.13,0.0,0.0,0.0,2,7
3,0.29,0.0,0.0,0.0,3,4
4,0.26,0.04878048780487805,0.4,0.025974025974025976,4,77
5,0.29,0.39754098360655743,0.38492063492063494,0.4110169491525424,5,472
6,0.02,0.0,0.0,0.0,6,3
7,0.04,0.0,0.0,0.0,7,12
