,threshold,f_measure,precision,recall,instrument_idx,num_of_occ
0,0.02,0.5161290322580645,0.38095238095238093,0.8,0,30
1,0.29,0.6206896551724138,0.5869565217391305,0.6585365853658537,1,41
2,0.13,0.0,0.0,0.0,2,1
3,0.29,0.0,0.0,0.0,3,0
4,0.26,0.07999999999999999,0.8,0.042105263157894736,4,95
5,0.29,0.4745762711864407,0.3448275862068966,0.7608695652173914,5,92
6,0.02,0.0,0.0,0.0,6,0
7,0.04,0.0,0.0,0.0,7,0
