,threshold,f_measure,precision,recall,instrument_idx,num_of_occ
0,0.02,0.1935483870967742,0.13636363636363635,0.3333333333333333,0,9
1,0.29,0.26373626373626374,0.3333333333333333,0.21818181818181817,1,110
2,0.13,0.0,0.0,0.0,2,6
3,0.29,0.034188034188034185,0.2857142857142857,0.01818181818181818,3,110
4,0.26,0.0,0.0,0.0,4,0
5,0.29,0.30434782608695654,0.23595505617977527,0.42857142857142855,5,49
6,0.02,0.0,0.0,0.0,6,0
7,0.04,0.0,0.0,0.0,7,4
