,threshold,f_measure,precision,recall,instrument_idx,num_of_occ
0,0.02,0.4666666666666667,0.3465346534653465,0.7142857142857143,0,50
1,0.29,0.5757575757575757,0.59375,0.5588235294117647,1,34
2,0.13,0.0,0.0,0.0,2,0
3,0.29,0.0,0.0,0.0,3,0
4,0.26,0.0,0.0,0.0,4,0
5,0.29,0.6165413533834586,0.5899280575539568,0.6456692913385826,5,128
6,0.02,0.0,0.0,0.0,6,0
7,0.04,0.0,0.0,0.0,7,0
