,threshold,f_measure,precision,recall,instrument_idx,num_of_occ
0,0.02,0.6,0.42857142857142855,1.0,0,9
1,0.29,0.7999999999999999,0.8571428571428571,0.75,1,8
2,0.13,0.4444444444444445,0.4,0.5,2,8
3,0.29,0.0,0.0,0.0,3,0
4,0.26,0.0,0.0,0.0,4,0
5,0.29,0.0,0.0,0.0,5,0
6,0.02,0.0,0.0,0.0,6,0
7,0.04,0.0,0.0,0.0,7,0
