,threshold,f_measure,precision,recall,instrument_idx,num_of_occ
0,0.02,0.7605633802816901,0.627906976744186,0.9642857142857143,0,28
1,0.29,0.742857142857143,0.9285714285714286,0.6190476190476191,1,21
2,0.13,0.0,0.0,0.0,2,0
3,0.29,0.0,0.0,0.0,3,0
4,0.26,0.0,0.0,0.0,4,2
5,0.29,0.888888888888889,0.8235294117647058,0.9655172413793104,5,58
6,0.02,0.0,0.0,0.0,6,0
7,0.04,0.0,0.0,0.0,7,1
