,threshold,f_measure,precision,recall,instrument_idx,num_of_occ
0,0.02,0.4227642276422764,0.3466666666666667,0.5416666666666666,0,96
1,0.29,0.4044943820224719,0.45,0.3673469387755102,1,49
2,0.13,0.0,0.0,0.0,2,0
3,0.29,0.0,0.0,0.0,3,0
4,0.26,0.0,0.0,0.0,4,0
5,0.29,0.4915572232645404,0.4712230215827338,0.5137254901960784,5,255
6,0.02,0.0,0.0,0.0,6,0
7,0.04,0.0,0.0,0.0,7,0
