,threshold,f_measure,precision,recall,instrument_idx
1,0.27,0.8615384615384616,1.0,0.7567567567567568,1.0
5,0.21,0.9080459770114943,0.8586956521739131,0.9634146341463414,5.0
