,threshold,f_measure,precision,recall,instrument_idx,num_of_occ
0,0.02,0.3352601156069364,0.27358490566037735,0.43283582089552236,0,67
1,0.29,0.4171779141104294,0.39080459770114945,0.4473684210526316,1,76
2,0.13,0.0,0.0,0.0,2,9
3,0.29,0.0,0.0,0.0,3,0
4,0.26,0.0,0.0,0.0,4,40
5,0.29,0.5831842576028622,0.5699300699300699,0.5970695970695971,5,273
6,0.02,0.10526315789473682,0.07142857142857142,0.2,6,5
7,0.04,0.2857142857142857,0.2857142857142857,0.2857142857142857,7,7
