,threshold,f_measure,precision,recall,instrument_idx
1,0.27,0.8601036269430051,0.772093023255814,0.9707602339181286,1.0
5,0.21,0.7124463519313304,0.5570469798657718,0.9880952380952381,5.0
6,0.08,0.047619047619047616,1.0,0.024390243902439025,6.0
