instrument_idx,threshold,f_measure
1.0,0.02,0.1759379042690815
4.0,0.14,0.08333333333333333
5.0,0.29000000000000004,0.1510934393638171
