instrument_idx,threshold,f_measure
4.0,0.11,0.26666666666666666
1.0,0.22,0.48484848484848486
1.0,0.23,0.48484848484848486
5.0,0.29000000000000004,0.4347826086956522
