instrument_idx,threshold,f_measure
1.0,0.21000000000000002,0.11764705882352941
1.0,0.29000000000000004,0.11764705882352941
