instrument_idx,threshold,f_measure
5.0,0.13,0.20069204152249137
1.0,0.18000000000000002,0.5775656324582339
