,threshold,f_measure,precision,recall,instrument_idx,num_of_occ
0,0.07,0.1957585644371941,0.14563106796116504,0.29850746268656714,0,202
1,0.29,0.18867924528301888,0.34375,0.13002364066193853,1,423
2,0.18,0.00851063829787234,0.5,0.004291845493562232,2,233
3,0.27,0.0,0.0,0.0,3,0
4,0.22,0.0,0.0,0.0,4,0
5,0.27,0.0091324200913242,0.16666666666666666,0.004694835680751174,5,213
6,0.29,0.0,0.0,0.0,6,8
7,0.07,0.0,0.0,0.0,7,3
