,threshold,f_measure,precision,recall,instrument_idx,num_of_occ
0,0.07,0.19297377535873333,0.2532467532467532,0.15587529976019185,0,1252
1,0.29,0.3344418052256532,0.36251287332646753,0.31040564373897706,1,1134
2,0.18,0.0,0.0,0.0,2,38
3,0.27,0.17813765182186234,0.3044982698961938,0.12589413447782546,3,700
4,0.22,0.0,0.0,0.0,4,44
5,0.27,0.20975965040058267,0.24324324324324326,0.18437900128040974,5,781
6,0.29,0.0,0.0,0.0,6,99
7,0.07,0.050847457627118633,0.056074766355140186,0.046511627906976744,7,129
