,threshold,f_measure,precision,recall,instrument_idx,num_of_occ
0,0.07,0.2408026755852843,0.2926829268292683,0.20454545454545456,0,176
1,0.29,0.2714285714285714,0.3838383838383838,0.20994475138121546,1,362
2,0.18,0.0,0.0,0.0,2,3
3,0.27,0.0,0.0,0.0,3,0
4,0.22,0.0,0.0,0.0,4,35
5,0.27,0.39506172839506176,0.4682926829268293,0.3416370106761566,5,281
6,0.29,0.0,0.0,0.0,6,2
7,0.07,0.0,0.0,0.0,7,10
