,threshold,f_measure,precision,recall,instrument_idx,num_of_occ
0,0.07,0.2941176470588235,0.24691358024691357,0.36363636363636365,0,56
1,0.29,0.14035087719298245,0.23529411764705882,0.1,1,40
2,0.18,0.0,0.0,0.0,2,0
3,0.27,0.0,0.0,0.0,3,0
4,0.22,0.4,1.0,0.25,4,8
5,0.27,0.25668449197860965,0.34782608695652173,0.2033898305084746,5,119
6,0.29,0.0,0.0,0.0,6,0
7,0.07,0.0,0.0,0.0,7,0
