,threshold,f_measure,precision,recall,instrument_idx,num_of_occ
0,0.07,0.6153846153846153,0.47058823529411764,0.8888888888888888,0,27
1,0.29,0.7837837837837838,0.8055555555555556,0.7631578947368421,1,38
2,0.18,0.0,0.0,0.0,2,2
3,0.27,0.0,0.0,0.0,3,0
4,0.22,0.0,0.0,0.0,4,0
5,0.27,0.7131782945736433,0.8363636363636363,0.6216216216216216,5,75
6,0.29,0.0,0.0,0.0,6,2
7,0.07,0.0,0.0,0.0,7,6
