,threshold,f_measure,precision,recall,instrument_idx,num_of_occ
0,0.07,0.594059405940594,0.46875,0.8108108108108109,0,37
1,0.29,0.6456692913385828,0.7961165048543689,0.543046357615894,1,151
2,0.18,0.0,0.0,0.0,2,4
3,0.27,0.0,0.0,0.0,3,0
4,0.22,0.0,0.0,0.0,4,0
5,0.27,0.31578947368421045,0.4090909090909091,0.2571428571428571,5,35
6,0.29,0.0,0.0,0.0,6,0
7,0.07,0.0,0.0,0.0,7,5
