,threshold,f_measure,precision,recall,instrument_idx,num_of_occ
0,0.07,0.4099999999999999,0.3166023166023166,0.5815602836879432,0,141
1,0.29,0.40860215053763443,0.4523809523809524,0.37254901960784315,1,102
2,0.18,0.21428571428571427,0.75,0.125,2,24
3,0.27,0.0,0.0,0.0,3,0
4,0.22,0.0,0.0,0.0,4,93
5,0.27,0.0662251655629139,0.45454545454545453,0.03571428571428571,5,140
6,0.29,0.0,0.0,0.0,6,1
7,0.07,0.0,0.0,0.0,7,11
