,threshold,f_measure,precision,recall,instrument_idx
1,0.27,0.8536585365853657,0.9831460674157303,0.7543103448275862,1.0
3,0.08,0.23376623376623376,0.9,0.13432835820895522,3.0
5,0.21,0.877094972067039,0.7869674185463659,0.9905362776025236,5.0
