,threshold,f_measure,precision,recall,instrument_idx,num_of_occ
0,0.07,0.10477453580901858,0.08916478555304741,0.1270096463022508,0,623
1,0.29,0.15195530726256984,0.13076923076923078,0.18133333333333335,1,375
2,0.18,0.0,0.0,0.0,2,57
3,0.27,0.0,0.0,0.0,3,0
4,0.22,0.0,0.0,0.0,4,54
5,0.27,0.13537675606641122,0.12045454545454545,0.15451895043731778,5,343
6,0.29,0.0,0.0,0.0,6,0
7,0.07,0.04275534441805225,0.20930232558139536,0.023809523809523808,7,379
