,threshold,f_measure,precision,recall,instrument_idx,num_of_occ
0,0.07,0.5714285714285715,0.4,1.0,0,10
1,0.29,0.9565217391304348,1.0,0.9166666666666666,1,12
2,0.18,0.0,0.0,0.0,2,2
3,0.27,0.0,0.0,0.0,3,0
4,0.22,0.0,0.0,0.0,4,4
5,0.27,0.7446808510638298,0.8974358974358975,0.6363636363636364,5,55
6,0.29,0.0,0.0,0.0,6,0
7,0.07,0.0,0.0,0.0,7,0
