,threshold,f_measure,precision,recall,instrument_idx,num_of_occ
0,0.07,0.26881720430107525,0.20380434782608695,0.39473684210526316,0,191
1,0.29,0.2695035460992907,0.2676056338028169,0.2714285714285714,1,140
2,0.18,0.0,0.0,0.0,2,6
3,0.27,0.09448818897637795,0.2222222222222222,0.06,3,101
4,0.22,0.0,0.0,0.0,4,10
5,0.27,0.06818181818181819,0.06315789473684211,0.07407407407407407,5,81
6,0.29,0.0,0.0,0.0,6,1
7,0.07,0.0,0.0,0.0,7,5
