,threshold,f_measure,precision,recall,instrument_idx,num_of_occ
0,0.07,0.07909604519774012,0.048109965635738834,0.2222222222222222,0,63
1,0.29,0.12921348314606743,0.11386138613861387,0.14935064935064934,1,154
2,0.18,0.0,0.0,0.0,2,0
3,0.27,0.27053140096618356,0.30324909747292417,0.2441860465116279,3,344
4,0.22,0.0,0.0,0.0,4,0
5,0.27,0.1276595744680851,0.1487603305785124,0.11180124223602485,5,161
6,0.29,0.0392156862745098,0.3333333333333333,0.020833333333333332,6,96
7,0.07,0.0,0.0,0.0,7,28
