,threshold,f_measure,precision,recall,instrument_idx,num_of_occ
0,0.07,0.1381818181818182,0.0987012987012987,0.23030303030303031,0,165
1,0.29,0.2540365984930032,0.3089005235602094,0.21572212065813529,1,547
2,0.18,0.0,0.0,0.0,2,27
3,0.27,0.17438692098092642,0.2807017543859649,0.12648221343873517,3,253
4,0.22,0.0,0.0,0.0,4,56
5,0.27,0.16061185468451245,0.19626168224299065,0.13592233009708737,5,310
6,0.29,0.0,0.0,0.0,6,43
7,0.07,0.0,0.0,0.0,7,48
