,threshold,f_measure,precision,recall,instrument_idx,num_of_occ
0,0.07,0.38167938931297707,0.30864197530864196,0.5,0,51
1,0.29,0.22641509433962265,0.2857142857142857,0.1875,1,32
2,0.18,0.0,0.0,0.0,2,1
3,0.27,0.0,0.0,0.0,3,0
4,0.22,0.0,0.0,0.0,4,11
5,0.27,0.3276450511945393,0.34285714285714286,0.3137254901960784,5,153
6,0.29,0.0,0.0,0.0,6,0
7,0.07,0.0,0.0,0.0,7,0
