,threshold,f_measure,precision,recall,instrument_idx,num_of_occ
0,0.07,0.35265700483091794,0.2579505300353357,0.5572519083969466,0,131
1,0.29,0.6385542168674698,0.6091954022988506,0.6708860759493671,1,79
2,0.18,0.0,0.0,0.0,2,2
3,0.27,0.060606060606060615,0.15151515151515152,0.03787878787878788,3,133
4,0.22,0.0,0.0,0.0,4,0
5,0.27,0.0,0.0,0.0,5,0
6,0.29,0.0,0.0,0.0,6,0
7,0.07,0.0,0.0,0.0,7,0
