,threshold,f_measure,precision,recall,instrument_idx
1,0.27,0.8927335640138409,0.9280575539568345,0.86,1.0
3,0.08,0.23529411764705882,0.13333333333333333,1.0,3.0
4,0.25,0.046511627906976744,0.3333333333333333,0.025,4.0
5,0.21,0.9151047409040795,0.9120879120879121,0.918141592920354,5.0
