,threshold,f_measure,precision,recall,instrument_idx,num_of_occ
0,0.07,0.5445026178010471,0.4094488188976378,0.8125,0,64
1,0.29,0.6753246753246753,0.65,0.7027027027027027,1,37
2,0.18,0.19999999999999998,1.0,0.1111111111111111,2,9
3,0.27,0.37168141592920356,0.7777777777777778,0.2441860465116279,3,86
4,0.22,0.0,0.0,0.0,4,3
5,0.27,0.4597701149425288,0.5882352941176471,0.37735849056603776,5,53
6,0.29,0.0,0.0,0.0,6,4
7,0.07,0.0,0.0,0.0,7,10
