,threshold,f_measure,precision,recall,instrument_idx,num_of_occ
0,0.07,0.5074626865671642,0.34,1.0,0,17
1,0.29,0.0,0.0,0.0,1,0
2,0.18,0.19999999999999998,1.0,0.1111111111111111,2,9
3,0.27,0.5714285714285714,0.75,0.46153846153846156,3,13
4,0.22,0.0,0.0,0.0,4,0
5,0.27,0.0,0.0,0.0,5,0
6,0.29,0.5,1.0,0.3333333333333333,6,6
7,0.07,0.6153846153846153,0.6666666666666666,0.5714285714285714,7,7
