,threshold,f_measure,precision,recall,instrument_idx,num_of_occ
0,0.07,0.5538461538461539,0.3829787234042553,1.0,0,18
1,0.29,0.9736842105263158,0.9487179487179487,1.0,1,37
2,0.18,0.0,0.0,0.0,2,0
3,0.27,0.7045454545454546,0.96875,0.5535714285714286,3,56
4,0.22,0.0,0.0,0.0,4,0
5,0.27,0.09090909090909091,0.05263157894736842,0.3333333333333333,5,4
6,0.29,0.0,0.0,0.0,6,2
7,0.07,0.0,0.0,0.0,7,1
