,threshold,f_measure,precision,recall,instrument_idx,num_of_occ
0,0.07,0.46226415094339623,0.4152542372881356,0.5212765957446809,0,95
1,0.29,0.39639639639639634,0.46808510638297873,0.34375,1,64
2,0.18,0.0,0.0,0.0,2,0
3,0.27,0.0,0.0,0.0,3,0
4,0.22,0.0,0.0,0.0,4,0
5,0.27,0.482897384305835,0.49586776859504134,0.47058823529411764,5,256
6,0.29,0.0,0.0,0.0,6,0
7,0.07,0.0,0.0,0.0,7,0
