,threshold,f_measure,precision,recall,instrument_idx,num_of_occ
0,0.07,0.1793478260869565,0.13865546218487396,0.25384615384615383,0,130
1,0.29,0.24316109422492402,0.272108843537415,0.21978021978021978,1,364
2,0.18,0.0,0.0,0.0,2,0
3,0.27,0.0,0.0,0.0,3,0
4,0.22,0.025974025974025976,0.09090909090909091,0.015151515151515152,4,66
5,0.27,0.25,0.3412698412698413,0.19724770642201836,5,436
6,0.29,0.0,0.0,0.0,6,0
7,0.07,0.0,0.0,0.0,7,0
