,threshold,f_measure,precision,recall,instrument_idx,num_of_occ
0,0.07,0.1649746192893401,0.18055555555555555,0.15186915887850466,0,429
1,0.29,0.27801724137931033,0.38392857142857145,0.2179054054054054,1,592
2,0.18,0.0,0.0,0.0,2,21
3,0.27,0.24472573839662448,0.5272727272727272,0.15934065934065933,3,182
4,0.22,0.0,0.0,0.0,4,10
5,0.27,0.25846153846153846,0.32061068702290074,0.21649484536082475,5,583
6,0.29,0.0,0.0,0.0,6,15
7,0.07,0.04444444444444444,0.027777777777777776,0.1111111111111111,7,9
