,threshold,f_measure,precision,recall,instrument_idx,num_of_occ
0,0.07,0.631578947368421,0.46153846153846156,1.0,0,13
1,0.29,0.9411764705882353,0.8888888888888888,1.0,1,16
2,0.18,0.0,0.0,0.0,2,0
3,0.27,0.6363636363636364,1.0,0.4666666666666667,3,31
4,0.22,0.0,0.0,0.0,4,0
5,0.27,0.0,0.0,0.0,5,0
6,0.29,0.0,0.0,0.0,6,0
7,0.07,0.0,0.0,0.0,7,0
