,threshold,f_measure,precision,recall,instrument_idx,num_of_occ
0,0.07,0.1758957654723127,0.1443850267379679,0.225,0,120
1,0.29,0.16551724137931034,0.2608695652173913,0.12121212121212122,1,198
2,0.18,0.0,0.0,0.0,2,0
3,0.27,0.0,0.0,0.0,3,0
4,0.22,0.0,0.0,0.0,4,30
5,0.27,0.42857142857142855,0.4572192513368984,0.4033018867924528,5,424
6,0.29,0.0,0.0,0.0,6,0
7,0.07,0.0,0.0,0.0,7,0
