,threshold,f_measure,precision,recall,instrument_idx,num_of_occ
0,0.07,0.5486725663716815,0.5166666666666667,0.5849056603773585,0,53
1,0.29,0.5656565656565655,0.7777777777777778,0.4444444444444444,1,63
2,0.18,0.0,0.0,0.0,2,5
3,0.27,0.0,0.0,0.0,3,2
4,0.22,0.0,0.0,0.0,4,9
5,0.27,0.5245901639344263,0.6666666666666666,0.43243243243243246,5,74
6,0.29,0.0,0.0,0.0,6,1
7,0.07,0.0,0.0,0.0,7,1
