,threshold,f_measure,precision,recall,instrument_idx,num_of_occ
0,0.07,0.20813623462630085,0.16541353383458646,0.28061224489795916,0,392
1,0.29,0.19070904645476774,0.26174496644295303,0.15,1,520
2,0.18,0.0,0.0,0.0,2,27
3,0.27,0.11295681063122924,0.14912280701754385,0.09090909090909091,3,187
4,0.22,0.0,0.0,0.0,4,61
5,0.27,0.28032345013477095,0.37681159420289856,0.22317596566523606,5,466
6,0.29,0.0,0.0,0.0,6,8
7,0.07,0.0,0.0,0.0,7,15
