,threshold,f_measure,precision,recall,instrument_idx,num_of_occ
0,0.07,0.4838709677419355,0.38461538461538464,0.6521739130434783,0,69
1,0.29,0.46808510638297873,0.4925373134328358,0.44594594594594594,1,74
2,0.18,0.0,0.0,0.0,2,2
3,0.27,0.36649214659685864,0.7446808510638298,0.24305555555555555,3,145
4,0.22,0.0,0.0,0.0,4,1
5,0.27,0.20512820512820515,0.3076923076923077,0.15384615384615385,5,26
6,0.29,0.0,0.0,0.0,6,0
7,0.07,0.0,0.0,0.0,7,2
