,threshold,f_measure,precision,recall,instrument_idx,num_of_occ
0,0.07,0.19999999999999998,0.1111111111111111,1.0,0,1
1,0.29,0.3636363636363636,0.2222222222222222,1.0,1,3
2,0.18,0.0,0.0,0.0,2,1
3,0.27,0.0,0.0,0.0,3,0
4,0.22,0.0,0.0,0.0,4,0
5,0.27,0.0,0.0,0.0,5,0
6,0.29,0.0,0.0,0.0,6,3
7,0.07,0.0,0.0,0.0,7,3
