,threshold,f_measure,precision,recall,instrument_idx,num_of_occ
0,0.07,0.19444444444444445,0.22435897435897437,0.1715686274509804,0,205
1,0.29,0.1419624217118998,0.23943661971830985,0.10089020771513353,1,337
2,0.18,0.0,0.0,0.0,2,9
3,0.27,0.0,0.0,0.0,3,0
4,0.22,0.0,0.0,0.0,4,44
5,0.27,0.2552552552552553,0.3148148148148148,0.21464646464646464,5,397
6,0.29,0.0,0.0,0.0,6,4
7,0.07,0.0,0.0,0.0,7,4
