,threshold,f_measure,precision,recall,instrument_idx,num_of_occ
0,0.07,0.354679802955665,0.26666666666666666,0.5294117647058824,0,68
1,0.29,0.535,0.6079545454545454,0.47767857142857145,1,224
2,0.18,0.0,0.0,0.0,2,5
3,0.27,0.13953488372093023,0.23076923076923078,0.1,3,30
4,0.22,0.0,0.0,0.0,4,4
5,0.27,0.325,0.2765957446808511,0.3939393939393939,5,66
6,0.29,0.0,0.0,0.0,6,0
7,0.07,0.031746031746031744,0.0625,0.02127659574468085,7,47
