,threshold,f_measure,precision,recall,instrument_idx,num_of_occ
0,0.07,0.6666666666666667,0.5394736842105263,0.8723404255319149,0,47
1,0.29,0.6101694915254238,0.5454545454545454,0.6923076923076923,1,26
2,0.18,0.0,0.0,0.0,2,0
3,0.27,0.0,0.0,0.0,3,0
4,0.22,0.0,0.0,0.0,4,0
5,0.27,0.0,0.0,0.0,5,0
6,0.29,0.0,0.0,0.0,6,142
7,0.07,0.0,0.0,0.0,7,0
