,threshold,f_measure,precision,recall,instrument_idx,num_of_occ
0,0.07,0.6666666666666666,0.5,1.0,0,6
1,0.29,0.7368421052631579,0.875,0.6363636363636364,1,11
2,0.18,0.0,0.0,0.0,2,0
3,0.27,0.0,0.0,0.0,3,0
4,0.22,0.0,0.0,0.0,4,0
5,0.27,0.5555555555555556,0.8333333333333334,0.4166666666666667,5,12
6,0.29,0.0,0.0,0.0,6,0
7,0.07,0.0,0.0,0.0,7,0
