,threshold,f_measure,precision,recall,instrument_idx,num_of_occ
0,0.07,0.20227920227920226,0.1770573566084788,0.23588039867109634,0,301
1,0.29,0.2652795838751626,0.36042402826855124,0.20987654320987653,1,486
2,0.18,0.0,0.0,0.0,2,7
3,0.27,0.02531645569620253,0.06976744186046512,0.015463917525773196,3,194
4,0.22,0.0,0.0,0.0,4,3
5,0.27,0.18677042801556418,0.15789473684210525,0.22857142857142856,5,210
6,0.29,0.0,0.0,0.0,6,0
7,0.07,0.014925373134328356,0.2,0.007751937984496124,7,129
