,threshold,f_measure,precision,recall,instrument_idx,num_of_occ
0,0.07,0.0844390832328106,0.18324607329842932,0.054858934169279,0,638
1,0.29,0.5392609699769053,0.6647686832740214,0.45361826129188926,1,2059
2,0.18,0.0,0.0,0.0,2,3
3,0.27,0.0,0.0,0.0,3,0
4,0.22,0.0,0.0,0.0,4,3
5,0.27,0.08286252354048963,0.2682926829268293,0.04899777282850779,5,449
6,0.29,0.0,0.0,0.0,6,20
7,0.07,0.022222222222222223,0.013157894736842105,0.07142857142857142,7,28
