,threshold,f_measure,precision,recall,instrument_idx,num_of_occ
0,0.07,0.4462809917355372,0.391304347826087,0.5192307692307693,0,52
1,0.29,0.39473684210526316,0.43478260869565216,0.3614457831325301,1,83
2,0.18,0.0,0.0,0.0,2,0
3,0.27,0.0,0.0,0.0,3,0
4,0.22,0.0,0.0,0.0,4,5
5,0.27,0.4196891191709845,0.4308510638297872,0.4090909090909091,5,198
6,0.29,0.0,0.0,0.0,6,0
7,0.07,0.0,0.0,0.0,7,0
