,threshold,f_measure,precision,recall,instrument_idx,num_of_occ
0,0.07,0.09183673469387754,0.06521739130434782,0.15517241379310345,0,58
1,0.29,0.1233140655105973,0.1871345029239766,0.09195402298850575,1,348
2,0.18,0.0,0.0,0.0,2,10
3,0.27,0.0,0.0,0.0,3,30
4,0.22,0.0,0.0,0.0,4,17
5,0.27,0.18128654970760236,0.21232876712328766,0.15816326530612246,5,196
6,0.29,0.0,0.0,0.0,6,7
7,0.07,0.0,0.0,0.0,7,2
