,threshold,f_measure,precision,recall,instrument_idx,num_of_occ
0,0.07,0.15639097744360902,0.12440191387559808,0.21052631578947367,0,247
1,0.29,0.23487544483985764,0.2357142857142857,0.23404255319148937,1,141
2,0.18,0.0,0.0,0.0,2,15
3,0.27,0.0,0.0,0.0,3,0
4,0.22,0.0,0.0,0.0,4,10
5,0.27,0.4585091420534459,0.5266558966074314,0.40597758405977585,5,803
6,0.29,0.0,0.0,0.0,6,13
7,0.07,0.0,0.0,0.0,7,37
