,threshold,f_measure,precision,recall,instrument_idx,num_of_occ
0,0.07,0.041666666666666664,0.029411764705882353,0.07142857142857142,0,14
1,0.29,0.4545454545454545,0.43478260869565216,0.47619047619047616,1,21
2,0.18,0.0,0.0,0.0,2,3
3,0.27,0.0,0.0,0.0,3,1
4,0.22,0.0,0.0,0.0,4,1
5,0.27,0.5511811023622049,0.6730769230769231,0.4666666666666667,5,75
6,0.29,0.0,0.0,0.0,6,0
7,0.07,0.25,1.0,0.14285714285714285,7,7
