,threshold,f_measure,precision,recall,instrument_idx,num_of_occ
0,0.07,0.2371794871794872,0.17535545023696683,0.36633663366336633,0,101
1,0.29,0.4795321637426901,0.4823529411764706,0.47674418604651164,1,86
2,0.18,0.11764705882352941,1.0,0.0625,2,16
3,0.27,0.0,0.0,0.0,3,1
4,0.22,0.0,0.0,0.0,4,10
5,0.27,0.3909348441926346,0.5149253731343284,0.3150684931506849,5,438
6,0.29,0.0,0.0,0.0,6,6
7,0.07,0.06666666666666667,0.2,0.04,7,25
