,threshold,f_measure,precision,recall,instrument_idx,num_of_occ
0,0.07,0.2663043478260869,0.19797979797979798,0.4066390041493776,0,242
1,0.29,0.19767441860465115,0.19318181818181818,0.20238095238095238,1,84
2,0.18,0.0,0.0,0.0,2,0
3,0.27,0.0,0.0,0.0,3,0
4,0.22,0.019999999999999997,0.11764705882352941,0.01092896174863388,4,183
5,0.27,0.3299492385786802,0.5327868852459017,0.23897058823529413,5,545
6,0.29,0.0,0.0,0.0,6,0
7,0.07,0.0,0.0,0.0,7,0
