,threshold,f_measure,precision,recall,instrument_idx,num_of_occ
0,0.07,0.29999999999999993,0.22857142857142856,0.43636363636363634,0,56
1,0.29,0.16129032258064516,0.25,0.11904761904761904,1,42
2,0.18,0.0,0.0,0.0,2,0
3,0.27,0.0,0.0,0.0,3,0
4,0.22,0.0,0.0,0.0,4,9
5,0.27,0.27906976744186046,0.43636363636363634,0.20512820512820512,5,118
6,0.29,0.0,0.0,0.0,6,0
7,0.07,0.0,0.0,0.0,7,0
