,threshold,f_measure,precision,recall,instrument_idx,num_of_occ
0,0.07,0.3836734693877551,0.28313253012048195,0.5949367088607594,0,80
1,0.29,0.34196891191709844,0.4647887323943662,0.27049180327868855,1,123
2,0.18,0.0,0.0,0.0,2,0
3,0.27,0.0,0.0,0.0,3,0
4,0.22,0.0,0.0,0.0,4,3
5,0.27,0.42857142857142855,0.45132743362831856,0.408,5,251
6,0.29,0.0,0.0,0.0,6,0
7,0.07,0.0,0.0,0.0,7,0
