,threshold,f_measure,precision,recall,instrument_idx,num_of_occ
0,0.07,0.2911611785095321,0.24242424242424243,0.3644251626898048,0,461
1,0.29,0.17180616740088106,0.19402985074626866,0.1541501976284585,1,253
2,0.18,0.0,0.0,0.0,2,21
3,0.27,0.011904761904761904,0.022727272727272728,0.008064516129032258,3,124
4,0.22,0.0,0.0,0.0,4,8
5,0.27,0.23170731707317072,0.3081081081081081,0.18566775244299674,5,307
6,0.29,0.0,0.0,0.0,6,0
7,0.07,0.0,0.0,0.0,7,8
