,threshold,f_measure,precision,recall,instrument_idx,num_of_occ
0,0.07,0.29508196721311475,0.20300751879699247,0.54,0,50
1,0.29,0.28828828828828823,0.2857142857142857,0.2909090909090909,1,55
2,0.18,0.0,0.0,0.0,2,12
3,0.27,0.1890909090909091,0.36619718309859156,0.12745098039215685,3,204
4,0.22,0.0,0.0,0.0,4,1
5,0.27,0.06,0.10714285714285714,0.041666666666666664,5,73
6,0.29,0.0,0.0,0.0,6,10
7,0.07,0.0,0.0,0.0,7,12
