,threshold,f_measure,precision,recall,instrument_idx,num_of_occ
0,0.07,0.56,0.7368421052631579,0.45161290322580644,0,32
1,0.29,0.8125000000000001,1.0,0.6842105263157895,1,19
2,0.18,0.0,0.0,0.0,2,1
3,0.27,0.0,0.0,0.0,3,0
4,0.22,0.0,0.0,0.0,4,30
5,0.27,0.2380952380952381,0.13513513513513514,1.0,5,5
6,0.29,0.0,0.0,0.0,6,0
7,0.07,0.0,0.0,0.0,7,0
