,threshold,f_measure,precision,recall,instrument_idx,num_of_occ
0,0.07,0.21005385996409337,0.2174721189591078,0.203125,0,576
1,0.29,0.19545903257650543,0.309375,0.14285714285714285,1,693
2,0.18,0.0,0.0,0.0,2,33
3,0.27,0.18461538461538463,0.43243243243243246,0.11735941320293398,3,409
4,0.22,0.0,0.0,0.0,4,31
5,0.27,0.21642512077294684,0.2413793103448276,0.19614711033274956,5,571
6,0.29,0.0,0.0,0.0,6,47
7,0.07,0.023529411764705882,0.03225806451612903,0.018518518518518517,7,54
