,threshold,f_measure,precision,recall,instrument_idx,num_of_occ
0,0.07,0.10714285714285714,0.08695652173913043,0.13953488372093023,0,86
1,0.29,0.20238095238095238,0.23943661971830985,0.17525773195876287,1,97
2,0.18,0.0,0.0,0.0,2,4
3,0.27,0.20689655172413796,0.38571428571428573,0.14136125654450263,3,191
4,0.22,0.0,0.0,0.0,4,1
5,0.27,0.2032085561497326,0.16521739130434782,0.2638888888888889,5,72
6,0.29,0.0,0.0,0.0,6,2
7,0.07,0.2105263157894737,0.2222222222222222,0.2,7,10
