,threshold,f_measure,precision,recall,instrument_idx,num_of_occ
0,0.07,0.19714964370546317,0.17965367965367965,0.21842105263157896,0,380
1,0.29,0.27391603578802476,0.342512908777969,0.22821100917431192,1,872
2,0.18,0.0,0.0,0.0,2,25
3,0.27,0.3333333333333333,0.38752783964365256,0.292436974789916,3,596
4,0.22,0.0,0.0,0.0,4,6
5,0.27,0.09836065573770493,0.12352941176470589,0.08171206225680934,5,257
6,0.29,0.05633802816901408,0.125,0.03636363636363636,6,55
7,0.07,0.09326424870466321,0.07894736842105263,0.11392405063291139,7,79
