,threshold,f_measure,precision,recall,instrument_idx,num_of_occ
0,0.07,0.25418060200668896,0.20105820105820105,0.34545454545454546,0,110
1,0.29,0.2184873949579832,0.29545454545454547,0.17333333333333334,1,225
2,0.18,0.0,0.0,0.0,2,6
3,0.27,0.0,0.0,0.0,3,0
4,0.22,0.0,0.0,0.0,4,34
5,0.27,0.42042042042042044,0.4666666666666667,0.3825136612021858,5,366
6,0.29,0.0,0.0,0.0,6,0
7,0.07,0.4,1.0,0.25,7,4
