,threshold,f_measure,precision,recall,instrument_idx,num_of_occ
0,0.07,0.36363636363636365,0.33663366336633666,0.3953488372093023,0,86
1,0.29,0.24285714285714288,0.17894736842105263,0.37777777777777777,1,45
2,0.18,0.0,0.0,0.0,2,19
3,0.27,0.0,0.0,0.0,3,6
4,0.22,0.0,0.0,0.0,4,0
5,0.27,0.2378854625550661,0.23893805309734514,0.23684210526315788,5,114
6,0.29,0.0,0.0,0.0,6,11
7,0.07,0.0,0.0,0.0,7,22
