,threshold,f_measure,precision,recall,instrument_idx,num_of_occ
0,0.07,0.6451612903225806,0.47619047619047616,1.0,0,11
1,0.29,0.2666666666666667,1.0,0.15384615384615385,1,26
2,0.18,0.0,0.0,0.0,2,1
3,0.27,0.2857142857142857,1.0,0.16666666666666666,3,12
4,0.22,0.0,0.0,0.0,4,0
5,0.27,0.0,0.0,0.0,5,0
6,0.29,0.0,0.0,0.0,6,0
7,0.07,0.0,0.0,0.0,7,0
