,threshold,f_measure,precision,recall,instrument_idx,num_of_occ
0,0.07,0.19069239500567536,0.20715166461159062,0.17665615141955837,0,952
1,0.29,0.35933147632311974,0.4536928487690504,0.29746348962336666,1,1301
2,0.18,0.0,0.0,0.0,2,34
3,0.27,0.1616358325219085,0.4853801169590643,0.0969626168224299,3,856
4,0.22,0.0,0.0,0.0,4,3
5,0.27,0.16261682242990652,0.23387096774193547,0.12464183381088825,5,698
6,0.29,0.0,0.0,0.0,6,104
7,0.07,0.049295774647887314,0.056910569105691054,0.043478260869565216,7,161
