,threshold,f_measure,precision,recall,instrument_idx
1,0.27,0.8171206225680935,0.963302752293578,0.7094594594594594,1.0
2,0.13,0.2857142857142857,1.0,0.16666666666666666,2.0
4,0.25,0.3076923076923077,1.0,0.18181818181818182,4.0
5,0.21,0.8995633187772926,0.8408163265306122,0.9671361502347418,5.0
