,threshold,f_measure,precision,recall,instrument_idx,num_of_occ
0,0.07,0.5714285714285715,0.4,1.0,0,4
1,0.29,1.0,1.0,1.0,1,6
2,0.18,0.0,0.0,0.0,2,0
3,0.27,0.5555555555555556,1.0,0.38461538461538464,3,13
4,0.22,0.0,0.0,0.0,4,0
5,0.27,0.0,0.0,0.0,5,0
6,0.29,0.0,0.0,0.0,6,0
7,0.07,0.0,0.0,0.0,7,0
