,threshold,f_measure,precision,recall,instrument_idx,num_of_occ
0,0.07,0.4225352112676056,0.45,0.39823008849557523,0,113
1,0.29,0.34615384615384615,0.43902439024390244,0.2857142857142857,1,63
2,0.18,0.0,0.0,0.0,2,0
3,0.27,0.0,0.0,0.0,3,0
4,0.22,0.0,0.0,0.0,4,6
5,0.27,0.48547717842323657,0.5021459227467812,0.46987951807228917,5,250
6,0.29,0.0,0.0,0.0,6,0
7,0.07,0.0,0.0,0.0,7,0
