,threshold,f_measure,precision,recall,instrument_idx,num_of_occ
0,0.07,0.21822033898305088,0.17109634551495018,0.30116959064327486,0,684
1,0.29,0.47152018106374954,0.5511463844797179,0.4119973632168754,1,1517
2,0.18,0.0,0.0,0.0,2,83
3,0.27,0.0,0.0,0.0,3,84
4,0.22,0.0,0.0,0.0,4,62
5,0.27,0.18626309662398138,0.2597402597402597,0.14519056261343014,5,551
6,0.29,0.0,0.0,0.0,6,0
7,0.07,0.02112676056338028,0.0297029702970297,0.01639344262295082,7,183
