,threshold,f_measure,precision,recall,instrument_idx,num_of_occ
0,0.07,0.6571428571428571,0.5,0.9583333333333334,0,24
1,0.29,0.8461538461538461,0.9166666666666666,0.7857142857142857,1,14
2,0.18,0.0,0.0,0.0,2,0
3,0.27,0.0,0.0,0.0,3,0
4,0.22,0.0,0.0,0.0,4,4
5,0.27,0.73015873015873,0.9387755102040817,0.5974025974025974,5,77
6,0.29,0.0,0.0,0.0,6,1
7,0.07,0.0,0.0,0.0,7,1
