,threshold,f_measure,precision,recall,instrument_idx,num_of_occ
0,0.07,0.3568464730290456,0.3208955223880597,0.40186915887850466,0,107
1,0.29,0.3846153846153846,0.45454545454545453,0.3333333333333333,1,90
2,0.18,0.0,0.0,0.0,2,13
3,0.27,0.0,0.0,0.0,3,10
4,0.22,0.0,0.0,0.0,4,11
5,0.27,0.45768025078369906,0.5488721804511278,0.3924731182795699,5,186
6,0.29,0.0,0.0,0.0,6,3
7,0.07,0.1111111111111111,0.16666666666666666,0.08333333333333333,7,12
