,threshold,f_measure,precision,recall,instrument_idx,num_of_occ
0,0.07,0.27631578947368424,0.20192307692307693,0.4375,0,48
1,0.29,0.3202846975088968,0.4639175257731959,0.24456521739130435,1,184
2,0.18,0.2857142857142857,1.0,0.16666666666666666,2,6
3,0.27,0.0425531914893617,0.047619047619047616,0.038461538461538464,3,52
4,0.22,0.10169491525423728,0.6,0.05555555555555555,4,54
5,0.27,0.3582089552238806,0.4444444444444444,0.3,5,80
6,0.29,0.0,0.0,0.0,6,4
7,0.07,0.14814814814814814,0.10526315789473684,0.25,7,8
