,threshold,f_measure,precision,recall,instrument_idx,num_of_occ
0,0.07,0.2197802197802198,0.18276762402088773,0.2755905511811024,0,255
1,0.29,0.3224699828473413,0.4034334763948498,0.26857142857142857,1,350
2,0.18,0.0,0.0,0.0,2,20
3,0.27,0.0,0.0,0.0,3,8
4,0.22,0.0,0.0,0.0,4,50
5,0.27,0.2560706401766004,0.31693989071038253,0.21481481481481482,5,270
6,0.29,0.0,0.0,0.0,6,12
7,0.07,0.08333333333333333,0.14285714285714285,0.058823529411764705,7,17
