,threshold,f_measure,precision,recall,instrument_idx,num_of_occ
0,0.07,0.16666666666666669,0.09090909090909091,1.0,0,1
1,0.29,0.8750000000000001,0.7777777777777778,1.0,1,14
2,0.18,0.0,0.0,0.0,2,1
3,0.27,0.0,0.0,0.0,3,0
4,0.22,0.0,0.0,0.0,4,0
5,0.27,0.25,0.16666666666666666,0.5,5,2
6,0.29,0.33333333333333337,1.0,0.2,6,5
7,0.07,0.0,0.0,0.0,7,6
