,threshold,f_measure,precision,recall,instrument_idx,num_of_occ
0,0.07,0.32524964336661916,0.3064516129032258,0.3465045592705167,0,329
1,0.29,0.26151560178306094,0.2875816993464052,0.23978201634877383,1,367
2,0.18,0.0,0.0,0.0,2,5
3,0.27,0.31050228310502287,0.6296296296296297,0.20606060606060606,3,165
4,0.22,0.0,0.0,0.0,4,3
5,0.27,0.5576208178438662,0.5067567567567568,0.6198347107438017,5,121
6,0.29,0.0,0.0,0.0,6,0
7,0.07,0.0,0.0,0.0,7,7
