,threshold,f_measure,precision,recall,instrument_idx,num_of_occ
0,0.07,0.5454545454545454,0.375,1.0,0,6
1,0.29,0.6857142857142857,0.8,0.6,1,20
2,0.18,0.0,0.0,0.0,2,0
3,0.27,0.5365853658536585,1.0,0.36666666666666664,3,30
4,0.22,0.0,0.0,0.0,4,0
5,0.27,0.7407407407407408,0.7142857142857143,0.7692307692307693,5,13
6,0.29,0.0,0.0,0.0,6,1
7,0.07,0.5,0.5,0.5,7,2
