,threshold,f_measure,precision,recall,instrument_idx,num_of_occ
0,0.07,0.41758241758241754,0.30158730158730157,0.6785714285714286,0,28
1,0.29,0.32380952380952377,0.3617021276595745,0.29310344827586204,1,58
2,0.18,0.0,0.0,0.0,2,6
3,0.27,0.0,0.0,0.0,3,1
4,0.22,0.0,0.0,0.0,4,1
5,0.27,0.35849056603773594,0.37623762376237624,0.34234234234234234,5,111
6,0.29,0.0,0.0,0.0,6,1
7,0.07,0.0,0.0,0.0,7,2
