,threshold,f_measure,precision,recall,instrument_idx,num_of_occ
0,0.07,0.11968085106382975,0.08754863813229571,0.18907563025210083,0,238
1,0.29,0.23709902370990238,0.2768729641693811,0.2073170731707317,1,410
2,0.18,0.0,0.0,0.0,2,19
3,0.27,0.31451612903225806,0.3939393939393939,0.26174496644295303,3,149
4,0.22,0.026666666666666665,1.0,0.013513513513513514,4,74
5,0.27,0.24933687002652521,0.24736842105263157,0.25133689839572193,5,187
6,0.29,0.0,0.0,0.0,6,14
7,0.07,0.0,0.0,0.0,7,39
