,threshold,f_measure,precision,recall,instrument_idx,num_of_occ
0,0.07,0.28985507246376807,0.20833333333333334,0.47619047619047616,0,42
1,0.29,0.3584229390681004,0.45454545454545453,0.2958579881656805,1,169
2,0.18,0.0,0.0,0.0,2,5
3,0.27,0.23728813559322032,0.5833333333333334,0.14893617021276595,3,188
4,0.22,0.0,0.0,0.0,4,0
5,0.27,0.3315508021390374,0.3522727272727273,0.31313131313131315,5,99
6,0.29,0.0,0.0,0.0,6,0
7,0.07,0.0,0.0,0.0,7,3
