,threshold,f_measure,precision,recall,instrument_idx,num_of_occ
0,0.07,0.3793103448275862,0.2875816993464052,0.5569620253164557,0,80
1,0.29,0.42857142857142855,0.4583333333333333,0.4024390243902439,1,82
2,0.18,0.0,0.0,0.0,2,5
3,0.27,0.044444444444444446,0.07692307692307693,0.03125,3,32
4,0.22,0.22222222222222224,0.5,0.14285714285714285,4,7
5,0.27,0.5263157894736843,0.6153846153846154,0.45977011494252873,5,88
6,0.29,0.0,0.0,0.0,6,7
7,0.07,0.0,0.0,0.0,7,6
