,threshold,f_measure,precision,recall,instrument_idx
1,0.27,0.728813559322034,1.0,0.5733333333333334,1.0
5,0.21,0.9217391304347826,0.8548387096774194,1.0,5.0
