,threshold,f_measure,precision,recall,instrument_idx,num_of_occ
0,0.07,0.14008941877794337,0.10904872389791183,0.19583333333333333,0,240
1,0.29,0.2280701754385965,0.26608187134502925,0.19956140350877194,1,456
2,0.18,0.0,0.0,0.0,2,7
3,0.27,0.0,0.0,0.0,3,2
4,0.22,0.0,0.0,0.0,4,8
5,0.27,0.19318181818181818,0.27717391304347827,0.14825581395348839,5,344
6,0.29,0.0,0.0,0.0,6,1
7,0.07,0.0,0.0,0.0,7,1
