,threshold,f_measure,precision,recall,instrument_idx,num_of_occ
0,0.07,0.2666666666666666,0.2727272727272727,0.2608695652173913,0,115
1,0.29,0.4767801857585139,0.5923076923076923,0.39896373056994816,1,193
2,0.18,0.0,0.0,0.0,2,4
3,0.27,0.0625,0.03571428571428571,0.25,3,4
4,0.22,0.037037037037037035,0.3333333333333333,0.0196078431372549,4,51
5,0.27,0.28181818181818186,0.36904761904761907,0.22794117647058823,5,136
6,0.29,0.0,0.0,0.0,6,3
7,0.07,0.1212121212121212,0.1111111111111111,0.13333333333333333,7,15
