,threshold,f_measure,precision,recall,instrument_idx,num_of_occ
0,0.07,0.18779342723004697,0.1518987341772152,0.2459016393442623,0,244
1,0.29,0.16432865731462923,0.1782608695652174,0.1524163568773234,1,269
2,0.18,0.0,0.0,0.0,2,11
3,0.27,0.056179775280898875,0.09090909090909091,0.04065040650406504,3,123
4,0.22,0.0,0.0,0.0,4,60
5,0.27,0.2757281553398058,0.2572463768115942,0.29707112970711297,5,239
6,0.29,0.0,0.0,0.0,6,0
7,0.07,0.0,0.0,0.0,7,20
