,threshold,f_measure,precision,recall,instrument_idx,num_of_occ
0,0.07,0.5920000000000001,0.6727272727272727,0.5285714285714286,0,70
1,0.29,0.4771573604060914,0.746031746031746,0.35074626865671643,1,134
2,0.18,0.0,0.0,0.0,2,0
3,0.27,0.0,0.0,0.0,3,0
4,0.22,0.0,0.0,0.0,4,6
5,0.27,0.6693548387096775,0.7904761904761904,0.5804195804195804,5,143
6,0.29,0.0,0.0,0.0,6,0
7,0.07,0.0,0.0,0.0,7,0
