,threshold,f_measure,precision,recall,instrument_idx,num_of_occ
0,0.07,0.22568093385214008,0.20863309352517986,0.2457627118644068,0,118
1,0.29,0.31610942249240126,0.416,0.2549019607843137,1,204
2,0.18,0.0,0.0,0.0,2,5
3,0.27,0.0,0.0,0.0,3,56
4,0.22,0.0,0.0,0.0,4,33
5,0.27,0.4092664092664093,0.4774774774774775,0.3581081081081081,5,148
6,0.29,0.0,0.0,0.0,6,0
7,0.07,0.0,0.0,0.0,7,2
