,threshold,f_measure,precision,recall,instrument_idx,num_of_occ
0,0.07,0.07858546168958742,0.05847953216374269,0.11976047904191617,0,167
1,0.29,0.10722610722610722,0.16083916083916083,0.08041958041958042,1,286
2,0.18,0.0,0.0,0.0,2,13
3,0.27,0.14963503649635035,0.2679738562091503,0.10379746835443038,3,395
4,0.22,0.0,0.0,0.0,4,4
5,0.27,0.11869436201780414,0.10695187165775401,0.13333333333333333,5,150
6,0.29,0.0,0.0,0.0,6,19
7,0.07,0.04347826086956522,0.044444444444444446,0.0425531914893617,7,47
