,threshold,f_measure,precision,recall,instrument_idx,num_of_occ
0,0.07,0.1914191419141914,0.14215686274509803,0.29292929292929293,0,99
1,0.29,0.3406813627254509,0.4594594594594595,0.27070063694267515,1,314
2,0.18,0.0,0.0,0.0,2,4
3,0.27,0.34696406443618344,0.7692307692307693,0.224,3,625
4,0.22,0.0,0.0,0.0,4,3
5,0.27,0.30839694656488553,0.38697318007662834,0.2563451776649746,5,394
6,0.29,0.0,0.0,0.0,6,0
7,0.07,0.0784313725490196,0.1,0.06451612903225806,7,31
