,threshold,f_measure,precision,recall,instrument_idx
1,0.27,1.0,1.0,1.0,1.0
3,0.08,0.9473684210526315,0.9473684210526315,0.9473684210526315,3.0
