,threshold,f_measure,precision,recall,instrument_idx,num_of_occ
0,0.07,0.15597484276729562,0.16939890710382513,0.1445221445221445,0,430
1,0.29,0.3630308076602831,0.42003853564547206,0.3196480938416422,1,682
2,0.18,0.0,0.0,0.0,2,27
3,0.27,0.08387096774193549,0.24528301886792453,0.05058365758754864,3,257
4,0.22,0.0,0.0,0.0,4,35
5,0.27,0.2212581344902386,0.2991202346041056,0.17555938037865748,5,582
6,0.29,0.0,0.0,0.0,6,24
7,0.07,0.01923076923076923,0.014705882352941176,0.027777777777777776,7,36
