,threshold,f_measure,precision,recall,instrument_idx,num_of_occ
0,0.07,0.3510204081632653,0.30714285714285716,0.4095238095238095,0,105
1,0.29,0.39772727272727276,0.39325842696629215,0.40229885057471265,1,87
2,0.18,0.0,0.0,0.0,2,4
3,0.27,0.0,0.0,0.0,3,53
4,0.22,0.0,0.0,0.0,4,14
5,0.27,0.4311377245508982,0.4260355029585799,0.43636363636363634,5,165
6,0.29,0.0,0.0,0.0,6,6
7,0.07,0.0,0.0,0.0,7,6
