,threshold,f_measure,precision,recall,instrument_idx,num_of_occ
0,0.07,0.13833528722157093,0.10946196660482375,0.18789808917197454,0,314
1,0.29,0.22484134179510426,0.2980769230769231,0.1804949053857351,1,687
2,0.18,0.0,0.0,0.0,2,10
3,0.27,0.059701492537313425,0.10344827586206896,0.04195804195804196,3,143
4,0.22,0.0,0.0,0.0,4,121
5,0.27,0.3042568039078856,0.3348694316436252,0.27877237851662406,5,782
6,0.29,0.0,0.0,0.0,6,0
7,0.07,0.0,0.0,0.0,7,12
