,threshold,f_measure,precision,recall,instrument_idx,num_of_occ
0,0.07,0.49206349206349204,0.42758620689655175,0.5794392523364486,0,107
1,0.29,0.49152542372881364,0.6590909090909091,0.3918918918918919,1,148
2,0.18,0.3,1.0,0.17647058823529413,2,18
3,0.27,0.0,0.0,0.0,3,13
4,0.22,0.0,0.0,0.0,4,28
5,0.27,0.14285714285714288,0.1346153846153846,0.15217391304347827,5,46
6,0.29,0.0,0.0,0.0,6,14
7,0.07,0.0,0.0,0.0,7,0
