,threshold,f_measure,precision,recall,instrument_idx,num_of_occ
0,0.07,0.16549789621318373,0.12593383137673425,0.24130879345603273,0,489
1,0.29,0.15736766809728184,0.1950354609929078,0.13189448441247004,1,417
2,0.18,0.0,0.0,0.0,2,15
3,0.27,0.0,0.0,0.0,3,1
4,0.22,0.0273224043715847,0.5,0.014044943820224719,4,356
5,0.27,0.40154015401540155,0.5439642324888226,0.3182214472537053,5,1147
6,0.29,0.0,0.0,0.0,6,2
7,0.07,0.0,0.0,0.0,7,30
