,threshold,f_measure,precision,recall,instrument_idx,num_of_occ
0,0.07,0.42105263157894735,0.3389830508474576,0.5555555555555556,0,108
1,0.29,0.4625,0.5522388059701493,0.3978494623655914,1,93
2,0.18,0.2,0.5,0.125,2,8
3,0.27,0.16666666666666666,0.3333333333333333,0.1111111111111111,3,27
4,0.22,0.0,0.0,0.0,4,40
5,0.27,0.3333333333333333,0.40816326530612246,0.28169014084507044,5,71
6,0.29,0.0,0.0,0.0,6,2
7,0.07,0.0,0.0,0.0,7,2
