,threshold,f_measure,precision,recall,instrument_idx,num_of_occ
0,0.07,0.7111111111111111,0.5517241379310345,1.0,0,32
1,0.29,0.802721088435374,0.9365079365079365,0.7023809523809523,1,84
2,0.18,0.0,0.0,0.0,2,0
3,0.27,0.0,0.0,0.0,3,0
4,0.22,0.0,0.0,0.0,4,12
5,0.27,0.6666666666666667,0.835820895522388,0.5544554455445545,5,101
6,0.29,0.0,0.0,0.0,6,0
7,0.07,0.0,0.0,0.0,7,0
