,threshold,f_measure,precision,recall,instrument_idx,num_of_occ
0,0.07,0.17,0.12274368231046931,0.2764227642276423,0,123
1,0.29,0.1,0.09523809523809523,0.10526315789473684,1,19
2,0.18,0.0,0.0,0.0,2,0
3,0.27,0.0,0.0,0.0,3,0
4,0.22,0.0,0.0,0.0,4,49
5,0.27,0.7163920208152647,0.7821969696969697,0.6608,5,626
6,0.29,0.0,0.0,0.0,6,0
7,0.07,0.0,0.0,0.0,7,0
