,threshold,f_measure,precision,recall,instrument_idx,num_of_occ
0,0.07,0.6,0.42857142857142855,1.0,0,6
1,0.29,0.5,0.625,0.4166666666666667,1,12
2,0.18,0.0,0.0,0.0,2,1
3,0.27,0.0,0.0,0.0,3,0
4,0.22,0.0,0.0,0.0,4,1
5,0.27,0.6153846153846155,0.9230769230769231,0.46153846153846156,5,26
6,0.29,0.0,0.0,0.0,6,0
7,0.07,0.0,0.0,0.0,7,1
