,threshold,f_measure,precision,recall,instrument_idx,num_of_occ
0,0.07,0.2549019607843137,0.19527896995708155,0.36693548387096775,0,249
1,0.29,0.20869565217391303,0.20512820512820512,0.21238938053097345,1,113
2,0.18,0.0,0.0,0.0,2,10
3,0.27,0.0,0.0,0.0,3,7
4,0.22,0.06282722513089006,0.375,0.03428571428571429,4,175
5,0.27,0.30364963503649633,0.4622222222222222,0.22608695652173913,5,461
6,0.29,0.0,0.0,0.0,6,0
7,0.07,0.0,0.0,0.0,7,1
