,threshold,f_measure,precision,recall,instrument_idx,num_of_occ
0,0.07,0.6086956521739131,0.4375,1.0,0,14
1,0.29,0.7199999999999999,0.75,0.6923076923076923,1,13
2,0.18,0.0,0.0,0.0,2,1
3,0.27,0.5,1.0,0.3333333333333333,3,3
4,0.22,0.0,0.0,0.0,4,0
5,0.27,0.0,0.0,0.0,5,0
6,0.29,0.0,0.0,0.0,6,6
7,0.07,0.0,0.0,0.0,7,8
