,threshold,f_measure,precision,recall,instrument_idx,num_of_occ
0,0.07,0.23666910153396636,0.19081272084805653,0.31153846153846154,0,520
1,0.29,0.3129548762736536,0.39814814814814814,0.2577937649880096,1,835
2,0.18,0.012422360248447206,0.07142857142857142,0.006802721088435374,2,147
3,0.27,0.17013232514177692,0.3333333333333333,0.11421319796954314,3,394
4,0.22,0.0,0.0,0.0,4,33
5,0.27,0.20542635658914726,0.35333333333333333,0.1448087431693989,5,366
6,0.29,0.0,0.0,0.0,6,29
7,0.07,0.0,0.0,0.0,7,17
