,threshold,f_measure,precision,recall,instrument_idx,num_of_occ
0,0.07,0.14432989690721648,0.0875,0.4117647058823529,0,17
1,0.29,0.1565217391304348,0.29508196721311475,0.10650887573964497,1,169
2,0.18,0.0,0.0,0.0,2,13
3,0.27,0.16744186046511628,0.4864864864864865,0.10112359550561797,3,178
4,0.22,0.0,0.0,0.0,4,0
5,0.27,0.22093023255813954,0.21839080459770116,0.2235294117647059,5,85
6,0.29,0.0,0.0,0.0,6,0
7,0.07,0.2105263157894737,0.2222222222222222,0.2,7,20
