,threshold,f_measure,precision,recall,instrument_idx,num_of_occ
0,0.07,0.14457831325301204,0.12903225806451613,0.1643835616438356,0,146
1,0.29,0.18749999999999997,0.4811320754716981,0.11643835616438356,1,438
2,0.18,0.0,0.0,0.0,2,8
3,0.27,0.0,0.0,0.0,3,0
4,0.22,0.0,0.0,0.0,4,84
5,0.27,0.3591635916359163,0.37532133676092544,0.3443396226415094,5,424
6,0.29,0.0,0.0,0.0,6,9
7,0.07,0.0,0.0,0.0,7,15
