,threshold,f_measure,precision,recall,instrument_idx,num_of_occ
0,0.07,0.6829268292682926,0.5384615384615384,0.9333333333333333,0,15
1,0.29,0.8108108108108109,0.7142857142857143,0.9375,1,16
2,0.18,0.6666666666666666,1.0,0.5,2,2
3,0.27,0.38095238095238093,1.0,0.23529411764705882,3,17
4,0.22,0.0,0.0,0.0,4,0
5,0.27,0.0,0.0,0.0,5,0
6,0.29,0.0,0.0,0.0,6,0
7,0.07,0.0,0.0,0.0,7,4
