,threshold,f_measure,precision,recall,instrument_idx,num_of_occ
0,0.07,0.18918918918918917,0.29844961240310075,0.13848920863309352,0,556
1,0.29,0.5093684941013185,0.7153996101364523,0.3954741379310345,1,928
2,0.18,0.0,0.0,0.0,2,4
3,0.27,0.0,0.0,0.0,3,0
4,0.22,0.0,0.0,0.0,4,1
5,0.27,0.09708737864077668,0.17857142857142858,0.06666666666666667,5,225
6,0.29,0.0,0.0,0.0,6,6
7,0.07,0.08333333333333334,0.09090909090909091,0.07692307692307693,7,13
