,threshold,f_measure,precision,recall,instrument_idx,num_of_occ
0,0.07,0.5915492957746479,0.4666666666666667,0.8076923076923077,0,26
1,0.29,0.34375,0.55,0.25,1,44
2,0.18,0.5,1.0,0.3333333333333333,2,3
3,0.27,0.0,0.0,0.0,3,0
4,0.22,0.0,0.0,0.0,4,6
5,0.27,0.6630434782608696,0.782051282051282,0.5754716981132075,5,106
6,0.29,0.0,0.0,0.0,6,1
7,0.07,0.0,0.0,0.0,7,3
