,threshold,f_measure,precision,recall,instrument_idx,num_of_occ
0,0.07,0.0816326530612245,0.06340057636887608,0.11458333333333333,0,192
1,0.29,0.18691588785046728,0.14705882352941177,0.2564102564102564,1,78
2,0.18,0.0,0.0,0.0,2,6
3,0.27,0.0,0.0,0.0,3,2
4,0.22,0.0,0.0,0.0,4,2
5,0.27,0.1386138613861386,0.13636363636363635,0.14093959731543623,5,149
6,0.29,0.0,0.0,0.0,6,31
7,0.07,0.0392156862745098,0.14285714285714285,0.022727272727272728,7,44
