,threshold,f_measure,precision,recall,instrument_idx,num_of_occ
0,0.07,0.15885947046843177,0.1276595744680851,0.21024258760107817,0,371
1,0.29,0.47481384143670613,0.5524974515800204,0.4162826420890937,1,1302
2,0.18,0.0,0.0,0.0,2,0
3,0.27,0.0,0.0,0.0,3,0
4,0.22,0.0,0.0,0.0,4,0
5,0.27,0.03292181069958847,0.04395604395604396,0.02631578947368421,5,152
6,0.29,0.0,0.0,0.0,6,0
7,0.07,0.0,0.0,0.0,7,2
