,threshold,f_measure,precision,recall,instrument_idx,num_of_occ
0,0.07,0.15120274914089346,0.1134020618556701,0.2268041237113402,0,291
1,0.29,0.20172910662824206,0.22082018927444794,0.1856763925729443,1,377
2,0.18,0.0,0.0,0.0,2,13
3,0.27,0.09978308026030366,0.26744186046511625,0.06133333333333333,3,375
4,0.22,0.0,0.0,0.0,4,57
5,0.27,0.33099579242636745,0.49372384937238495,0.2489451476793249,5,474
6,0.29,0.0,0.0,0.0,6,0
7,0.07,0.0,0.0,0.0,7,35
