,threshold,f_measure,precision,recall,instrument_idx,num_of_occ
0,0.07,0.5333333333333333,0.36363636363636365,1.0,0,5
1,0.29,0.9285714285714286,0.8666666666666667,1.0,1,13
2,0.18,0.0,0.0,0.0,2,0
3,0.27,0.16666666666666669,1.0,0.09090909090909091,3,11
4,0.22,0.0,0.0,0.0,4,0
5,0.27,0.0,0.0,0.0,5,0
6,0.29,0.0,0.0,0.0,6,2
7,0.07,0.0,0.0,0.0,7,2
