,threshold,f_measure,precision,recall,instrument_idx
1,0.27,0.9072512647554806,0.9572953736654805,0.8621794871794872,1.0
3,0.08,0.08333333333333334,0.045454545454545456,0.5,3.0
4,0.25,0.45901639344262296,0.9333333333333333,0.30434782608695654,4.0
5,0.21,0.9076655052264808,0.8444084278768234,0.9811676082862524,5.0
