,threshold,f_measure,precision,recall,instrument_idx,num_of_occ
0,0.07,0.16507936507936508,0.16774193548387098,0.1625,0,321
1,0.29,0.24102564102564106,0.31125827814569534,0.19665271966527198,1,478
2,0.18,0.0,0.0,0.0,2,13
3,0.27,0.1340782122905028,0.22641509433962265,0.09523809523809523,3,126
4,0.22,0.0,0.0,0.0,4,27
5,0.27,0.3015873015873016,0.35447761194029853,0.26243093922651933,5,363
6,0.29,0.0,0.0,0.0,6,15
7,0.07,0.05000000000000001,0.05,0.05,7,20
