,threshold,f_measure,precision,recall,instrument_idx,num_of_occ
0,0.07,0.691358024691358,0.6666666666666666,0.717948717948718,0,40
1,0.29,0.7096774193548386,0.7333333333333333,0.6875,1,32
2,0.18,0.0,0.0,0.0,2,0
3,0.27,0.0,0.0,0.0,3,0
4,0.22,0.0,0.0,0.0,4,0
5,0.27,0.7565217391304349,0.8365384615384616,0.6904761904761905,5,127
6,0.29,0.0,0.0,0.0,6,0
7,0.07,0.0,0.0,0.0,7,0
