,threshold,f_measure,precision,recall,instrument_idx,num_of_occ
0,0.07,0.13026819923371646,0.09714285714285714,0.19767441860465115,0,173
1,0.29,0.29202453987730065,0.46124031007751937,0.21364452423698385,1,557
2,0.18,0.0,0.0,0.0,2,2
3,0.27,0.3266331658291457,0.5241935483870968,0.23722627737226276,3,275
4,0.22,0.0,0.0,0.0,4,5
5,0.27,0.2638036809815951,0.26875,0.25903614457831325,5,333
6,0.29,0.0,0.0,0.0,6,2
7,0.07,0.0,0.0,0.0,7,92
