,threshold,f_measure,precision,recall,instrument_idx,num_of_occ
0,0.07,0.7435897435897436,0.6444444444444445,0.8787878787878788,0,33
1,0.29,0.6666666666666666,0.5714285714285714,0.8,1,20
2,0.18,0.0,0.0,0.0,2,1
3,0.27,0.0,0.0,0.0,3,0
4,0.22,0.0,0.0,0.0,4,0
5,0.27,0.0,0.0,0.0,5,0
6,0.29,0.0,0.0,0.0,6,0
7,0.07,0.0,0.0,0.0,7,0
