,threshold,f_measure,precision,recall,instrument_idx,num_of_occ
0,0.07,0.6792452830188679,0.5142857142857142,1.0,0,54
1,0.29,0.7118644067796609,0.8289473684210527,0.6237623762376238,1,101
2,0.18,0.0,0.0,0.0,2,4
3,0.27,0.015625,1.0,0.007874015748031496,3,127
4,0.22,0.0,0.0,0.0,4,0
5,0.27,0.742857142857143,0.7459016393442623,0.7398373983739838,5,123
6,0.29,0.0,0.0,0.0,6,0
7,0.07,0.0,0.0,0.0,7,0
