,threshold,f_measure,precision,recall,instrument_idx
1,0.27,0.6720554272517321,0.9797979797979798,0.5114235500878734,1.0
2,0.13,0.11764705882352941,1.0,0.0625,2.0
4,0.25,0.0392156862745098,0.375,0.020689655172413793,4.0
5,0.21,0.8575112830431979,0.7634902411021814,0.9779411764705882,5.0
7,0.08,0.06060606060606061,0.16666666666666666,0.037037037037037035,7.0
