,threshold,f_measure,precision,recall,instrument_idx,num_of_occ
0,0.07,0.18222222222222223,0.17446808510638298,0.19069767441860466,0,215
1,0.29,0.18181818181818182,0.18604651162790697,0.17777777777777778,1,45
2,0.18,0.0,0.0,0.0,2,0
3,0.27,0.28429752066115704,0.3598326359832636,0.23497267759562843,3,366
4,0.22,0.0,0.0,0.0,4,0
5,0.27,0.1684981684981685,0.21904761904761905,0.13690476190476192,5,168
6,0.29,0.0,0.0,0.0,6,1
7,0.07,0.0,0.0,0.0,7,2
