,threshold,f_measure,precision,recall,instrument_idx,num_of_occ
0,0.07,0.21428571428571427,0.16842105263157894,0.294478527607362,0,164
1,0.29,0.23430962343096234,0.2828282828282828,0.2,1,140
2,0.18,0.0,0.0,0.0,2,4
3,0.27,0.0,0.0,0.0,3,0
4,0.22,0.0,0.0,0.0,4,4
5,0.27,0.42152466367713004,0.5280898876404494,0.35074626865671643,5,537
6,0.29,0.0,0.0,0.0,6,0
7,0.07,0.0,0.0,0.0,7,4
