,threshold,f_measure,precision,recall,instrument_idx,num_of_occ
0,0.07,0.1180952380952381,0.0899854862119013,0.17174515235457063,0,361
1,0.29,0.2037037037037037,0.2962962962962963,0.15520282186948853,1,567
2,0.18,0.0,0.0,0.0,2,15
3,0.27,0.0472972972972973,0.10144927536231885,0.030837004405286344,3,227
4,0.22,0.0,0.0,0.0,4,7
5,0.27,0.308191403081914,0.2765647743813683,0.34798534798534797,5,547
6,0.29,0.0,0.0,0.0,6,0
7,0.07,0.05025125628140703,0.5555555555555556,0.02631578947368421,7,190
