,threshold,f_measure,precision,recall,instrument_idx,num_of_occ
0,0.07,0.4129554655870446,0.33774834437086093,0.53125,0,96
1,0.29,0.48936170212765956,0.5111111111111111,0.46938775510204084,1,49
2,0.18,0.0,0.0,0.0,2,0
3,0.27,0.0,0.0,0.0,3,0
4,0.22,0.0,0.0,0.0,4,0
5,0.27,0.48249027237354086,0.47876447876447875,0.48627450980392156,5,255
6,0.29,0.0,0.0,0.0,6,0
7,0.07,0.0,0.0,0.0,7,0
