,threshold,f_measure,precision,recall,instrument_idx,num_of_occ
0,0.07,0.4444444444444445,0.366412213740458,0.5647058823529412,0,86
1,0.29,0.5882352941176471,0.5882352941176471,0.5882352941176471,1,17
2,0.18,0.0,0.0,0.0,2,5
3,0.27,0.024096385542168672,0.03571428571428571,0.01818181818181818,3,55
4,0.22,0.0,0.0,0.0,4,24
5,0.27,0.6066666666666667,0.5759493670886076,0.6408450704225352,5,143
6,0.29,0.0,0.0,0.0,6,0
7,0.07,0.0,0.0,0.0,7,0
