,threshold,f_measure,precision,recall,instrument_idx,num_of_occ
0,0.07,0.7073170731707316,0.5918367346938775,0.8787878787878788,0,34
1,0.29,0.6666666666666666,0.9285714285714286,0.52,1,75
2,0.18,0.0,0.0,0.0,2,2
3,0.27,0.0,0.0,0.0,3,0
4,0.22,0.25,1.0,0.14285714285714285,4,7
5,0.27,0.7173913043478259,0.8461538461538461,0.6226415094339622,5,107
6,0.29,0.0,0.0,0.0,6,0
7,0.07,0.0,0.0,0.0,7,0
