,threshold,f_measure,precision,recall,instrument_idx,num_of_occ
0,0.07,0.6666666666666666,0.5,1.0,0,13
1,0.29,0.7636363636363637,0.9545454545454546,0.6363636363636364,1,33
2,0.18,0.0,0.0,0.0,2,0
3,0.27,0.0,0.0,0.0,3,0
4,0.22,0.0,0.0,0.0,4,2
5,0.27,0.847457627118644,0.9259259259259259,0.78125,5,33
6,0.29,0.0,0.0,0.0,6,0
7,0.07,0.0,0.0,0.0,7,0
