,threshold,f_measure,precision,recall,instrument_idx
1,0.27,0.8,0.6666666666666666,1.0,1.0
5,0.21,0.48484848484848486,0.32,1.0,5.0
