,threshold,f_measure,precision,recall,instrument_idx,num_of_occ
0,0.07,0.594059405940594,0.5172413793103449,0.6976744186046512,0,43
1,0.29,0.6179775280898876,0.6395348837209303,0.5978260869565217,1,92
2,0.18,0.0,0.0,0.0,2,2
3,0.27,0.0,0.0,0.0,3,1
4,0.22,0.1,0.3333333333333333,0.058823529411764705,4,17
5,0.27,0.6,0.6593406593406593,0.5504587155963303,5,109
6,0.29,0.0,0.0,0.0,6,0
7,0.07,0.0,0.0,0.0,7,0
