,threshold,f_measure,precision,recall,instrument_idx,num_of_occ
0,0.07,0.6444444444444445,0.48333333333333334,0.9666666666666667,0,30
1,0.29,0.8275862068965517,0.8888888888888888,0.7741935483870968,1,31
2,0.18,0.0,0.0,0.0,2,3
3,0.27,0.0,0.0,0.0,3,0
4,0.22,0.5454545454545454,1.0,0.375,4,8
5,0.27,0.6593406593406593,0.7894736842105263,0.5660377358490566,5,53
6,0.29,0.0,0.0,0.0,6,2
7,0.07,0.0,0.0,0.0,7,3
