,threshold,f_measure,precision,recall,instrument_idx,num_of_occ
0,0.07,0.40522875816993464,0.31958762886597936,0.5535714285714286,0,113
1,0.29,0.43846153846153846,0.6195652173913043,0.3392857142857143,1,168
2,0.18,0.0,0.0,0.0,2,19
3,0.27,0.0,0.0,0.0,3,16
4,0.22,0.0,0.0,0.0,4,136
5,0.27,0.22222222222222224,0.25,0.2,5,11
6,0.29,0.0,0.0,0.0,6,6
7,0.07,0.1081081081081081,0.06896551724137931,0.25,7,16
