,threshold,f_measure,precision,recall,instrument_idx,num_of_occ
0,0.07,0.2569832402234637,0.1796875,0.45098039215686275,0,51
1,0.29,0.5869565217391304,0.6206896551724138,0.5567010309278351,1,97
2,0.18,0.2857142857142857,1.0,0.16666666666666666,2,6
3,0.27,0.23140495867768596,0.3684210526315789,0.1686746987951807,3,83
4,0.22,0.0,0.0,0.0,4,11
5,0.27,0.2170542635658915,0.42424242424242425,0.14583333333333334,5,96
6,0.29,0.0,0.0,0.0,6,14
7,0.07,0.2631578947368421,0.29411764705882354,0.23809523809523808,7,21
