,threshold,f_measure,precision,recall,instrument_idx,num_of_occ
0,0.07,0.20671834625322996,0.18867924528301888,0.22857142857142856,0,175
1,0.29,0.32987910189982733,0.7892561983471075,0.20851528384279475,1,916
2,0.18,0.0,0.0,0.0,2,5
3,0.27,0.0,0.0,0.0,3,0
4,0.22,0.0,0.0,0.0,4,15
5,0.27,0.2245989304812834,0.25,0.20388349514563106,5,206
6,0.29,0.0,0.0,0.0,6,0
7,0.07,0.09090909090909093,0.07692307692307693,0.1111111111111111,7,9
