,threshold,f_measure,precision,recall,instrument_idx,num_of_occ
0,0.07,0.7555555555555555,0.7727272727272727,0.7391304347826086,0,23
1,0.29,0.6250000000000001,0.7142857142857143,0.5555555555555556,1,9
2,0.18,0.0,0.0,0.0,2,0
3,0.27,0.0,0.0,0.0,3,0
4,0.22,0.0,0.0,0.0,4,2
5,0.27,0.8490566037735849,0.9574468085106383,0.7627118644067796,5,59
6,0.29,0.0,0.0,0.0,6,0
7,0.07,0.0,0.0,0.0,7,0
