,threshold,f_measure,precision,recall,instrument_idx,num_of_occ
0,0.07,0.19861431870669746,0.16104868913857678,0.25903614457831325,0,166
1,0.29,0.3733333333333333,0.4430379746835443,0.3225806451612903,1,434
2,0.18,0.0,0.0,0.0,2,1
3,0.27,0.1956521739130435,0.7297297297297297,0.11297071129707113,3,239
4,0.22,0.0,0.0,0.0,4,5
5,0.27,0.42105263157894735,0.40388349514563104,0.4397463002114165,5,473
6,0.29,0.0,0.0,0.0,6,2
7,0.07,0.5714285714285715,0.6666666666666666,0.5,7,4
