,threshold,f_measure,precision,recall,instrument_idx
1,0.27,0.6965174129353234,1.0,0.5343511450381679,1.0
5,0.21,0.9310344827586207,0.8709677419354839,1.0,5.0
