,threshold,f_measure,precision,recall,instrument_idx,num_of_occ
0,0.07,1.0,1.0,1.0,0,3
1,0.29,0.888888888888889,1.0,0.8,1,10
2,0.18,0.0,0.0,0.0,2,0
3,0.27,0.0,0.0,0.0,3,0
4,0.22,0.0,0.0,0.0,4,1
5,0.27,0.6666666666666666,0.6666666666666666,0.6666666666666666,5,4
6,0.29,0.0,0.0,0.0,6,0
7,0.07,0.0,0.0,0.0,7,0
