,threshold,f_measure,precision,recall,instrument_idx,num_of_occ
0,0.07,0.1570056310036436,0.17981790591805766,0.13932980599647266,0,1701
1,0.29,0.2928550426345193,0.4573002754820937,0.21539792387543252,1,2312
2,0.18,0.0,0.0,0.0,2,75
3,0.27,0.055624227441285534,0.2795031055900621,0.03088538091969801,3,1457
4,0.22,0.0,0.0,0.0,4,11
5,0.27,0.1800165152766309,0.1719242902208202,0.18890814558058924,5,1154
6,0.29,0.008733624454148473,0.041666666666666664,0.004878048780487805,6,205
7,0.07,0.06808510638297872,0.09090909090909091,0.05442176870748299,7,294
