,threshold,f_measure,precision,recall,instrument_idx,num_of_occ
0,0.07,0.7074829931972788,0.5652173913043478,0.9454545454545454,0,56
1,0.29,0.7862068965517242,0.7808219178082192,0.7916666666666666,1,72
2,0.18,0.0,0.0,0.0,2,4
3,0.27,0.39263803680981596,0.8205128205128205,0.25806451612903225,3,125
4,0.22,0.0,0.0,0.0,4,0
5,0.27,0.0,0.0,0.0,5,0
6,0.29,0.0,0.0,0.0,6,0
7,0.07,0.0,0.0,0.0,7,0
