,threshold,f_measure,precision,recall,instrument_idx,num_of_occ
0,0.07,0.2685185185185185,0.19594594594594594,0.4264705882352941,0,68
1,0.29,0.2878787878787879,0.34545454545454546,0.24675324675324675,1,77
2,0.18,0.0,0.0,0.0,2,5
3,0.27,0.0,0.0,0.0,3,0
4,0.22,0.18181818181818182,0.25,0.14285714285714285,4,7
5,0.27,0.20408163265306123,0.3448275862068966,0.14492753623188406,5,138
6,0.29,0.0,0.0,0.0,6,1
7,0.07,0.0,0.0,0.0,7,3
