,threshold,f_measure,precision,recall,instrument_idx,num_of_occ
0,0.07,0.16,0.1301775147928994,0.20754716981132076,0,106
1,0.29,0.23275862068965517,0.23275862068965517,0.23275862068965517,1,116
2,0.18,0.0,0.0,0.0,2,5
3,0.27,0.2532751091703057,0.46774193548387094,0.17365269461077845,3,167
4,0.22,0.0,0.0,0.0,4,12
5,0.27,0.0,0.0,0.0,5,73
6,0.29,0.0,0.0,0.0,6,3
7,0.07,0.0,0.0,0.0,7,3
