,threshold,f_measure,precision,recall,instrument_idx,num_of_occ
0,0.07,0.15217391304347824,0.11778846153846154,0.2149122807017544,0,228
1,0.29,0.093841642228739,0.14678899082568808,0.06896551724137931,1,233
2,0.18,0.0,0.0,0.0,2,1
3,0.27,0.27272727272727276,0.9375,0.1595744680851064,3,94
4,0.22,0.0,0.0,0.0,4,3
5,0.27,0.38060781476121563,0.4009146341463415,0.3622589531680441,5,726
6,0.29,0.0,0.0,0.0,6,1
7,0.07,0.0,0.0,0.0,7,44
