,threshold,f_measure,precision,recall,instrument_idx,num_of_occ
0,0.07,0.1370223978919631,0.10677618069815195,0.19117647058823528,0,273
1,0.29,0.2789115646258503,0.34024896265560167,0.23631123919308358,1,347
2,0.18,0.0,0.0,0.0,2,13
3,0.27,0.0,0.0,0.0,3,1
4,0.22,0.0,0.0,0.0,4,94
5,0.27,0.22362869198312238,0.25853658536585367,0.1970260223048327,5,269
6,0.29,0.0,0.0,0.0,6,16
7,0.07,0.10810810810810811,0.18181818181818182,0.07692307692307693,7,26
