,threshold,f_measure,precision,recall,instrument_idx
1,0.27,0.9091649694501018,0.8928,0.9261410788381743,1.0
5,0.21,0.7729323308270677,0.6506329113924051,0.9518518518518518,5.0
