,threshold,f_measure,precision,recall,instrument_idx,num_of_occ
0,0.07,0.17209302325581396,0.1289198606271777,0.25874125874125875,0,143
1,0.29,0.25277161862527714,0.3202247191011236,0.2087912087912088,1,273
2,0.18,0.0,0.0,0.0,2,14
3,0.27,0.2685185185185185,0.4027777777777778,0.2013888888888889,3,144
4,0.22,0.0,0.0,0.0,4,9
5,0.27,0.4926931106471816,0.502127659574468,0.48360655737704916,5,244
6,0.29,0.0,0.0,0.0,6,0
7,0.07,0.027777777777777776,0.034482758620689655,0.023255813953488372,7,43
