,threshold,f_measure,precision,recall,instrument_idx
1,0.27,0.8551959114139693,0.8964285714285715,0.8175895765472313,1.0
3,0.08,0.4508393285371703,0.9894736842105263,0.2919254658385093,3.0
4,0.25,0.5714285714285715,0.5,0.6666666666666666,4.0
5,0.21,0.6256983240223464,0.45776566757493187,0.9882352941176471,5.0
7,0.08,0.27586206896551724,0.36363636363636365,0.2222222222222222,7.0
