,threshold,f_measure,precision,recall,instrument_idx,num_of_occ
0,0.07,0.0,0.0,0.0,0,0
1,0.29,0.8333333333333334,0.8333333333333334,0.8333333333333334,1,7
2,0.18,0.0,0.0,0.0,2,1
3,0.27,0.0,0.0,0.0,3,0
4,0.22,0.0,0.0,0.0,4,0
5,0.27,0.0,0.0,0.0,5,0
6,0.29,0.0,0.0,0.0,6,0
7,0.07,0.0,0.0,0.0,7,0
