,threshold,f_measure,precision,recall,instrument_idx,num_of_occ
0,0.07,0.19985925404644617,0.1486910994764398,0.30472103004291845,0,466
1,0.29,0.3553362122146823,0.3650190114068441,0.34615384615384615,1,832
2,0.18,0.04545454545454545,0.5,0.023809523809523808,2,42
3,0.27,0.22157996146435452,0.5021834061135371,0.14215080346106304,3,809
4,0.22,0.0,0.0,0.0,4,27
5,0.27,0.18424962852897472,0.17714285714285713,0.19195046439628483,5,323
6,0.29,0.0,0.0,0.0,6,0
7,0.07,0.054237288135593226,0.057971014492753624,0.050955414012738856,7,157
