,threshold,f_measure,precision,recall,instrument_idx,num_of_occ
0,0.07,0.15712682379349047,0.16990291262135923,0.14613778705636743,0,479
1,0.29,0.6087786259541984,0.7239031770045385,0.5252469813391877,1,1822
2,0.18,0.0,0.0,0.0,2,0
3,0.27,0.0,0.0,0.0,3,0
4,0.22,0.0,0.0,0.0,4,0
5,0.27,0.09420289855072463,0.11659192825112108,0.0790273556231003,5,329
6,0.29,0.0,0.0,0.0,6,0
7,0.07,0.0,0.0,0.0,7,0
