,threshold,f_measure,precision,recall,instrument_idx,num_of_occ
0,0.07,0.18181818181818182,0.1,1.0,0,1
1,0.29,0.7826086956521738,0.75,0.8181818181818182,1,45
2,0.18,0.0,0.0,0.0,2,1
3,0.27,0.0,0.0,0.0,3,0
4,0.22,0.0,0.0,0.0,4,0
5,0.27,0.0,0.0,0.0,5,0
6,0.29,0.0,0.0,0.0,6,4
7,0.07,0.0,0.0,0.0,7,6
