,threshold,f_measure,precision,recall,instrument_idx
1,0.27,0.6666666666666666,1.0,0.5,1.0
5,0.21,0.8571428571428571,0.75,1.0,5.0
