,threshold,f_measure,precision,recall,instrument_idx,num_of_occ
0,0.07,0.5384615384615384,0.3684210526315789,1.0,0,7
1,0.29,0.6571428571428573,0.7931034482758621,0.5609756097560976,1,42
2,0.18,0.0,0.0,0.0,2,1
3,0.27,0.0,0.0,0.0,3,0
4,0.22,0.0,0.0,0.0,4,0
5,0.27,0.7058823529411764,0.8571428571428571,0.6,5,50
6,0.29,0.0,0.0,0.0,6,1
7,0.07,0.0,0.0,0.0,7,8
