,threshold,f_measure,precision,recall,instrument_idx,num_of_occ
0,0.07,0.2129032258064516,0.15348837209302327,0.3473684210526316,0,95
1,0.29,0.3255813953488372,0.3373493975903614,0.3146067415730337,1,89
2,0.18,0.0,0.0,0.0,2,14
3,0.27,0.1415929203539823,0.13114754098360656,0.15384615384615385,3,52
4,0.22,0.015037593984962405,0.25,0.007751937984496124,4,130
5,0.27,0.3741935483870968,0.4793388429752066,0.30687830687830686,5,189
6,0.29,0.0,0.0,0.0,6,5
7,0.07,0.0,0.0,0.0,7,10
