,threshold,f_measure,precision,recall,instrument_idx
1,0.27,0.8571428571428571,1.0,0.75,1.0
3,0.08,0.4827586206896552,1.0,0.3181818181818182,3.0
