,threshold,f_measure,precision,recall,instrument_idx
1,0.27,0.7793103448275862,0.9685714285714285,0.6519230769230769,1.0
2,0.13,0.13793103448275862,1.0,0.07407407407407407,2.0
3,0.08,0.6971428571428572,0.7484662576687117,0.6524064171122995,3.0
4,0.25,0.12121212121212123,0.8,0.06557377049180328,4.0
5,0.21,0.8425047438330171,0.7551020408163265,0.9527896995708155,5.0
