,threshold,f_measure,precision,recall,instrument_idx,num_of_occ
0,0.07,0.19759679572763683,0.334841628959276,0.14015151515151514,0,528
1,0.29,0.546078431372549,0.667065868263473,0.46224066390041496,1,1205
2,0.18,0.0,0.0,0.0,2,0
3,0.27,0.0,0.0,0.0,3,0
4,0.22,0.0,0.0,0.0,4,0
5,0.27,0.08597285067873303,0.11046511627906977,0.07037037037037037,5,270
6,0.29,0.0,0.0,0.0,6,0
7,0.07,0.0,0.0,0.0,7,6
