,threshold,f_measure,precision,recall,instrument_idx,num_of_occ
0,0.07,0.07671232876712329,0.05785123966942149,0.11382113821138211,0,246
1,0.29,0.10551558752997602,0.1164021164021164,0.09649122807017543,1,228
2,0.18,0.04444444444444444,0.1111111111111111,0.027777777777777776,2,36
3,0.27,0.17232375979112272,0.2185430463576159,0.14224137931034483,3,232
4,0.22,0.0,0.0,0.0,4,29
5,0.27,0.2476780185758514,0.3389830508474576,0.1951219512195122,5,205
6,0.29,0.0,0.0,0.0,6,12
7,0.07,0.0,0.0,0.0,7,40
