,threshold,f_measure,precision,recall,instrument_idx,num_of_occ
0,0.07,0.6666666666666666,0.5,1.0,0,11
1,0.29,0.9500000000000001,1.0,0.9047619047619048,1,42
2,0.18,0.0,0.0,0.0,2,0
3,0.27,0.0,0.0,0.0,3,0
4,0.22,0.0,0.0,0.0,4,1
5,0.27,0.7164179104477612,0.8,0.6486486486486487,5,38
6,0.29,0.0,0.0,0.0,6,0
7,0.07,0.0,0.0,0.0,7,0
