,threshold,f_measure,precision,recall,instrument_idx,num_of_occ
0,0.07,0.3385300668151448,0.2704626334519573,0.4523809523809524,0,168
1,0.29,0.35469448584202684,0.39403973509933776,0.3224932249322493,1,369
2,0.18,0.0,0.0,0.0,2,11
3,0.27,0.021505376344086023,0.1,0.012048192771084338,3,83
4,0.22,0.0,0.0,0.0,4,51
5,0.27,0.2668918918918919,0.3062015503875969,0.23652694610778444,5,334
6,0.29,0.0,0.0,0.0,6,11
7,0.07,0.0,0.0,0.0,7,12
