,threshold,f_measure,precision,recall,instrument_idx,num_of_occ
0,0.07,0.5263157894736842,0.625,0.45454545454545453,0,56
1,0.29,0.2978723404255319,0.5,0.21212121212121213,1,99
2,0.18,0.0,0.0,0.0,2,0
3,0.27,0.0,0.0,0.0,3,0
4,0.22,0.0,0.0,0.0,4,4
5,0.27,0.5108225108225108,0.5566037735849056,0.472,5,125
6,0.29,0.0,0.0,0.0,6,0
7,0.07,0.0,0.0,0.0,7,0
