,threshold,f_measure,precision,recall,instrument_idx,num_of_occ
0,0.07,0.6666666666666666,0.5517241379310345,0.8421052631578947,0,19
1,0.29,0.7692307692307692,0.7894736842105263,0.75,1,20
2,0.18,0.0,0.0,0.0,2,0
3,0.27,0.0,0.0,0.0,3,0
4,0.22,0.0,0.0,0.0,4,2
5,0.27,0.835820895522388,0.9032258064516129,0.7777777777777778,5,72
6,0.29,0.0,0.0,0.0,6,0
7,0.07,0.0,0.0,0.0,7,0
