,threshold,f_measure,precision,recall,instrument_idx,num_of_occ
0,0.07,0.13669064748201437,0.11728395061728394,0.16379310344827586,0,116
1,0.29,0.1864406779661017,0.20754716981132076,0.16923076923076924,1,130
2,0.18,0.0,0.0,0.0,2,11
3,0.27,0.018348623853211007,0.14285714285714285,0.00980392156862745,3,102
4,0.22,0.0,0.0,0.0,4,19
5,0.27,0.12637362637362634,0.15333333333333332,0.10747663551401869,5,215
6,0.29,0.0,0.0,0.0,6,8
7,0.07,0.0,0.0,0.0,7,3
