,threshold,f_measure,precision,recall,instrument_idx,num_of_occ
0,0.07,0.6938775510204082,0.53125,1.0,0,34
1,0.29,0.958904109589041,0.9210526315789473,1.0,1,35
2,0.18,0.0,0.0,0.0,2,0
3,0.27,0.6853146853146853,0.9423076923076923,0.5384615384615384,3,91
4,0.22,0.0,0.0,0.0,4,0
5,0.27,0.0,0.0,0.0,5,0
6,0.29,0.0,0.0,0.0,6,0
7,0.07,0.0,0.0,0.0,7,1
