,threshold,f_measure,precision,recall,instrument_idx,num_of_occ
0,0.07,0.2842377260981912,0.21153846153846154,0.4330708661417323,0,127
1,0.29,0.14634146341463414,0.13636363636363635,0.15789473684210525,1,19
2,0.18,0.0,0.0,0.0,2,0
3,0.27,0.0,0.0,0.0,3,0
4,0.22,0.0,0.0,0.0,4,152
5,0.27,0.5653846153846155,0.7616580310880829,0.44954128440366975,5,327
6,0.29,0.0,0.0,0.0,6,4
7,0.07,0.0,0.0,0.0,7,3
