,threshold,f_measure,precision,recall,instrument_idx,num_of_occ
0,0.07,0.02181818181818182,0.02027027027027027,0.023622047244094488,0,127
1,0.29,0.14814814814814814,0.2028985507246377,0.11666666666666667,1,120
2,0.18,0.0,0.0,0.0,2,2
3,0.27,0.015037593984962407,0.018518518518518517,0.012658227848101266,3,79
4,0.22,0.0,0.0,0.0,4,100
5,0.27,0.22869022869022868,0.23605150214592274,0.2217741935483871,5,248
6,0.29,0.0,0.0,0.0,6,0
7,0.07,0.0,0.0,0.0,7,9
