,threshold,f_measure,precision,recall,instrument_idx,num_of_occ
0,0.07,0.5851528384279475,0.47183098591549294,0.7701149425287356,0,87
1,0.29,0.6610169491525423,0.6964285714285714,0.6290322580645161,1,62
2,0.18,0.0,0.0,0.0,2,14
3,0.27,0.15999999999999998,0.8,0.08888888888888889,3,90
4,0.22,0.0,0.0,0.0,4,0
5,0.27,0.45161290322580655,0.7241379310344828,0.328125,5,64
6,0.29,0.0,0.0,0.0,6,7
7,0.07,0.0,0.0,0.0,7,3
