,threshold,f_measure,precision,recall,instrument_idx
1,0.27,0.9090909090909091,0.875,0.9459459459459459,1.0
2,0.13,0.6153846153846153,1.0,0.4444444444444444,2.0
3,0.08,0.5454545454545454,0.9428571428571428,0.38372093023255816,3.0
5,0.21,0.6845637583892618,0.53125,0.9622641509433962,5.0
