,threshold,f_measure,precision,recall,instrument_idx,num_of_occ
0,0.07,0.6666666666666665,0.5454545454545454,0.8571428571428571,0,7
1,0.29,0.888888888888889,0.8,1.0,1,4
2,0.18,0.0,0.0,0.0,2,0
3,0.27,0.0,0.0,0.0,3,0
4,0.22,0.0,0.0,0.0,4,0
5,0.27,0.9142857142857143,0.8888888888888888,0.9411764705882353,5,17
6,0.29,0.0,0.0,0.0,6,0
7,0.07,0.0,0.0,0.0,7,0
