,threshold,f_measure,precision,recall,instrument_idx
1,0.27,0.8022598870056498,0.9102564102564102,0.7171717171717171,1.0
2,0.13,0.5,1.0,0.3333333333333333,2.0
4,0.25,0.5,1.0,0.3333333333333333,4.0
5,0.21,0.8810289389067524,0.7873563218390804,1.0,5.0
