,threshold,f_measure,precision,recall,instrument_idx,num_of_occ
0,0.07,0.12200435729847496,0.09090909090909091,0.18543046357615894,0,151
1,0.29,0.19646365422396858,0.228310502283105,0.1724137931034483,1,290
2,0.18,0.0,0.0,0.0,2,5
3,0.27,0.30038510911424904,0.5318181818181819,0.20930232558139536,3,559
4,0.22,0.0,0.0,0.0,4,5
5,0.27,0.13793103448275865,0.1254355400696864,0.15319148936170213,5,235
6,0.29,0.0,0.0,0.0,6,0
7,0.07,0.0909090909090909,0.2,0.058823529411764705,7,34
