,threshold,f_measure,precision,recall,instrument_idx,num_of_occ
0,0.07,0.17355371900826447,0.25609756097560976,0.13125,0,160
1,0.29,0.28,0.20588235294117646,0.4375,1,32
2,0.18,0.0,0.0,0.0,2,0
3,0.27,0.01951219512195122,0.2857142857142857,0.010101010101010102,3,198
4,0.22,0.0,0.0,0.0,4,0
5,0.27,0.20689655172413793,0.17647058823529413,0.25,5,84
6,0.29,0.0,0.0,0.0,6,39
7,0.07,0.0,0.0,0.0,7,13
