,threshold,f_measure,precision,recall,instrument_idx,num_of_occ
0,0.07,0.09923664122137404,0.09219858156028368,0.10743801652892562,0,121
1,0.29,0.05607476635514019,0.15,0.034482758620689655,1,87
2,0.18,0.0,0.0,0.0,2,1
3,0.27,0.0,0.0,0.0,3,0
4,0.22,0.0,0.0,0.0,4,12
5,0.27,0.3919239904988124,0.4376657824933687,0.3548387096774194,5,465
6,0.29,0.0,0.0,0.0,6,0
7,0.07,0.0,0.0,0.0,7,13
