,threshold,f_measure,precision,recall,instrument_idx,num_of_occ
0,0.07,0.631578947368421,0.46153846153846156,1.0,0,18
1,0.29,0.6,0.9375,0.4411764705882353,1,34
2,0.18,0.0,0.0,0.0,2,4
3,0.27,0.23529411764705882,1.0,0.13333333333333333,3,15
4,0.22,0.0,0.0,0.0,4,0
5,0.27,0.0,0.0,0.0,5,0
6,0.29,0.0,0.0,0.0,6,0
7,0.07,0.0,0.0,0.0,7,0
