,threshold,f_measure,precision,recall,instrument_idx,num_of_occ
0,0.07,0.676470588235294,0.5168539325842697,0.9787234042553191,0,48
1,0.29,0.8749999999999999,0.9333333333333333,0.8235294117647058,1,34
2,0.18,0.0,0.0,0.0,2,0
3,0.27,0.5483870967741936,0.8717948717948718,0.4,3,86
4,0.22,0.0,0.0,0.0,4,0
5,0.27,0.3125,0.625,0.20833333333333334,5,24
6,0.29,0.0,0.0,0.0,6,0
7,0.07,0.0,0.0,0.0,7,0
