,threshold,f_measure,precision,recall,instrument_idx,num_of_occ
0,0.07,0.32098765432098764,0.2631578947368421,0.41139240506329117,0,158
1,0.29,0.2746987951807229,0.40714285714285714,0.20727272727272728,1,275
2,0.18,0.0,0.0,0.0,2,6
3,0.27,0.0215633423180593,0.26666666666666666,0.011235955056179775,3,356
4,0.22,0.0,0.0,0.0,4,3
5,0.27,0.2656641604010025,0.25980392156862747,0.2717948717948718,5,195
6,0.29,0.0,0.0,0.0,6,8
7,0.07,0.0,0.0,0.0,7,4
