,threshold,f_measure,precision,recall,instrument_idx,num_of_occ
0,0.07,0.18836565096952912,0.2138364779874214,0.16831683168316833,0,607
1,0.29,0.46745804338927543,0.694647201946472,0.35225169648365207,1,1621
2,0.18,0.0,0.0,0.0,2,5
3,0.27,0.14885496183206107,0.6190476190476191,0.08459869848156182,3,461
4,0.22,0.0,0.0,0.0,4,3
5,0.27,0.11836115326251898,0.16115702479338842,0.09352517985611511,5,417
6,0.29,0.0,0.0,0.0,6,17
7,0.07,0.03333333333333333,0.045454545454545456,0.02631578947368421,7,38
