,threshold,f_measure,precision,recall,instrument_idx,num_of_occ
0,0.07,0.2647619047619048,0.2102874432677761,0.35732647814910024,0,389
1,0.29,0.24396782841823053,0.24728260869565216,0.24074074074074073,1,378
2,0.18,0.0,0.0,0.0,2,10
3,0.27,0.04166666666666667,0.07272727272727272,0.029197080291970802,3,137
4,0.22,0.0,0.0,0.0,4,93
5,0.27,0.00975609756097561,0.006896551724137931,0.016666666666666666,5,60
6,0.29,0.0,0.0,0.0,6,0
7,0.07,0.0,0.0,0.0,7,40
