,threshold,f_measure,precision,recall,instrument_idx
1,0.27,0.9142857142857143,0.8421052631578947,1.0,1.0
4,0.25,0.09523809523809523,1.0,0.05,4.0
5,0.21,0.8805970149253731,0.7972972972972973,0.9833333333333333,5.0
