,threshold,f_measure,precision,recall,instrument_idx,num_of_occ
0,0.07,0.13522012578616352,0.10336538461538461,0.19545454545454546,0,220
1,0.29,0.0509915014164306,0.0743801652892562,0.03879310344827586,1,233
2,0.18,0.0,0.0,0.0,2,4
3,0.27,0.2064516129032258,0.7619047619047619,0.11940298507462686,3,268
4,0.22,0.0,0.0,0.0,4,3
5,0.27,0.28140703517587945,0.3,0.26498422712933756,5,634
6,0.29,0.0,0.0,0.0,6,4
7,0.07,0.0,0.0,0.0,7,47
