,threshold,f_measure,precision,recall,instrument_idx,num_of_occ
0,0.07,0.5979381443298969,0.5,0.7435897435897436,0,40
1,0.29,0.6,0.8333333333333334,0.46875,1,32
2,0.18,0.0,0.0,0.0,2,0
3,0.27,0.0,0.0,0.0,3,0
4,0.22,0.0,0.0,0.0,4,0
5,0.27,0.7833333333333333,0.8103448275862069,0.7580645161290323,5,125
6,0.29,0.0,0.0,0.0,6,0
7,0.07,0.0,0.0,0.0,7,0
