,threshold,f_measure,precision,recall,instrument_idx,num_of_occ
0,0.07,0.8461538461538461,0.7586206896551724,0.9565217391304348,0,24
1,0.29,0.9182389937106918,0.9012345679012346,0.9358974358974359,1,78
2,0.18,0.0,0.0,0.0,2,0
3,0.27,0.0,0.0,0.0,3,0
4,0.22,0.0,0.0,0.0,4,2
5,0.27,0.0,0.0,0.0,5,0
6,0.29,0.0,0.0,0.0,6,0
7,0.07,0.0,0.0,0.0,7,0
