,threshold,f_measure,precision,recall,instrument_idx,num_of_occ
0,0.07,0.4742268041237114,0.34328358208955223,0.7666666666666667,0,30
1,0.29,0.6585365853658537,0.6585365853658537,0.6585365853658537,1,41
2,0.18,0.0,0.0,0.0,2,1
3,0.27,0.0,0.0,0.0,3,0
4,0.22,0.0,0.0,0.0,4,95
5,0.27,0.46692607003891057,0.36363636363636365,0.6521739130434783,5,92
6,0.29,0.0,0.0,0.0,6,0
7,0.07,0.0,0.0,0.0,7,0
