,threshold,f_measure,precision,recall,instrument_idx,num_of_occ
0,0.07,0.3941605839416058,0.28421052631578947,0.6428571428571429,0,43
1,0.29,0.5635359116022098,0.6,0.53125,1,96
2,0.18,0.0,0.0,0.0,2,6
3,0.27,0.3461538461538461,0.5454545454545454,0.2535211267605634,3,72
4,0.22,0.0,0.0,0.0,4,2
5,0.27,0.0625,0.041666666666666664,0.125,5,8
6,0.29,0.0,0.0,0.0,6,10
7,0.07,0.0,0.0,0.0,7,17
