,threshold,f_measure,precision,recall,instrument_idx,num_of_occ
0,0.07,0.0,0.0,0.0,0,0
1,0.29,0.0,0.0,0.0,1,3
2,0.18,0.0,0.0,0.0,2,0
3,0.27,0.0,0.0,0.0,3,0
4,0.22,0.0,0.0,0.0,4,5
5,0.27,0.5446808510638298,0.6037735849056604,0.49612403100775193,5,129
6,0.29,0.0,0.0,0.0,6,0
7,0.07,0.0,0.0,0.0,7,0
