,threshold,f_measure,precision,recall,instrument_idx,num_of_occ
0,0.07,0.2272727272727273,0.22491349480968859,0.22968197879858657,0,849
1,0.29,0.19065776930409914,0.18214936247723132,0.2,1,500
2,0.18,0.0,0.0,0.0,2,2
3,0.27,0.02985074626865672,0.10975609756097561,0.01727447216890595,3,521
4,0.22,0.0,0.0,0.0,4,1
5,0.27,0.3294942413620431,0.27554438860971525,0.40971357409713577,5,803
6,0.29,0.0,0.0,0.0,6,440
7,0.07,0.01234567901234568,0.04838709677419355,0.007075471698113208,7,424
