,threshold,f_measure,precision,recall,instrument_idx,num_of_occ
0,0.07,0.15578465063001146,0.11826086956521739,0.22818791946308725,0,298
1,0.29,0.23939064200217627,0.2682926829268293,0.21611001964636542,1,509
2,0.18,0.0,0.0,0.0,2,17
3,0.27,0.0761904761904762,0.11594202898550725,0.05673758865248227,3,141
4,0.22,0.014925373134328358,0.16666666666666666,0.0078125,4,128
5,0.27,0.28468468468468466,0.36574074074074076,0.23303834808259588,5,339
6,0.29,0.0,0.0,0.0,6,8
7,0.07,0.0,0.0,0.0,7,18
