,threshold,f_measure,precision,recall,instrument_idx,num_of_occ
0,0.07,0.09063893016344725,0.0673289183222958,0.13863636363636364,0,440
1,0.29,0.17794253938832252,0.2119205298013245,0.15335463258785942,1,626
2,0.18,0.0,0.0,0.0,2,9
3,0.27,0.1916932907348243,0.3821656050955414,0.1279317697228145,3,469
4,0.22,0.0,0.0,0.0,4,8
5,0.27,0.30506607929515417,0.28764278296988577,0.324736225087925,5,853
6,0.29,0.0,0.0,0.0,6,0
7,0.07,0.02173913043478261,0.08333333333333333,0.0125,7,80
