,threshold,f_measure,precision,recall,instrument_idx,num_of_occ
0,0.07,0.782608695652174,0.6666666666666666,0.9473684210526315,0,19
1,0.29,0.8888888888888888,0.8888888888888888,0.8888888888888888,1,9
2,0.18,0.0,0.0,0.0,2,0
3,0.27,0.0,0.0,0.0,3,0
4,0.22,0.0,0.0,0.0,4,0
5,0.27,0.8717948717948718,1.0,0.7727272727272727,5,44
6,0.29,0.0,0.0,0.0,6,0
7,0.07,0.0,0.0,0.0,7,0
