,threshold,f_measure,precision,recall,instrument_idx,num_of_occ
0,0.07,0.6545454545454545,0.5714285714285714,0.7659574468085106,0,48
1,0.29,0.627906976744186,0.6923076923076923,0.574468085106383,1,47
2,0.18,0.0,0.0,0.0,2,3
3,0.27,0.0,0.0,0.0,3,1
4,0.22,0.0,0.0,0.0,4,31
5,0.27,0.819672131147541,0.7425742574257426,0.9146341463414634,5,83
6,0.29,0.0,0.0,0.0,6,2
7,0.07,0.0,0.0,0.0,7,3
