,threshold,f_measure,precision,recall,instrument_idx,num_of_occ
0,0.07,0.45887445887445893,0.35570469798657717,0.6463414634146342,0,83
1,0.29,0.4754098360655738,0.5087719298245614,0.4461538461538462,1,65
2,0.18,0.0,0.0,0.0,2,5
3,0.27,0.0,0.0,0.0,3,0
4,0.22,0.0,0.0,0.0,4,2
5,0.27,0.43093922651933697,0.52,0.36792452830188677,5,212
6,0.29,0.0,0.0,0.0,6,1
7,0.07,0.0,0.0,0.0,7,7
