,threshold,f_measure,precision,recall,instrument_idx,num_of_occ
0,0.07,0.2715842414082146,0.20275344180225283,0.41116751269035534,0,394
1,0.29,0.22439024390243903,0.2169811320754717,0.23232323232323232,1,297
2,0.18,0.0,0.0,0.0,2,18
3,0.27,0.11235955056179775,0.18518518518518517,0.08064516129032258,3,124
4,0.22,0.0909090909090909,1.0,0.047619047619047616,4,63
5,0.27,0.6126042632066729,0.6921465968586388,0.5494596841230258,5,1203
6,0.29,0.0,0.0,0.0,6,1
7,0.07,0.0,0.0,0.0,7,26
