,threshold,f_measure,precision,recall,instrument_idx
1,0.27,0.6842105263157894,0.9381443298969072,0.5384615384615384,1.0
3,0.08,0.35944700460829493,1.0,0.21910112359550563,3.0
5,0.21,0.6978723404255319,0.5466666666666666,0.9647058823529412,5.0
