,threshold,f_measure,precision,recall,instrument_idx,num_of_occ
0,0.07,0.5357142857142858,0.41379310344827586,0.759493670886076,0,80
1,0.29,0.6086956521739131,0.5675675675675675,0.65625,1,32
2,0.18,0.0,0.0,0.0,2,1
3,0.27,0.0,0.0,0.0,3,0
4,0.22,0.09523809523809523,1.0,0.05,4,20
5,0.27,0.4952380952380952,0.5777777777777777,0.43333333333333335,5,121
6,0.29,0.0,0.0,0.0,6,0
7,0.07,0.0,0.0,0.0,7,0
