,threshold,f_measure,precision,recall,instrument_idx,num_of_occ
0,0.07,0.14982164090368608,0.11413043478260869,0.2179930795847751,0,289
1,0.29,0.20659340659340658,0.21076233183856502,0.2025862068965517,1,232
2,0.18,0.0,0.0,0.0,2,55
3,0.27,0.1643835616438356,0.17307692307692307,0.1565217391304348,3,115
4,0.22,0.0,0.0,0.0,4,88
5,0.27,0.27096774193548384,0.32142857142857145,0.2342007434944238,5,269
6,0.29,0.0,0.0,0.0,6,13
7,0.07,0.0,0.0,0.0,7,15
