,threshold,f_measure,precision,recall,instrument_idx,num_of_occ
0,0.07,0.2966292134831461,0.22837370242214533,0.4230769230769231,0,156
1,0.29,0.5176470588235293,0.5445544554455446,0.49327354260089684,1,223
2,0.18,0.0,0.0,0.0,2,11
3,0.27,0.0,0.0,0.0,3,6
4,0.22,0.0,0.0,0.0,4,6
5,0.27,0.2289156626506024,0.296875,0.18627450980392157,5,102
6,0.29,0.0,0.0,0.0,6,43
7,0.07,0.0,0.0,0.0,7,39
