,threshold,f_measure,precision,recall,instrument_idx,num_of_occ
0,0.07,0.15711252653927815,0.1450980392156863,0.1712962962962963,0,217
1,0.29,0.2625482625482625,0.33170731707317075,0.21725239616613418,1,313
2,0.18,0.0,0.0,0.0,2,12
3,0.27,0.07766990291262135,0.06451612903225806,0.0975609756097561,3,41
4,0.22,0.0,0.0,0.0,4,81
5,0.27,0.26666666666666666,0.3409090909090909,0.21897810218978103,5,274
6,0.29,0.0,0.0,0.0,6,5
7,0.07,0.0,0.0,0.0,7,3
