,threshold,f_measure,precision,recall,instrument_idx,num_of_occ
0,0.07,0.7096774193548387,0.55,1.0,0,33
1,0.29,0.7017543859649124,0.8695652173913043,0.5882352941176471,1,34
2,0.18,0.0,0.0,0.0,2,0
3,0.27,0.0,0.0,0.0,3,0
4,0.22,0.0,0.0,0.0,4,4
5,0.27,0.6666666666666666,0.9024390243902439,0.5285714285714286,5,70
6,0.29,0.0,0.0,0.0,6,0
7,0.07,0.0,0.0,0.0,7,0
