,threshold,f_measure,precision,recall,instrument_idx,num_of_occ
0,0.07,0.4615384615384615,0.31343283582089554,0.875,0,24
1,0.29,0.717391304347826,0.6875,0.75,1,44
2,0.18,0.3076923076923077,1.0,0.18181818181818182,2,11
3,0.27,0.627906976744186,0.7941176470588235,0.5192307692307693,3,52
4,0.22,0.0,0.0,0.0,4,1
5,0.27,0.39344262295081966,0.631578947368421,0.2857142857142857,5,42
6,0.29,0.25,1.0,0.14285714285714285,6,7
7,0.07,0.0,0.0,0.0,7,7
