,threshold,f_measure,precision,recall,instrument_idx,num_of_occ
0,0.07,0.6115702479338844,0.5068493150684932,0.7708333333333334,0,48
1,0.29,0.2978723404255319,0.4666666666666667,0.21875,1,32
2,0.18,0.0,0.0,0.0,2,0
3,0.27,0.0,0.0,0.0,3,0
4,0.22,0.0,0.0,0.0,4,0
5,0.27,0.5569620253164558,0.6055045871559633,0.515625,5,128
6,0.29,0.0,0.0,0.0,6,0
7,0.07,0.0,0.0,0.0,7,0
