,threshold,f_measure,precision,recall,instrument_idx,num_of_occ
0,0.07,0.18899858956276447,0.1515837104072398,0.250936329588015,0,267
1,0.29,0.25089605734767023,0.3620689655172414,0.19195612431444242,1,547
2,0.18,0.0,0.0,0.0,2,14
3,0.27,0.13333333333333333,0.32222222222222224,0.08405797101449275,3,345
4,0.22,0.023809523809523808,0.5,0.012195121951219513,4,82
5,0.27,0.23371251292657705,0.2646370023419204,0.20925925925925926,5,540
6,0.29,0.0,0.0,0.0,6,0
7,0.07,0.0,0.0,0.0,7,24
