,threshold,f_measure,precision,recall,instrument_idx,num_of_occ
0,0.07,0.3008849557522124,0.265625,0.3469387755102041,0,99
1,0.29,0.38427947598253276,0.42105263157894735,0.3534136546184739,1,249
2,0.18,0.0,0.0,0.0,2,0
3,0.27,0.0,0.0,0.0,3,3
4,0.22,0.0,0.0,0.0,4,34
5,0.27,0.3018867924528302,0.3137254901960784,0.2909090909090909,5,275
6,0.29,0.0,0.0,0.0,6,1
7,0.07,0.0,0.0,0.0,7,9
