,threshold,f_measure,precision,recall,instrument_idx
1,0.27,0.9130434782608695,0.9130434782608695,0.9130434782608695,1.0
2,0.13,0.25,1.0,0.14285714285714285,2.0
3,0.08,0.34210526315789475,0.5909090909090909,0.24074074074074073,3.0
5,0.21,0.8292682926829269,0.7727272727272727,0.8947368421052632,5.0
