,threshold,f_measure,precision,recall,instrument_idx,num_of_occ
0,0.07,0.024096385542168676,0.015151515151515152,0.058823529411764705,0,34
1,0.29,0.5,0.5,0.5,1,4
2,0.18,0.0,0.0,0.0,2,0
3,0.27,0.0,0.0,0.0,3,0
4,0.22,0.0,0.0,0.0,4,113
5,0.27,0.5828116107000569,0.7160839160839161,0.491362763915547,5,1043
6,0.29,0.0,0.0,0.0,6,0
7,0.07,0.0,0.0,0.0,7,0
