,threshold,f_measure,precision,recall,instrument_idx,num_of_occ
0,0.07,0.06420545746388442,0.07352941176470588,0.05698005698005698,0,352
1,0.29,0.3683683683683684,0.4423076923076923,0.3156089193825043,1,583
2,0.18,0.0,0.0,0.0,2,8
3,0.27,0.0,0.0,0.0,3,2
4,0.22,0.0,0.0,0.0,4,0
5,0.27,0.20289855072463767,0.19858156028368795,0.2074074074074074,5,270
6,0.29,0.0,0.0,0.0,6,114
7,0.07,0.0,0.0,0.0,7,139
