,threshold,f_measure,precision,recall,instrument_idx,num_of_occ
0,0.07,0.6956521739130436,0.5333333333333333,1.0,0,9
1,0.29,1.0,1.0,1.0,1,16
2,0.18,0.0,0.0,0.0,2,2
3,0.27,0.6153846153846153,1.0,0.4444444444444444,3,27
4,0.22,0.0,0.0,0.0,4,0
5,0.27,0.0,0.0,0.0,5,0
6,0.29,0.0,0.0,0.0,6,0
7,0.07,0.0,0.0,0.0,7,0
