,threshold,f_measure,precision,recall,instrument_idx,num_of_occ
0,0.07,0.16642335766423355,0.14004914004914004,0.20503597122302158,0,278
1,0.29,0.31057268722466963,0.47474747474747475,0.23076923076923078,1,611
2,0.18,0.0,0.0,0.0,2,15
3,0.27,0.06846846846846846,0.38,0.03762376237623762,3,505
4,0.22,0.0,0.0,0.0,4,1
5,0.27,0.2456140350877193,0.24795640326975477,0.24331550802139038,5,374
6,0.29,0.0,0.0,0.0,6,15
7,0.07,0.029411764705882353,0.058823529411764705,0.0196078431372549,7,51
