,threshold,f_measure,precision,recall,instrument_idx,num_of_occ
0,0.07,0.1470888661899898,0.127208480565371,0.17433414043583534,0,413
1,0.29,0.2236719478098788,0.33613445378151263,0.16759776536312848,1,716
2,0.18,0.0,0.0,0.0,2,11
3,0.27,0.16120906801007556,0.23703703703703705,0.12213740458015267,3,262
4,0.22,0.0,0.0,0.0,4,42
5,0.27,0.22014051522248243,0.24671916010498687,0.19873150105708245,5,474
6,0.29,0.0,0.0,0.0,6,1
7,0.07,0.0,0.0,0.0,7,43
