,threshold,f_measure,precision,recall,instrument_idx,num_of_occ
0,0.07,0.25,0.14285714285714285,1.0,0,3
1,0.29,0.0,0.0,0.0,1,0
2,0.18,0.0,0.0,0.0,2,0
3,0.27,0.4,0.5,0.3333333333333333,3,3
4,0.22,0.0,0.0,0.0,4,0
5,0.27,0.0,0.0,0.0,5,0
6,0.29,0.0,0.0,0.0,6,0
7,0.07,0.0625,1.0,0.03225806451612903,7,31
