,threshold,f_measure,precision,recall,instrument_idx,num_of_occ
0,0.07,0.21390374331550802,0.15037593984962405,0.37037037037037035,0,54
1,0.29,0.5441176470588235,0.5692307692307692,0.5211267605633803,1,71
2,0.18,0.0,0.0,0.0,2,12
3,0.27,0.3523316062176166,0.5151515151515151,0.2677165354330709,3,127
4,0.22,0.0,0.0,0.0,4,3
5,0.27,0.2307692307692308,0.45454545454545453,0.15463917525773196,5,97
6,0.29,0.0,0.0,0.0,6,3
7,0.07,0.1,0.07692307692307693,0.14285714285714285,7,7
