,threshold,f_measure,precision,recall,instrument_idx,num_of_occ
0,0.07,0.4047619047619047,0.32075471698113206,0.5483870967741935,0,32
1,0.29,0.2535211267605634,0.5294117647058824,0.16666666666666666,1,54
2,0.18,0.0,0.0,0.0,2,0
3,0.27,0.0,0.0,0.0,3,0
4,0.22,0.0,0.0,0.0,4,9
5,0.27,0.44343891402714936,0.44954128440366975,0.4375,5,112
6,0.29,0.0,0.0,0.0,6,0
7,0.07,0.0,0.0,0.0,7,0
