,threshold,f_measure,precision,recall,instrument_idx,num_of_occ
0,0.07,0.482490272373541,0.36904761904761907,0.6966292134831461,0,89
1,0.29,0.5964912280701754,0.6071428571428571,0.5862068965517241,1,29
2,0.18,0.0,0.0,0.0,2,0
3,0.27,0.0,0.0,0.0,3,0
4,0.22,0.15384615384615385,0.4166666666666667,0.09433962264150944,4,53
5,0.27,0.393103448275862,0.6551724137931034,0.28078817733990147,5,203
6,0.29,0.0,0.0,0.0,6,0
7,0.07,0.0,0.0,0.0,7,0
