,threshold,f_measure,precision,recall,instrument_idx,num_of_occ
0,0.07,0.6086956521739131,0.4375,1.0,0,15
1,0.29,1.0,1.0,1.0,1,25
2,0.18,0.0,0.0,0.0,2,2
3,0.27,0.13793103448275862,1.0,0.07407407407407407,3,28
4,0.22,0.0,0.0,0.0,4,0
5,0.27,0.0,0.0,0.0,5,0
6,0.29,0.0,0.0,0.0,6,0
7,0.07,0.0,0.0,0.0,7,2
