,threshold,f_measure,precision,recall,instrument_idx,num_of_occ
0,0.07,0.137524557956778,0.10463378176382661,0.20057306590257878,0,350
1,0.29,0.1076388888888889,0.11524163568773234,0.10097719869706841,1,307
2,0.18,0.0,0.0,0.0,2,16
3,0.27,0.0,0.0,0.0,3,0
4,0.22,0.0,0.0,0.0,4,69
5,0.27,0.021164021164021163,0.016129032258064516,0.03076923076923077,5,65
6,0.29,0.0,0.0,0.0,6,0
7,0.07,0.0303030303030303,0.06666666666666667,0.0196078431372549,7,51
