,threshold,f_measure,precision,recall,instrument_idx,num_of_occ
0,0.07,0.20717131474103584,0.2047244094488189,0.20967741935483872,0,125
1,0.29,0.36363636363636365,0.36477987421383645,0.3625,1,160
2,0.18,0.0,0.0,0.0,2,21
3,0.27,0.0,0.0,0.0,3,0
4,0.22,0.0,0.0,0.0,4,79
5,0.27,0.48787446504992865,0.5836177474402731,0.41911764705882354,5,409
6,0.29,0.0,0.0,0.0,6,12
7,0.07,0.07692307692307693,0.05263157894736842,0.14285714285714285,7,14
