,threshold,f_measure,precision,recall,instrument_idx,num_of_occ
0,0.07,0.29176854115729417,0.2370860927152318,0.3792372881355932,0,472
1,0.29,0.2804878048780488,0.33906633906633904,0.2391681109185442,1,577
2,0.18,0.0,0.0,0.0,2,8
3,0.27,0.16981132075471697,0.1836734693877551,0.15789473684210525,3,57
4,0.22,0.008474576271186442,1.0,0.00425531914893617,4,235
5,0.27,0.3719912472647702,0.36324786324786323,0.3811659192825112,5,223
6,0.29,0.0,0.0,0.0,6,0
7,0.07,0.0,0.0,0.0,7,11
