,threshold,f_measure,precision,recall,instrument_idx,num_of_occ
0,0.07,0.6301369863013699,0.46,1.0,0,23
1,0.29,0.45614035087719296,0.8666666666666667,0.30952380952380953,1,42
2,0.18,0.0,0.0,0.0,2,2
3,0.27,0.0,0.0,0.0,3,0
4,0.22,0.046511627906976744,1.0,0.023809523809523808,4,42
5,0.27,0.0,0.0,0.0,5,0
6,0.29,0.0,0.0,0.0,6,0
7,0.07,0.0,0.0,0.0,7,0
