,threshold,f_measure,precision,recall,instrument_idx
1,0.27,0.888888888888889,0.8,1.0,1.0
4,0.25,0.05172413793103448,1.0,0.02654867256637168,4.0
5,0.21,0.9269776876267748,0.9827956989247312,0.8771593090211133,5.0
