,threshold,f_measure,precision,recall,instrument_idx,num_of_occ
0,0.07,0.3902439024390244,0.3870967741935484,0.39344262295081966,0,184
1,0.29,0.2379182156133829,0.4383561643835616,0.16326530612244897,1,196
2,0.18,0.0,0.0,0.0,2,5
3,0.27,0.1079136690647482,0.4838709677419355,0.06072874493927125,3,248
4,0.22,0.0,0.0,0.0,4,3
5,0.27,0.2517985611510791,0.2536231884057971,0.25,5,140
6,0.29,0.0,0.0,0.0,6,0
7,0.07,0.15384615384615385,0.2,0.125,7,8
