,threshold,f_measure,precision,recall,instrument_idx,num_of_occ
0,0.07,0.35514018691588783,0.25,0.6129032258064516,0,32
1,0.29,0.058823529411764705,0.5,0.03125,1,32
2,0.18,0.0,0.0,0.0,2,0
3,0.27,0.0,0.0,0.0,3,0
4,0.22,0.0,0.0,0.0,4,0
5,0.27,0.4305555555555556,0.4732824427480916,0.39490445859872614,5,158
6,0.29,0.0,0.0,0.0,6,0
7,0.07,0.0,0.0,0.0,7,0
