,threshold,f_measure,precision,recall,instrument_idx,num_of_occ
0,0.07,0.15134255492270138,0.1220472440944882,0.19914346895074947,0,467
1,0.29,0.17447495961227788,0.1377551020408163,0.23788546255506607,1,227
2,0.18,0.0,0.0,0.0,2,17
3,0.27,0.1522491349480969,0.55,0.08835341365461848,3,249
4,0.22,0.0,0.0,0.0,4,0
5,0.27,0.15414634146341463,0.12460567823343849,0.2020460358056266,5,391
6,0.29,0.0,0.0,0.0,6,0
7,0.07,0.007751937984496126,0.07692307692307693,0.004081632653061225,7,245
