,threshold,f_measure,precision,recall,instrument_idx,num_of_occ
0,0.07,0.40522875816993464,0.38271604938271603,0.4305555555555556,0,72
1,0.29,0.3282051282051282,0.5,0.24427480916030533,1,131
2,0.18,0.0,0.0,0.0,2,0
3,0.27,0.0,0.0,0.0,3,0
4,0.22,0.0,0.0,0.0,4,11
5,0.27,0.35672514619883045,0.39869281045751637,0.32275132275132273,5,189
6,0.29,0.0,0.0,0.0,6,0
7,0.07,0.0,0.0,0.0,7,0
