,threshold,f_measure,precision,recall,instrument_idx,num_of_occ
0,0.07,0.5846153846153846,0.4318181818181818,0.9047619047619048,0,21
1,0.29,0.888888888888889,1.0,0.8,1,10
2,0.18,0.0,0.0,0.0,2,15
3,0.27,0.0,0.0,0.0,3,0
4,0.22,0.0,0.0,0.0,4,0
5,0.27,0.0,0.0,0.0,5,0
6,0.29,0.0,0.0,0.0,6,0
7,0.07,0.0,0.0,0.0,7,0
