,threshold,f_measure,precision,recall,instrument_idx
1,0.27,0.8184049079754602,0.9638728323699421,0.7110874200426439,1.0
2,0.13,0.030303030303030307,1.0,0.015384615384615385,2.0
3,0.08,0.454320987654321,0.7022900763358778,0.3357664233576642,3.0
4,0.25,0.14035087719298245,0.6666666666666666,0.0784313725490196,4.0
5,0.21,0.8017883755588674,0.7032679738562092,0.9324090121317158,5.0
7,0.08,0.1,1.0,0.05263157894736842,7.0
