,threshold,f_measure,precision,recall,instrument_idx,num_of_occ
0,0.07,0.15384615384615385,0.12615384615384614,0.1971153846153846,0,208
1,0.29,0.06306306306306306,0.0875,0.04929577464788732,1,142
2,0.18,0.0,0.0,0.0,2,47
3,0.27,0.0,0.0,0.0,3,32
4,0.22,0.0,0.0,0.0,4,9
5,0.27,0.16666666666666666,0.15584415584415584,0.1791044776119403,5,201
6,0.29,0.0,0.0,0.0,6,0
7,0.07,0.0,0.0,0.0,7,2
