,threshold,f_measure,precision,recall,instrument_idx,num_of_occ
0,0.07,0.6521739130434783,0.4838709677419355,1.0,0,16
1,0.29,0.9600000000000001,0.9230769230769231,1.0,1,12
2,0.18,0.0,0.0,0.0,2,2
3,0.27,0.0,0.0,0.0,3,0
4,0.22,0.0,0.0,0.0,4,0
5,0.27,0.0,0.0,0.0,5,0
6,0.29,0.0,0.0,0.0,6,0
7,0.07,0.0,0.0,0.0,7,44
