,threshold,f_measure,precision,recall,instrument_idx
1,0.27,0.8105065666041276,0.9818181818181818,0.6900958466453674,1.0
3,0.08,0.40796019900497504,0.25625,1.0,3.0
4,0.25,0.22429906542056077,0.46153846153846156,0.14814814814814814,4.0
5,0.21,0.8382126348228044,0.7253333333333334,0.9927007299270073,5.0
7,0.08,0.5,1.0,0.3333333333333333,7.0
