,threshold,f_measure,precision,recall,instrument_idx
1,0.27,0.97131931166348,0.9566854990583804,0.9864077669902913,1.0
5,0.21,0.8946015424164524,0.8529411764705882,0.9405405405405406,5.0
