,threshold,f_measure,precision,recall,instrument_idx
1,0.27,0.8313090418353575,0.9506172839506173,0.7386091127098321,1.0
2,0.13,0.125,1.0,0.06666666666666667,2.0
3,0.08,0.0091324200913242,0.0045871559633027525,1.0,3.0
4,0.25,0.0546448087431694,1.0,0.028089887640449437,4.0
5,0.21,0.906906906906907,0.8927364864864865,0.9215344376634699,5.0
