,threshold,f_measure,precision,recall,instrument_idx,num_of_occ
0,0.07,0.25,0.14285714285714285,1.0,0,1
1,0.29,0.7142857142857143,0.5555555555555556,1.0,1,5
2,0.18,0.0,0.0,0.0,2,0
3,0.27,0.0,0.0,0.0,3,0
4,0.22,0.0,0.0,0.0,4,0
5,0.27,0.0,0.0,0.0,5,0
6,0.29,0.0,0.0,0.0,6,2
7,0.07,0.0,0.0,0.0,7,2
