,threshold,f_measure,precision,recall,instrument_idx,num_of_occ
0,0.07,0.608695652173913,0.875,0.4666666666666667,0,15
1,0.29,0.7272727272727273,0.5714285714285714,1.0,1,4
2,0.18,0.0,0.0,0.0,2,0
3,0.27,0.0,0.0,0.0,3,1
4,0.22,0.0,0.0,0.0,4,0
5,0.27,0.0,0.0,0.0,5,1
6,0.29,0.0,0.0,0.0,6,0
7,0.07,0.0,0.0,0.0,7,3
