,threshold,f_measure,precision,recall,instrument_idx
1,0.27,0.7038327526132405,0.9439252336448598,0.5611111111111111,1.0
3,0.08,0.9036334913112165,0.9501661129568106,0.8614457831325302,3.0
5,0.21,0.8380062305295951,0.7309782608695652,0.9817518248175182,5.0
7,0.08,0.6666666666666666,1.0,0.5,7.0
