,threshold,f_measure,precision,recall,instrument_idx,num_of_occ
0,0.07,0.7692307692307693,0.625,1.0,0,5
1,0.29,0.0,0.0,0.0,1,2
2,0.18,0.0,0.0,0.0,2,0
3,0.27,0.0,0.0,0.0,3,0
4,0.22,0.0,0.0,0.0,4,0
5,0.27,0.6666666666666666,1.0,0.5,5,6
6,0.29,0.0,0.0,0.0,6,0
7,0.07,0.0,0.0,0.0,7,0
