,threshold,f_measure,precision,recall,instrument_idx,num_of_occ
0,0.07,0.125,0.07692307692307693,0.3333333333333333,0,9
1,0.29,0.09722222222222221,0.20588235294117646,0.06363636363636363,1,110
2,0.18,0.0,0.0,0.0,2,6
3,0.27,0.13636363636363635,0.4090909090909091,0.08181818181818182,3,110
4,0.22,0.0,0.0,0.0,4,0
5,0.27,0.3269230769230769,0.3090909090909091,0.3469387755102041,5,49
6,0.29,0.0,0.0,0.0,6,0
7,0.07,0.0,0.0,0.0,7,4
