,threshold,f_measure,precision,recall,instrument_idx,num_of_occ
0,0.07,0.6363636363636364,0.4666666666666667,1.0,0,7
1,0.29,0.9333333333333333,1.0,0.875,1,8
2,0.18,0.0,0.0,0.0,2,1
3,0.27,0.0,0.0,0.0,3,0
4,0.22,0.0,0.0,0.0,4,3
5,0.27,0.8831168831168831,0.918918918918919,0.85,5,41
6,0.29,0.0,0.0,0.0,6,0
7,0.07,0.0,0.0,0.0,7,0
