,threshold,f_measure,precision,recall,instrument_idx,num_of_occ
0,0.07,0.23371647509578547,0.17329545454545456,0.3588235294117647,0,171
1,0.29,0.21935483870967745,0.21794871794871795,0.22077922077922077,1,77
2,0.18,0.0,0.0,0.0,2,44
3,0.27,0.0,0.0,0.0,3,6
4,0.22,0.0,0.0,0.0,4,51
5,0.27,0.22018348623853212,0.32432432432432434,0.16666666666666666,5,144
6,0.29,0.0,0.0,0.0,6,0
7,0.07,0.0,0.0,0.0,7,0
