,threshold,f_measure,precision,recall,instrument_idx,num_of_occ
0,0.07,0.19607843137254902,0.1529051987767584,0.273224043715847,0,184
1,0.29,0.3024193548387097,0.3177966101694915,0.28846153846153844,1,260
2,0.18,0.0,0.0,0.0,2,1
3,0.27,0.0,0.0,0.0,3,1
4,0.22,0.0,0.0,0.0,4,59
5,0.27,0.22827938671209538,0.33004926108374383,0.17447916666666666,5,385
6,0.29,0.0,0.0,0.0,6,7
7,0.07,0.04081632653061225,0.03333333333333333,0.05263157894736842,7,19
