,threshold,f_measure,precision,recall,instrument_idx,num_of_occ
0,0.07,0.09472259810554803,0.0682261208576998,0.15486725663716813,0,226
1,0.29,0.21355236139630387,0.22127659574468084,0.20634920634920634,1,252
2,0.18,0.0,0.0,0.0,2,37
3,0.27,0.03564356435643565,0.4090909090909091,0.018633540372670808,3,483
4,0.22,0.0,0.0,0.0,4,0
5,0.27,0.06666666666666667,0.07563025210084033,0.059602649006622516,5,302
6,0.29,0.0,0.0,0.0,6,9
7,0.07,0.1111111111111111,0.1111111111111111,0.1111111111111111,7,9
