,threshold,f_measure,precision,recall,instrument_idx,num_of_occ
0,0.07,0.39834024896265563,0.32,0.5274725274725275,0,91
1,0.29,0.3734439834024896,0.5294117647058824,0.28846153846153844,1,156
2,0.18,0.2222222222222222,1.0,0.125,2,8
3,0.27,0.0,0.0,0.0,3,0
4,0.22,0.0,0.0,0.0,4,24
5,0.27,0.4158415841584158,0.4772727272727273,0.3684210526315789,5,115
6,0.29,0.0,0.0,0.0,6,7
7,0.07,0.0,0.0,0.0,7,5
