,threshold,f_measure,precision,recall,instrument_idx,num_of_occ
0,0.07,0.4592592592592593,0.3522727272727273,0.6595744680851063,0,48
1,0.29,0.36781609195402293,0.48484848484848486,0.2962962962962963,1,108
2,0.18,0.0,0.0,0.0,2,6
3,0.27,0.0,0.0,0.0,3,0
4,0.22,0.0,0.0,0.0,4,2
5,0.27,0.5121951219512195,0.6176470588235294,0.4375,5,49
6,0.29,0.6666666666666666,1.0,0.5,6,2
7,0.07,0.0,0.0,0.0,7,4
