,threshold,f_measure,precision,recall,instrument_idx,num_of_occ
0,0.07,0.21019108280254775,0.1542056074766355,0.33,0,100
1,0.29,0.31351351351351353,0.32222222222222224,0.30526315789473685,1,95
2,0.18,0.0,0.0,0.0,2,8
3,0.27,0.14977973568281938,0.21794871794871795,0.11409395973154363,3,149
4,0.22,0.0,0.0,0.0,4,6
5,0.27,0.24000000000000002,0.2830188679245283,0.20833333333333334,5,72
6,0.29,0.0,0.0,0.0,6,12
7,0.07,0.0,0.0,0.0,7,20
