,threshold,f_measure,precision,recall,instrument_idx,num_of_occ
0,0.07,0.15292190060076463,0.15021459227467812,0.1557285873192436,0,899
1,0.29,0.26502188619180267,0.37082405345211583,0.20619195046439628,1,1615
2,0.18,0.0,0.0,0.0,2,22
3,0.27,0.2174197773411919,0.39243498817966904,0.1503623188405797,3,1104
4,0.22,0.0,0.0,0.0,4,32
5,0.27,0.1957340025094103,0.23493975903614459,0.16774193548387098,5,931
6,0.29,0.0,0.0,0.0,6,137
7,0.07,0.0477815699658703,0.046357615894039736,0.04929577464788732,7,142
