,threshold,f_measure,precision,recall,instrument_idx,num_of_occ
0,0.07,0.13090909090909092,0.09872029250457039,0.19424460431654678,0,278
1,0.29,0.17569546120058563,0.22304832713754646,0.14492753623188406,1,414
2,0.18,0.0,0.0,0.0,2,9
3,0.27,0.05970149253731344,0.18947368421052632,0.03543307086614173,3,508
4,0.22,0.0,0.0,0.0,4,13
5,0.27,0.38295165394402036,0.3970976253298153,0.36977886977886976,5,815
6,0.29,0.0,0.0,0.0,6,3
7,0.07,0.042328042328042326,0.06666666666666667,0.031007751937984496,7,129
