,threshold,f_measure,precision,recall,instrument_idx,num_of_occ
0,0.07,0.1081081081081081,0.08695652173913043,0.14285714285714285,0,84
1,0.29,0.09210526315789475,0.19444444444444445,0.0603448275862069,1,116
2,0.18,0.0,0.0,0.0,2,3
3,0.27,0.0,0.0,0.0,3,1
4,0.22,0.0,0.0,0.0,4,24
5,0.27,0.2944,0.3357664233576642,0.2621082621082621,5,351
6,0.29,0.0,0.0,0.0,6,0
7,0.07,0.0,0.0,0.0,7,18
