,threshold,f_measure,precision,recall,instrument_idx,num_of_occ
0,0.07,0.6744186046511628,0.5471698113207547,0.8787878787878788,0,66
1,0.29,0.881118881118881,0.863013698630137,0.9,1,70
2,0.18,0.19999999999999998,1.0,0.1111111111111111,2,9
3,0.27,0.17857142857142858,0.7142857142857143,0.10204081632653061,3,49
4,0.22,0.0,0.0,0.0,4,0
5,0.27,0.7007299270072993,0.8727272727272727,0.5853658536585366,5,82
6,0.29,0.0,0.0,0.0,6,0
7,0.07,0.0,0.0,0.0,7,0
