,threshold,f_measure,precision,recall,instrument_idx,num_of_occ
0,0.07,0.38095238095238093,0.23529411764705882,1.0,0,5
1,0.29,0.8750000000000001,0.7777777777777778,1.0,1,7
2,0.18,0.0,0.0,0.0,2,5
3,0.27,0.0,0.0,0.0,3,0
4,0.22,0.0,0.0,0.0,4,0
5,0.27,0.0,0.0,0.0,5,0
6,0.29,0.0,0.0,0.0,6,2
7,0.07,0.0,0.0,0.0,7,2
