,threshold,f_measure,precision,recall,instrument_idx,num_of_occ
0,0.07,0.6741573033707865,0.5263157894736842,0.9375,0,32
1,0.29,0.7407407407407408,0.75,0.7317073170731707,1,41
2,0.18,0.0,0.0,0.0,2,2
3,0.27,0.28571428571428575,0.2,0.5,3,2
4,0.22,0.2857142857142857,1.0,0.16666666666666666,4,6
5,0.27,0.6837606837606838,0.7692307692307693,0.6153846153846154,5,65
6,0.29,0.0,0.0,0.0,6,6
7,0.07,0.25,0.2222222222222222,0.2857142857142857,7,7
