,threshold,f_measure,precision,recall,instrument_idx,num_of_occ
0,0.07,0.16281407035175877,0.15913555992141454,0.16666666666666666,0,487
1,0.29,0.23953098827470687,0.31567328918322296,0.19298245614035087,1,741
2,0.18,0.0,0.0,0.0,2,22
3,0.27,0.2456140350877193,0.42424242424242425,0.1728395061728395,3,162
4,0.22,0.0,0.0,0.0,4,46
5,0.27,0.31535836177474397,0.37138263665594856,0.27402135231316727,5,843
6,0.29,0.0,0.0,0.0,6,17
7,0.07,0.0,0.0,0.0,7,14
