,threshold,f_measure,precision,recall,instrument_idx,num_of_occ
0,0.07,0.2439024390243902,0.18041237113402062,0.3763440860215054,0,94
1,0.29,0.43956043956043955,0.4878048780487805,0.4,1,150
2,0.18,0.0,0.0,0.0,2,19
3,0.27,0.13003095975232198,0.25301204819277107,0.0875,3,241
4,0.22,0.0,0.0,0.0,4,7
5,0.27,0.2420749279538905,0.2545454545454545,0.23076923076923078,5,182
6,0.29,0.0,0.0,0.0,6,11
7,0.07,0.10344827586206896,0.06818181818181818,0.21428571428571427,7,14
