,threshold,f_measure,precision,recall,instrument_idx,num_of_occ
0,0.07,0.20267260579064592,0.15091210613598674,0.30847457627118646,0,295
1,0.29,0.16058394160583941,0.16666666666666666,0.15492957746478872,1,71
2,0.18,0.0,0.0,0.0,2,7
3,0.27,0.0,0.0,0.0,3,17
4,0.22,0.0,0.0,0.0,4,103
5,0.27,0.20863309352517986,0.30851063829787234,0.15760869565217392,5,184
6,0.29,0.0,0.0,0.0,6,0
7,0.07,0.0,0.0,0.0,7,0
