,threshold,f_measure,precision,recall,instrument_idx,num_of_occ
0,0.07,0.5217391304347826,0.45454545454545453,0.6122448979591837,0,50
1,0.29,0.475,0.41304347826086957,0.5588235294117647,1,34
2,0.18,0.0,0.0,0.0,2,0
3,0.27,0.0,0.0,0.0,3,0
4,0.22,0.0,0.0,0.0,4,0
5,0.27,0.5617021276595745,0.6111111111111112,0.5196850393700787,5,128
6,0.29,0.0,0.0,0.0,6,0
7,0.07,0.0,0.0,0.0,7,0
