,threshold,f_measure,precision,recall,instrument_idx,num_of_occ
0,0.07,0.6206896551724138,0.45,1.0,0,9
1,0.29,1.0,1.0,1.0,1,14
2,0.18,1.0,1.0,1.0,2,1
3,0.27,0.5625000000000001,0.9,0.4090909090909091,3,22
4,0.22,0.0,0.0,0.0,4,0
5,0.27,0.0,0.0,0.0,5,0
6,0.29,0.0,0.0,0.0,6,0
7,0.07,0.0,0.0,0.0,7,0
