,threshold,f_measure,precision,recall,instrument_idx,num_of_occ
0,0.07,0.0568561872909699,0.1349206349206349,0.036016949152542374,0,472
1,0.29,0.5082376435346979,0.8262987012987013,0.36697909156452774,1,1388
2,0.18,0.0,0.0,0.0,2,13
3,0.27,0.0,0.0,0.0,3,0
4,0.22,0.0,0.0,0.0,4,2
5,0.27,0.13402061855670103,0.23493975903614459,0.09375,5,416
6,0.29,0.0,0.0,0.0,6,3
7,0.07,0.0,0.0,0.0,7,10
