,threshold,f_measure,precision,recall,instrument_idx,num_of_occ
0,0.07,0.17137648131267094,0.12947658402203857,0.25336927223719674,0,371
1,0.29,0.2423698384201077,0.3268765133171913,0.19258202567760344,1,701
2,0.18,0.0,0.0,0.0,2,12
3,0.27,0.07161125319693096,0.3888888888888889,0.03943661971830986,3,355
4,0.22,0.038461538461538464,1.0,0.0196078431372549,4,51
5,0.27,0.3351778656126483,0.3642611683848797,0.3103953147877013,5,683
6,0.29,0.0,0.0,0.0,6,2
7,0.07,0.0,0.0,0.0,7,17
