,threshold,f_measure,precision,recall,instrument_idx,num_of_occ
0,0.07,0.5853658536585366,0.41379310344827586,1.0,0,13
1,0.29,0.9583333333333334,1.0,0.92,1,25
2,0.18,0.0,0.0,0.0,2,1
3,0.27,0.45901639344262296,0.9333333333333333,0.30434782608695654,3,46
4,0.22,0.0,0.0,0.0,4,0
5,0.27,0.0,0.0,0.0,5,0
6,0.29,0.0,0.0,0.0,6,0
7,0.07,0.0,0.0,0.0,7,0
