,threshold,f_measure,precision,recall,instrument_idx,num_of_occ
0,0.07,0.2390438247011952,0.23622047244094488,0.24193548387096775,0,124
1,0.29,0.25365853658536586,0.3795620437956204,0.19047619047619047,1,273
2,0.18,0.0,0.0,0.0,2,5
3,0.27,0.057142857142857134,0.08333333333333333,0.043478260869565216,3,23
4,0.22,0.0,0.0,0.0,4,10
5,0.27,0.32195121951219513,0.36464088397790057,0.28820960698689957,5,230
6,0.29,0.0,0.0,0.0,6,7
7,0.07,0.0,0.0,0.0,7,6
