,threshold,f_measure,precision,recall,instrument_idx,num_of_occ
0,0.07,0.6557377049180327,0.5,0.9523809523809523,0,21
1,0.29,0.888888888888889,1.0,0.8,1,25
2,0.18,0.0,0.0,0.0,2,0
3,0.27,0.5957446808510638,0.9333333333333333,0.4375,3,32
4,0.22,0.0,0.0,0.0,4,0
5,0.27,0.0,0.0,0.0,5,0
6,0.29,0.0,0.0,0.0,6,0
7,0.07,0.0,0.0,0.0,7,2
