,threshold,f_measure,precision,recall,instrument_idx,num_of_occ
0,0.07,0.35608308605341243,0.28169014084507044,0.4838709677419355,0,124
1,0.29,0.4866310160427807,0.5384615384615384,0.44390243902439025,1,205
2,0.18,0.0,0.0,0.0,2,16
3,0.27,0.0,0.0,0.0,3,5
4,0.22,0.0,0.0,0.0,4,61
5,0.27,0.10526315789473685,0.12244897959183673,0.09230769230769231,5,65
6,0.29,0.0,0.0,0.0,6,0
7,0.07,0.0,0.0,0.0,7,1
