,threshold,f_measure,precision,recall,instrument_idx,num_of_occ
0,0.07,0.5833333333333334,0.4117647058823529,1.0,0,7
1,0.29,0.9285714285714286,0.8666666666666667,1.0,1,13
2,0.18,0.0,0.0,0.0,2,1
3,0.27,0.5714285714285714,0.8888888888888888,0.42105263157894735,3,20
4,0.22,0.0,0.0,0.0,4,0
5,0.27,0.0,0.0,0.0,5,0
6,0.29,0.0,0.0,0.0,6,1
7,0.07,0.0,0.0,0.0,7,2
