,threshold,f_measure,precision,recall,instrument_idx,num_of_occ
0,0.07,0.17105263157894735,0.12404580152671756,0.2754237288135593,0,236
1,0.29,0.2794307891332471,0.3025210084033613,0.25961538461538464,1,416
2,0.18,0.0,0.0,0.0,2,18
3,0.27,0.008968609865470852,0.006535947712418301,0.014285714285714285,3,70
4,0.22,0.0,0.0,0.0,4,119
5,0.27,0.19616204690831557,0.3333333333333333,0.13897280966767372,5,331
6,0.29,0.0,0.0,0.0,6,5
7,0.07,0.0,0.0,0.0,7,13
