,threshold,f_measure,precision,recall,instrument_idx,num_of_occ
0,0.07,0.660377358490566,0.5303030303030303,0.875,0,40
1,0.29,0.6106870229007634,0.9090909090909091,0.45977011494252873,1,87
2,0.18,0.0,0.0,0.0,2,0
3,0.27,0.0,0.0,0.0,3,0
4,0.22,0.0,0.0,0.0,4,0
5,0.27,0.7758620689655172,0.8823529411764706,0.6923076923076923,5,66
6,0.29,0.0,0.0,0.0,6,0
7,0.07,0.0,0.0,0.0,7,0
