,threshold,f_measure,precision,recall,instrument_idx,num_of_occ
0,0.07,0.22532938962086582,0.27439423706614274,0.19114963503649635,0,2192
1,0.29,0.11150234741784036,0.22673031026252982,0.07392996108949416,1,1285
2,0.18,0.0,0.0,0.0,2,26
3,0.27,0.043632673769660076,0.296551724137931,0.023548740416210297,3,1826
4,0.22,0.0,0.0,0.0,4,29
5,0.27,0.2439201451905626,0.21265822784810126,0.28595744680851065,5,1175
6,0.29,0.0,0.0,0.0,6,110
7,0.07,0.0879120879120879,0.26666666666666666,0.05263157894736842,7,76
