,threshold,f_measure,precision,recall,instrument_idx,num_of_occ
0,0.07,0.16031537450722733,0.17453505007153075,0.14823815309842042,0,823
1,0.29,0.2154882154882155,0.32454361054766734,0.16129032258064516,1,992
2,0.18,0.0,0.0,0.0,2,36
3,0.27,0.13507109004739337,0.3,0.0871559633027523,3,654
4,0.22,0.048780487804878044,0.5,0.02564102564102564,4,39
5,0.27,0.17497456765005084,0.22691292875989447,0.1423841059602649,5,604
6,0.29,0.0,0.0,0.0,6,28
7,0.07,0.06,0.08571428571428572,0.046153846153846156,7,65
