,threshold,f_measure,precision,recall,instrument_idx,num_of_occ
0,0.07,0.36,0.2608695652173913,0.5806451612903226,0,31
1,0.29,0.4230769230769231,0.5789473684210527,0.3333333333333333,1,33
2,0.18,0.0,0.0,0.0,2,0
3,0.27,0.0,0.0,0.0,3,0
4,0.22,0.4,0.5,0.3333333333333333,4,9
5,0.27,0.43636363636363634,0.4485981308411215,0.4247787610619469,5,114
6,0.29,0.0,0.0,0.0,6,0
7,0.07,0.0,0.0,0.0,7,0
