,threshold,f_measure,precision,recall,instrument_idx,num_of_occ
0,0.07,0.17341040462427743,0.12857142857142856,0.26627218934911245,0,170
1,0.29,0.26966292134831465,0.2898550724637681,0.25210084033613445,1,238
2,0.18,0.0,0.0,0.0,2,11
3,0.27,0.0,0.0,0.0,3,52
4,0.22,0.0,0.0,0.0,4,51
5,0.27,0.11578947368421053,0.125,0.10784313725490197,5,204
6,0.29,0.0,0.0,0.0,6,15
7,0.07,0.0,0.0,0.0,7,22
