,threshold,f_measure,precision,recall,instrument_idx,num_of_occ
0,0.07,0.6190476190476191,0.4482758620689655,1.0,0,14
1,0.29,1.0,1.0,1.0,1,19
2,0.18,0.0,0.0,0.0,2,0
3,0.27,0.25806451612903225,1.0,0.14814814814814814,3,28
4,0.22,0.0,0.0,0.0,4,0
5,0.27,0.0,0.0,0.0,5,0
6,0.29,0.0,0.0,0.0,6,0
7,0.07,0.0,0.0,0.0,7,0
