,threshold,f_measure,precision,recall,instrument_idx,num_of_occ
0,0.07,0.6274509803921569,0.45714285714285713,1.0,0,16
1,0.29,0.8750000000000001,1.0,0.7777777777777778,1,9
2,0.18,0.0,0.0,0.0,2,0
3,0.27,0.0,0.0,0.0,3,0
4,0.22,0.0,0.0,0.0,4,0
5,0.27,0.0,0.0,0.0,5,0
6,0.29,0.0,0.0,0.0,6,0
7,0.07,0.0,0.0,0.0,7,48
