,threshold,f_measure,precision,recall,instrument_idx,num_of_occ
0,0.07,0.2,0.14599686028257458,0.3174061433447099,0,293
1,0.29,0.3042168674698795,0.3423728813559322,0.27371273712737126,1,738
2,0.18,0.0,0.0,0.0,2,36
3,0.27,0.32025723472668816,0.6434108527131783,0.2131849315068493,3,1168
4,0.22,0.0,0.0,0.0,4,14
5,0.27,0.2777155655095185,0.2973621103117506,0.2605042016806723,5,476
6,0.29,0.0,0.0,0.0,6,0
7,0.07,0.05511811023622048,0.059322033898305086,0.051470588235294115,7,136
