,threshold,f_measure,precision,recall,instrument_idx,num_of_occ
0,0.07,0.10379746835443036,0.1056701030927835,0.10199004975124377,0,402
1,0.29,0.47257081391179634,0.6836099585062241,0.3610958904109589,1,1825
2,0.18,0.0,0.0,0.0,2,20
3,0.27,0.0,0.0,0.0,3,0
4,0.22,0.0,0.0,0.0,4,0
5,0.27,0.1234567901234568,0.1520912547528517,0.1038961038961039,5,385
6,0.29,0.011764705882352941,0.16666666666666666,0.006097560975609756,6,164
7,0.07,0.04761904761904762,0.09433962264150944,0.03184713375796178,7,157
