,threshold,f_measure,precision,recall,instrument_idx,num_of_occ
0,0.07,0.4320557491289198,0.33879781420765026,0.5961538461538461,0,105
1,0.29,0.463768115942029,0.4444444444444444,0.48484848484848486,1,33
2,0.18,0.0,0.0,0.0,2,0
3,0.27,0.0,0.0,0.0,3,0
4,0.22,0.0,0.0,0.0,4,5
5,0.27,0.3767313019390581,0.4857142857142857,0.3076923076923077,5,221
6,0.29,0.0,0.0,0.0,6,0
7,0.07,0.0,0.0,0.0,7,0
