,threshold,f_measure,precision,recall,instrument_idx,num_of_occ
0,0.07,0.6825396825396826,0.5308641975308642,0.9555555555555556,0,46
1,0.29,0.5066666666666667,0.6129032258064516,0.4318181818181818,1,44
2,0.18,0.0,0.0,0.0,2,0
3,0.27,0.0,0.0,0.0,3,0
4,0.22,0.0,0.0,0.0,4,19
5,0.27,0.749063670411985,0.746268656716418,0.7518796992481203,5,133
6,0.29,0.0,0.0,0.0,6,0
7,0.07,0.0,0.0,0.0,7,1
