,threshold,f_measure,precision,recall,instrument_idx,num_of_occ
0,0.07,0.12713178294573643,0.12349397590361445,0.13099041533546327,0,314
1,0.29,0.41267123287671226,0.5343680709534369,0.33612273361227335,1,717
2,0.18,0.0,0.0,0.0,2,4
3,0.27,0.07712082262210797,0.2542372881355932,0.045454545454545456,3,330
4,0.22,0.0,0.0,0.0,4,5
5,0.27,0.22525597269624573,0.29333333333333333,0.18282548476454294,5,362
6,0.29,0.044444444444444446,0.3333333333333333,0.023809523809523808,6,42
7,0.07,0.07874015748031496,0.0684931506849315,0.09259259259259259,7,54
