,threshold,f_measure,precision,recall,instrument_idx,num_of_occ
0,0.07,0.2842105263157895,0.20930232558139536,0.4426229508196721,0,61
1,0.29,0.5172413793103449,0.45454545454545453,0.6,1,25
2,0.18,0.0,0.0,0.0,2,3
3,0.27,0.25806451612903225,0.5405405405405406,0.1694915254237288,3,118
4,0.22,0.0,0.0,0.0,4,0
5,0.27,0.3116883116883117,0.32432432432432434,0.3,5,40
6,0.29,0.0,0.0,0.0,6,0
7,0.07,0.30769230769230765,0.4444444444444444,0.23529411764705882,7,17
