,threshold,f_measure,precision,recall,instrument_idx,num_of_occ
0,0.07,0.14285714285714288,0.07692307692307693,1.0,0,2
1,0.29,0.0,0.0,0.0,1,0
2,0.18,0.0,0.0,0.0,2,4
3,0.27,0.6666666666666667,0.8888888888888888,0.5333333333333333,3,30
4,0.22,0.0,0.0,0.0,4,0
5,0.27,0.0,0.0,0.0,5,0
6,0.29,0.0,0.0,0.0,6,9
7,0.07,0.0,0.0,0.0,7,9
