,threshold,f_measure,precision,recall,instrument_idx,num_of_occ
0,0.07,0.676923076923077,0.5116279069767442,1.0,0,22
1,0.29,1.0,1.0,1.0,1,10
2,0.18,0.0,0.0,0.0,2,1
3,0.27,0.0,0.0,0.0,3,0
4,0.22,0.0,0.0,0.0,4,12
5,0.27,0.0,0.0,0.0,5,0
6,0.29,0.0,0.0,0.0,6,0
7,0.07,0.0,0.0,0.0,7,0
