,threshold,f_measure,precision,recall,instrument_idx,num_of_occ
0,0.07,0.65625,0.5675675675675675,0.7777777777777778,0,27
1,0.29,0.6071428571428572,0.8947368421052632,0.4594594594594595,1,38
2,0.18,0.0,0.0,0.0,2,2
3,0.27,0.7272727272727274,0.9230769230769231,0.6,3,20
4,0.22,0.0,0.0,0.0,4,0
5,0.27,0.0,0.0,0.0,5,0
6,0.29,0.0,0.0,0.0,6,0
7,0.07,0.0,0.0,0.0,7,0
