,threshold,f_measure,precision,recall,instrument_idx,num_of_occ
0,0.07,0.235198702351987,0.19647696476964768,0.29292929292929293,0,496
1,0.29,0.3127899271040424,0.4133099824868651,0.2515991471215352,1,938
2,0.18,0.0,0.0,0.0,2,65
3,0.27,0.16138328530259366,0.3835616438356164,0.10218978102189781,3,274
4,0.22,0.0,0.0,0.0,4,51
5,0.27,0.22722159730033745,0.32371794871794873,0.17504332755632582,5,577
6,0.29,0.0,0.0,0.0,6,21
7,0.07,0.038461538461538464,0.030303030303030304,0.05263157894736842,7,19
