,threshold,f_measure,precision,recall,instrument_idx,num_of_occ
0,0.07,0.5378151260504203,0.4507042253521127,0.6666666666666666,0,48
1,0.29,0.563758389261745,0.6268656716417911,0.5121951219512195,1,82
2,0.18,0.0,0.0,0.0,2,0
3,0.27,0.0,0.0,0.0,3,0
4,0.22,0.0,0.0,0.0,4,0
5,0.27,0.5607476635514018,0.6185567010309279,0.5128205128205128,5,118
6,0.29,0.0,0.0,0.0,6,4
7,0.07,0.0,0.0,0.0,7,6
