,threshold,f_measure,precision,recall,instrument_idx
1,0.27,0.8169014084507042,0.9666666666666667,0.7073170731707317,1.0
4,0.25,0.4,1.0,0.25,4.0
5,0.21,0.927927927927928,0.865546218487395,1.0,5.0
