,threshold,f_measure,precision,recall,instrument_idx,num_of_occ
0,0.07,0.2096069868995633,0.1797752808988764,0.2513089005235602,0,192
1,0.29,0.3161512027491409,0.3262411347517731,0.30666666666666664,1,150
2,0.18,0.0,0.0,0.0,2,12
3,0.27,0.0,0.0,0.0,3,6
4,0.22,0.0,0.0,0.0,4,40
5,0.27,0.4605911330049261,0.5194444444444445,0.413716814159292,5,453
6,0.29,0.0,0.0,0.0,6,0
7,0.07,0.07407407407407408,0.058823529411764705,0.1,7,10
