,threshold,f_measure,precision,recall,instrument_idx,num_of_occ
0,0.07,0.5546218487394957,0.4024390243902439,0.8918918918918919,0,38
1,0.29,0.5490196078431373,0.5384615384615384,0.56,1,50
2,0.18,0.0,0.0,0.0,2,5
3,0.27,0.26506024096385544,0.6470588235294118,0.16666666666666666,3,66
4,0.22,0.0,0.0,0.0,4,0
5,0.27,0.0,0.0,0.0,5,0
6,0.29,0.0,0.0,0.0,6,1
7,0.07,0.0,0.0,0.0,7,1
