,threshold,f_measure,precision,recall,instrument_idx,num_of_occ
0,0.07,0.18604651162790697,0.17777777777777778,0.1951219512195122,0,123
1,0.29,0.2635451505016722,0.6723549488054608,0.1638935108153078,1,1202
2,0.18,0.0,0.0,0.0,2,0
3,0.27,0.0,0.0,0.0,3,0
4,0.22,0.0,0.0,0.0,4,0
5,0.27,0.18338108882521492,0.20512820512820512,0.16580310880829016,5,193
6,0.29,0.0,0.0,0.0,6,0
7,0.07,0.0,0.0,0.0,7,0
