,threshold,f_measure,precision,recall,instrument_idx,num_of_occ
0,0.07,0.2857142857142857,0.21212121212121213,0.4375,0,128
1,0.29,0.363013698630137,0.4015151515151515,0.33125,1,160
2,0.18,0.0,0.0,0.0,2,10
3,0.27,0.24822695035460993,0.4117647058823529,0.17766497461928935,3,197
4,0.22,0.0,0.0,0.0,4,1
5,0.27,0.09836065573770492,0.08823529411764706,0.1111111111111111,5,27
6,0.29,0.0,0.0,0.0,6,5
7,0.07,0.10526315789473685,0.08333333333333333,0.14285714285714285,7,14
