,threshold,f_measure,precision,recall,instrument_idx,num_of_occ
0,0.07,0.7225806451612903,0.6511627906976745,0.8115942028985508,0,69
1,0.29,0.676470588235294,0.7419354838709677,0.6216216216216216,1,111
2,0.18,0.0,0.0,0.0,2,0
3,0.27,0.1037037037037037,1.0,0.0546875,3,128
4,0.22,0.0,0.0,0.0,4,0
5,0.27,0.537037037037037,0.6444444444444445,0.4603174603174603,5,64
6,0.29,0.0,0.0,0.0,6,0
7,0.07,0.0,0.0,0.0,7,0
