,threshold,f_measure,precision,recall,instrument_idx
1,0.27,0.868270332187858,0.959493670886076,0.7928870292887029,1.0
3,0.08,0.7307692307692308,1.0,0.5757575757575758,3.0
5,0.21,0.821917808219178,0.7027027027027027,0.9898477157360406,5.0
