,threshold,f_measure,precision,recall,instrument_idx,num_of_occ
0,0.07,0.2901554404145078,0.20588235294117646,0.49122807017543857,0,57
1,0.29,0.36792452830188677,0.3644859813084112,0.37142857142857144,1,105
2,0.18,0.0,0.0,0.0,2,3
3,0.27,0.10041841004184099,0.20689655172413793,0.06629834254143646,3,181
4,0.22,0.0,0.0,0.0,4,0
5,0.27,0.0,0.0,0.0,5,0
6,0.29,0.0,0.0,0.0,6,1
7,0.07,0.0,0.0,0.0,7,2
