,threshold,f_measure,precision,recall,instrument_idx,num_of_occ
0,0.07,0.7826086956521738,0.75,0.8181818181818182,0,55
1,0.29,0.7301587301587302,0.71875,0.7419354838709677,1,31
2,0.18,0.0,0.0,0.0,2,2
3,0.27,0.0,0.0,0.0,3,1
4,0.22,0.0,0.0,0.0,4,3
5,0.27,0.8022598870056498,0.7634408602150538,0.8452380952380952,5,84
6,0.29,0.0,0.0,0.0,6,3
7,0.07,0.0,0.0,0.0,7,4
