,threshold,f_measure,precision,recall,instrument_idx,num_of_occ
0,0.07,1.0,1.0,1.0,0,1
1,0.29,0.8178137651821863,0.8632478632478633,0.7769230769230769,1,131
2,0.18,0.0,0.0,0.0,2,0
3,0.27,0.0,0.0,0.0,3,0
4,0.22,0.0,0.0,0.0,4,0
5,0.27,0.0,0.0,0.0,5,0
6,0.29,0.0,0.0,0.0,6,0
7,0.07,0.0,0.0,0.0,7,0
