,threshold,f_measure,precision,recall,instrument_idx,num_of_occ
0,0.07,0.05952380952380953,0.036231884057971016,0.16666666666666666,0,30
1,0.29,0.2018927444794953,0.23357664233576642,0.17777777777777778,1,180
2,0.18,0.0,0.0,0.0,2,4
3,0.27,0.22601279317697226,0.38686131386861317,0.15963855421686746,3,332
4,0.22,0.0,0.0,0.0,4,0
5,0.27,0.15939278937381404,0.16600790513833993,0.15328467153284672,5,274
6,0.29,0.0,0.0,0.0,6,0
7,0.07,0.2727272727272727,0.25,0.3,7,10
