,threshold,f_measure,precision,recall,instrument_idx,num_of_occ
0,0.07,0.145010768126346,0.11014176663031625,0.21218487394957983,0,476
1,0.29,0.19999999999999998,0.21588089330024815,0.18629550321199143,1,467
2,0.18,0.0,0.0,0.0,2,10
3,0.27,0.20162224797219,0.3901345291479821,0.1359375,3,640
4,0.22,0.017391304347826087,0.1111111111111111,0.009433962264150943,4,106
5,0.27,0.3123249299719888,0.3378787878787879,0.2903645833333333,5,768
6,0.29,0.0,0.0,0.0,6,0
7,0.07,0.0,0.0,0.0,7,162
