,threshold,f_measure,precision,recall,instrument_idx,num_of_occ
0,0.07,0.31715210355987056,0.23444976076555024,0.49,0,100
1,0.29,0.5132743362831858,0.5117647058823529,0.514792899408284,1,169
2,0.18,0.18181818181818182,1.0,0.1,2,10
3,0.27,0.17241379310344826,0.2,0.15151515151515152,3,66
4,0.22,0.0,0.0,0.0,4,15
5,0.27,0.5046728971962617,0.4153846153846154,0.6428571428571429,5,42
6,0.29,0.0,0.0,0.0,6,29
7,0.07,0.11267605633802817,0.12121212121212122,0.10526315789473684,7,38
