,threshold,f_measure,precision,recall,instrument_idx,num_of_occ
0,0.07,0.6373626373626373,0.5,0.8787878787878788,0,34
1,0.29,0.45714285714285713,0.47058823529411764,0.4444444444444444,1,18
2,0.18,0.0,0.0,0.0,2,2
3,0.27,0.0,0.0,0.0,3,0
4,0.22,0.0,0.0,0.0,4,0
5,0.27,0.536,0.7127659574468085,0.42948717948717946,5,156
6,0.29,0.0,0.0,0.0,6,2
7,0.07,0.0,0.0,0.0,7,3
