,threshold,f_measure,precision,recall,instrument_idx,num_of_occ
0,0.07,0.16666666666666669,0.09090909090909091,1.0,0,6
1,0.29,0.0,0.0,0.0,1,0
2,0.18,0.0,0.0,0.0,2,0
3,0.27,0.30463576158940403,0.36507936507936506,0.26136363636363635,3,88
4,0.22,0.0,0.0,0.0,4,1
5,0.27,0.0,0.0,0.0,5,0
6,0.29,0.0,0.0,0.0,6,13
7,0.07,0.024096385542168676,1.0,0.012195121951219513,7,82
