,threshold,f_measure,precision,recall,instrument_idx,num_of_occ
0,0.07,0.19654714475431612,0.15513626834381553,0.26811594202898553,0,276
1,0.29,0.21808510638297873,0.2808219178082192,0.1782608695652174,1,230
2,0.18,0.0,0.0,0.0,2,9
3,0.27,0.010810810810810811,0.015625,0.008264462809917356,3,121
4,0.22,0.0625,1.0,0.03225806451612903,4,31
5,0.27,0.42635658914728686,0.5116279069767442,0.3654485049833887,5,603
6,0.29,0.0,0.0,0.0,6,1
7,0.07,0.0,0.0,0.0,7,1
