,threshold,f_measure,precision,recall,instrument_idx,num_of_occ
0,0.07,0.15384615384615385,0.12623762376237624,0.1969111969111969,0,259
1,0.29,0.45635910224438897,0.5462686567164179,0.39186295503211993,1,935
2,0.18,0.0,0.0,0.0,2,0
3,0.27,0.0,0.0,0.0,3,0
4,0.22,0.0,0.0,0.0,4,0
5,0.27,0.010695187165775402,0.011363636363636364,0.010101010101010102,5,99
6,0.29,0.0,0.0,0.0,6,0
7,0.07,0.0,0.0,0.0,7,0
