,threshold,f_measure,precision,recall,instrument_idx,num_of_occ
0,0.07,0.543859649122807,0.4217687074829932,0.7654320987654321,0,81
1,0.29,0.4276729559748428,0.6071428571428571,0.3300970873786408,1,103
2,0.18,0.0,0.0,0.0,2,1
3,0.27,0.0,0.0,0.0,3,0
4,0.22,0.0,0.0,0.0,4,15
5,0.27,0.48275862068965514,0.6125,0.3983739837398374,5,123
6,0.29,0.0,0.0,0.0,6,0
7,0.07,0.0,0.0,0.0,7,0
