,threshold,f_measure,precision,recall,instrument_idx,num_of_occ
0,0.07,0.20553359683794464,0.17687074829931973,0.24528301886792453,0,107
1,0.29,0.3548387096774194,0.39461883408071746,0.32234432234432236,1,273
2,0.18,0.0,0.0,0.0,2,8
3,0.27,0.0,0.0,0.0,3,3
4,0.22,0.0,0.0,0.0,4,12
5,0.27,0.24814814814814812,0.2815126050420168,0.22185430463576158,5,303
6,0.29,0.0,0.0,0.0,6,0
7,0.07,0.0,0.0,0.0,7,0
