,threshold,f_measure,precision,recall,instrument_idx,num_of_occ
0,0.07,0.6818181818181819,0.5172413793103449,1.0,0,15
1,0.29,1.0,1.0,1.0,1,9
2,0.18,0.0,0.0,0.0,2,0
3,0.27,0.0,0.0,0.0,3,0
4,0.22,0.0,0.0,0.0,4,7
5,0.27,0.7567567567567567,0.7924528301886793,0.7241379310344828,5,58
6,0.29,0.0,0.0,0.0,6,0
7,0.07,0.0,0.0,0.0,7,0
