,threshold,f_measure,precision,recall,instrument_idx,num_of_occ
0,0.07,0.1400437636761488,0.14414414414414414,0.13617021276595745,0,236
1,0.29,0.2746781115879829,0.3076923076923077,0.24806201550387597,1,129
2,0.18,0.0,0.0,0.0,2,6
3,0.27,0.0,0.0,0.0,3,5
4,0.22,0.0,0.0,0.0,4,24
5,0.27,0.4121687929342493,0.4439746300211416,0.38461538461538464,5,547
6,0.29,0.0,0.0,0.0,6,2
7,0.07,0.0,0.0,0.0,7,2
