,threshold,f_measure,precision,recall,instrument_idx,num_of_occ
0,0.07,0.6849315068493151,0.5434782608695652,0.9259259259259259,0,27
1,0.29,0.7441860465116279,0.7619047619047619,0.7272727272727273,1,22
2,0.18,0.0,0.0,0.0,2,0
3,0.27,0.0,0.0,0.0,3,0
4,0.22,0.0,0.0,0.0,4,5
5,0.27,0.6071428571428571,0.85,0.4722222222222222,5,36
6,0.29,0.0,0.0,0.0,6,0
7,0.07,0.0,0.0,0.0,7,0
