,threshold,f_measure,precision,recall,instrument_idx,num_of_occ
0,0.07,0.45733788395904434,0.3641304347826087,0.6146788990825688,0,109
1,0.29,0.27692307692307694,0.2647058823529412,0.2903225806451613,1,31
2,0.18,0.0,0.0,0.0,2,0
3,0.27,0.0,0.0,0.0,3,0
4,0.22,0.0,0.0,0.0,4,0
5,0.27,0.486646884272997,0.49101796407185627,0.4823529411764706,5,170
6,0.29,0.0,0.0,0.0,6,0
7,0.07,0.0,0.0,0.0,7,3
