,threshold,f_measure,precision,recall,instrument_idx,num_of_occ
0,0.07,0.0,0.0,0.0,0,0
1,0.29,0.6666666666666666,0.7142857142857143,0.625,1,8
2,0.18,0.0,0.0,0.0,2,1
3,0.27,0.0,0.0,0.0,3,0
4,0.22,0.5,1.0,0.3333333333333333,4,3
5,0.27,0.7755102040816326,0.8260869565217391,0.7307692307692307,5,79
6,0.29,0.0,0.0,0.0,6,1
7,0.07,0.0,0.0,0.0,7,1
