,threshold,f_measure,precision,recall,instrument_idx,num_of_occ
0,0.07,0.5,0.5614035087719298,0.4507042253521127,0,71
1,0.29,0.34636871508379885,0.5636363636363636,0.25,1,124
2,0.18,0.0,0.0,0.0,2,0
3,0.27,0.0,0.0,0.0,3,0
4,0.22,0.0,0.0,0.0,4,10
5,0.27,0.5384615384615385,0.5343511450381679,0.5426356589147286,5,129
6,0.29,0.0,0.0,0.0,6,0
7,0.07,0.0,0.0,0.0,7,0
