,threshold,f_measure,precision,recall,instrument_idx,num_of_occ
0,0.07,0.8235294117647058,0.7,1.0,0,14
1,0.29,0.8571428571428571,1.0,0.75,1,8
2,0.18,0.0,0.0,0.0,2,2
3,0.27,0.0,0.0,0.0,3,0
4,0.22,0.0,0.0,0.0,4,2
5,0.27,0.8266666666666667,0.8857142857142857,0.775,5,40
6,0.29,0.0,0.0,0.0,6,0
7,0.07,0.0,0.0,0.0,7,0
