,threshold,f_measure,precision,recall,instrument_idx,num_of_occ
0,0.07,0.1290909090909091,0.14549180327868852,0.11601307189542484,0,612
1,0.29,0.3543165467625899,0.40451745379876797,0.3152,1,625
2,0.18,0.0,0.0,0.0,2,38
3,0.27,0.0,0.0,0.0,3,2
4,0.22,0.0,0.0,0.0,4,1
5,0.27,0.1769436997319035,0.176,0.1778975741239892,5,371
6,0.29,0.008032128514056226,0.14285714285714285,0.004132231404958678,6,242
7,0.07,0.014184397163120567,0.03773584905660377,0.008733624454148471,7,229
