,threshold,f_measure,precision,recall,instrument_idx,num_of_occ
0,0.07,0.13376835236541598,0.0951276102088167,0.22527472527472528,0,182
1,0.29,0.07665505226480837,0.10476190476190476,0.06043956043956044,1,182
2,0.18,0.0,0.0,0.0,2,27
3,0.27,0.17073170731707318,0.45161290322580644,0.10526315789473684,3,266
4,0.22,0.0,0.0,0.0,4,19
5,0.27,0.1569767441860465,0.1875,0.135,5,200
6,0.29,0.0,0.0,0.0,6,0
7,0.07,0.0,0.0,0.0,7,18
