,threshold,f_measure,precision,recall,instrument_idx,num_of_occ
0,0.07,0.6260869565217392,0.47368421052631576,0.9230769230769231,0,40
1,0.29,0.6779661016949152,0.7407407407407407,0.625,1,32
2,0.18,0.0,0.0,0.0,2,3
3,0.27,0.0,0.0,0.0,3,0
4,0.22,0.0,0.0,0.0,4,2
5,0.27,0.7381974248927038,0.9052631578947369,0.6231884057971014,5,139
6,0.29,0.0,0.0,0.0,6,1
7,0.07,0.0,0.0,0.0,7,0
