,threshold,f_measure,precision,recall,instrument_idx,num_of_occ
0,0.07,0.3139820114472608,0.23940149625935161,0.45605700712589076,0,421
1,0.29,0.19248826291079812,0.23163841807909605,0.1646586345381526,1,249
2,0.18,0.0,0.0,0.0,2,43
3,0.27,0.2184873949579832,0.40625,0.14942528735632185,3,87
4,0.22,0.0,0.0,0.0,4,79
5,0.27,0.15434083601286175,0.18604651162790697,0.13186813186813187,5,182
6,0.29,0.0,0.0,0.0,6,0
7,0.07,0.0,0.0,0.0,7,3
