,threshold,f_measure,precision,recall,instrument_idx,num_of_occ
0,0.07,0.16237623762376238,0.12023460410557185,0.25,0,328
1,0.29,0.2774390243902439,0.2852664576802508,0.27002967359050445,1,337
2,0.18,0.0,0.0,0.0,2,37
3,0.27,0.0547945205479452,0.06666666666666667,0.046511627906976744,3,86
4,0.22,0.0,0.0,0.0,4,47
5,0.27,0.05466970387243735,0.04597701149425287,0.06741573033707865,5,178
6,0.29,0.03076923076923077,1.0,0.015625,6,64
7,0.07,0.014705882352941176,0.03225806451612903,0.009523809523809525,7,105
