,threshold,f_measure,precision,recall,instrument_idx,num_of_occ
0,0.07,0.6415094339622641,0.4857142857142857,0.9444444444444444,0,18
1,0.29,0.9655172413793104,1.0,0.9333333333333333,1,15
2,0.18,0.0,0.0,0.0,2,3
3,0.27,0.0,0.0,0.0,3,0
4,0.22,0.0,0.0,0.0,4,5
5,0.27,0.6363636363636364,0.9333333333333333,0.4827586206896552,5,29
6,0.29,0.0,0.0,0.0,6,0
7,0.07,0.0,0.0,0.0,7,0
