,threshold,f_measure,precision,recall,instrument_idx,num_of_occ
0,0.07,0.17879053461875546,0.14325842696629212,0.23776223776223776,0,429
1,0.29,0.2183708838821491,0.2490118577075099,0.19444444444444445,1,324
2,0.18,0.0,0.0,0.0,2,13
3,0.27,0.2011173184357542,0.2535211267605634,0.16666666666666666,3,108
4,0.22,0.0,0.0,0.0,4,68
5,0.27,0.18374558303886926,0.23214285714285715,0.15204678362573099,5,342
6,0.29,0.0,0.0,0.0,6,9
7,0.07,0.0,0.0,0.0,7,2
