,threshold,f_measure,precision,recall,instrument_idx,num_of_occ
0,0.07,0.24752475247524755,0.16447368421052633,0.5,0,50
1,0.29,0.044444444444444446,0.022727272727272728,1.0,1,1
2,0.18,0.0,0.0,0.0,2,0
3,0.27,0.3399558498896247,0.47530864197530864,0.2646048109965636,3,291
4,0.22,0.0,0.0,0.0,4,0
5,0.27,0.0,0.0,0.0,5,0
6,0.29,0.0,0.0,0.0,6,34
7,0.07,0.0,0.0,0.0,7,19
