,threshold,f_measure,precision,recall,instrument_idx,num_of_occ
0,0.07,0.3333333333333333,0.2222222222222222,0.6666666666666666,0,3
1,0.29,0.8333333333333334,0.9375,0.75,1,20
2,0.18,0.0,0.0,0.0,2,0
3,0.27,0.0,0.0,0.0,3,0
4,0.22,0.0,0.0,0.0,4,0
5,0.27,0.0,0.0,0.0,5,0
6,0.29,0.0,0.0,0.0,6,1
7,0.07,0.0,0.0,0.0,7,5
