,threshold,f_measure,precision,recall,instrument_idx,num_of_occ
0,0.07,0.19828641370869032,0.1723404255319149,0.2334293948126801,0,348
1,0.29,0.34246575342465757,0.4570383912248629,0.2738225629791895,1,913
2,0.18,0.0,0.0,0.0,2,11
3,0.27,0.06666666666666667,0.043478260869565216,0.14285714285714285,3,7
4,0.22,0.016260162601626018,0.14285714285714285,0.008620689655172414,4,116
5,0.27,0.2834170854271357,0.4147058823529412,0.2152671755725191,5,655
6,0.29,0.0,0.0,0.0,6,14
7,0.07,0.0851063829787234,0.07692307692307693,0.09523809523809523,7,21
