,threshold,f_measure,precision,recall,instrument_idx,num_of_occ
0,0.07,0.20454545454545459,0.15894039735099338,0.2868525896414343,0,251
1,0.29,0.14410480349344978,0.17647058823529413,0.12177121771217712,1,271
2,0.18,0.0,0.0,0.0,2,8
3,0.27,0.19230769230769232,0.4,0.12658227848101267,3,237
4,0.22,0.07619047619047618,0.8,0.04,4,100
5,0.27,0.1928665785997358,0.2166172106824926,0.1738095238095238,5,420
6,0.29,0.0,0.0,0.0,6,0
7,0.07,0.0,0.0,0.0,7,17
