,threshold,f_measure,precision,recall,instrument_idx,num_of_occ
0,0.07,0.2592804111936037,0.2078754578754579,0.34446130500758726,0,659
1,0.29,0.3253333333333333,0.3489702517162471,0.3046953046953047,1,1001
2,0.18,0.0,0.0,0.0,2,22
3,0.27,0.04687499999999999,0.08823529411764706,0.031914893617021274,3,94
4,0.22,0.0,0.0,0.0,4,32
5,0.27,0.32149200710479575,0.3358070500927644,0.3083475298126065,5,1175
6,0.29,0.0,0.0,0.0,6,0
7,0.07,0.022727272727272728,0.3055555555555556,0.011802575107296138,7,932
