,threshold,f_measure,precision,recall,instrument_idx,num_of_occ
0,0.07,0.6666666666666666,0.52,0.9285714285714286,0,29
1,0.29,0.65625,0.7777777777777778,0.5675675675675675,1,37
2,0.18,0.0,0.0,0.0,2,2
3,0.27,0.0,0.0,0.0,3,0
4,0.22,0.0,0.0,0.0,4,0
5,0.27,0.776978417266187,0.9473684210526315,0.6585365853658537,5,82
6,0.29,0.0,0.0,0.0,6,4
7,0.07,0.0,0.0,0.0,7,5
