,threshold,f_measure,precision,recall,instrument_idx,num_of_occ
0,0.07,0.7012987012987012,0.5510204081632653,0.9642857142857143,0,28
1,0.29,0.8947368421052632,1.0,0.8095238095238095,1,21
2,0.18,0.0,0.0,0.0,2,0
3,0.27,0.0,0.0,0.0,3,0
4,0.22,0.6666666666666666,1.0,0.5,4,2
5,0.27,0.8571428571428572,0.9574468085106383,0.7758620689655172,5,58
6,0.29,0.0,0.0,0.0,6,0
7,0.07,0.0,0.0,0.0,7,1
