,threshold,f_measure,precision,recall,instrument_idx,num_of_occ
0,0.07,0.7307692307692308,0.5757575757575758,1.0,0,19
1,0.29,0.8148148148148148,0.6875,1.0,1,11
2,0.18,0.0,0.0,0.0,2,2
3,0.27,0.0,0.0,0.0,3,0
4,0.22,0.0,0.0,0.0,4,0
5,0.27,0.7547169811320754,0.8695652173913043,0.6666666666666666,5,30
6,0.29,0.0,0.0,0.0,6,0
7,0.07,0.0,0.0,0.0,7,0
