,threshold,f_measure,precision,recall,instrument_idx,num_of_occ
0,0.07,0.2891566265060241,0.34285714285714286,0.25,0,97
1,0.29,0.3928571428571428,0.4230769230769231,0.36666666666666664,1,30
2,0.18,0.0,0.0,0.0,2,0
3,0.27,0.0,0.0,0.0,3,0
4,0.22,0.0,0.0,0.0,4,0
5,0.27,0.5531914893617021,0.5603448275862069,0.5462184873949579,5,120
6,0.29,0.0,0.0,0.0,6,0
7,0.07,0.0,0.0,0.0,7,0
