,threshold,f_measure,precision,recall,instrument_idx,num_of_occ
0,0.07,0.33944954128440363,0.25517241379310346,0.5068493150684932,0,73
1,0.29,0.24489795918367344,0.2857142857142857,0.21428571428571427,1,56
2,0.18,0.0,0.0,0.0,2,8
3,0.27,0.0,0.0,0.0,3,0
4,0.22,0.0,0.0,0.0,4,17
5,0.27,0.33962264150943394,0.37815126050420167,0.3082191780821918,5,146
6,0.29,0.0,0.0,0.0,6,0
7,0.07,0.0,0.0,0.0,7,0
