,threshold,f_measure,precision,recall,instrument_idx,num_of_occ
0,0.07,0.2222222222222222,0.16666666666666666,0.3333333333333333,0,3
1,0.29,0.6451612903225806,0.8333333333333334,0.5263157894736842,1,19
2,0.18,0.0,0.0,0.0,2,0
3,0.27,0.0,0.0,0.0,3,0
4,0.22,0.0,0.0,0.0,4,0
5,0.27,0.18181818181818182,0.1,1.0,5,1
6,0.29,0.0,0.0,0.0,6,3
7,0.07,0.0,0.0,0.0,7,5
