,threshold,f_measure,precision,recall,instrument_idx,num_of_occ
0,0.07,0.20459290187891438,0.15030674846625766,0.3202614379084967,0,153
1,0.29,0.2217898832684825,0.2753623188405797,0.18566775244299674,1,307
2,0.18,0.0,0.0,0.0,2,15
3,0.27,0.10443864229765012,0.32786885245901637,0.062111801242236024,3,322
4,0.22,0.0,0.0,0.0,4,3
5,0.27,0.2193211488250653,0.19718309859154928,0.24705882352941178,5,170
6,0.29,0.0,0.0,0.0,6,1
7,0.07,0.06451612903225805,0.045454545454545456,0.1111111111111111,7,18
