,threshold,f_measure,precision,recall,instrument_idx,num_of_occ
0,0.07,0.13760603204524033,0.16367713004484305,0.11869918699186992,0,616
1,0.29,0.4505899705014749,0.5926285160038798,0.3634741225461035,1,1681
2,0.18,0.0,0.0,0.0,2,22
3,0.27,0.0,0.0,0.0,3,6
4,0.22,0.0,0.0,0.0,4,2
5,0.27,0.11678832116788322,0.12355212355212356,0.11072664359861592,5,289
6,0.29,0.028169014084507043,0.14285714285714285,0.015625,6,64
7,0.07,0.07947019867549669,0.1276595744680851,0.057692307692307696,7,104
