,threshold,f_measure,precision,recall,instrument_idx,num_of_occ
0,0.07,0.17084282460136677,0.13134851138353765,0.24429967426710097,0,307
1,0.29,0.17288801571709234,0.18723404255319148,0.16058394160583941,1,274
2,0.18,0.0,0.0,0.0,2,25
3,0.27,0.18823529411764703,0.32,0.13333333333333333,3,240
4,0.22,0.0,0.0,0.0,4,21
5,0.27,0.2154566744730679,0.2822085889570552,0.17424242424242425,5,264
6,0.29,0.0,0.0,0.0,6,8
7,0.07,0.0,0.0,0.0,7,9
