,threshold,f_measure,precision,recall,instrument_idx,num_of_occ
0,0.07,0.19376391982182625,0.14846416382252559,0.27884615384615385,0,312
1,0.29,0.2747111681643132,0.2708860759493671,0.2786458333333333,1,384
2,0.18,0.07407407407407407,0.3333333333333333,0.041666666666666664,2,24
3,0.27,0.04705882352941177,0.05084745762711865,0.043795620437956206,3,137
4,0.22,0.06060606060606061,0.23076923076923078,0.03488372093023256,4,86
5,0.27,0.20564516129032256,0.2602040816326531,0.17,5,300
6,0.29,0.0,0.0,0.0,6,22
7,0.07,0.02758620689655172,0.0425531914893617,0.02040816326530612,7,98
