,threshold,f_measure,precision,recall,instrument_idx,num_of_occ
0,0.07,0.5985401459854015,0.45054945054945056,0.8913043478260869,0,46
1,0.29,0.7999999999999999,0.875,0.7368421052631579,1,38
2,0.18,0.04166666666666667,1.0,0.02127659574468085,2,48
3,0.27,0.0,0.0,0.0,3,1
4,0.22,0.0,0.0,0.0,4,0
5,0.27,0.13333333333333333,0.3,0.08571428571428572,5,35
6,0.29,0.0,0.0,0.0,6,3
7,0.07,0.08333333333333334,0.06666666666666667,0.1111111111111111,7,9
