,threshold,f_measure,precision,recall,instrument_idx,num_of_occ
0,0.07,0.3759398496240602,0.28901734104046245,0.5376344086021505,0,93
1,0.29,0.431266846361186,0.47904191616766467,0.39215686274509803,1,204
2,0.18,0.3333333333333333,0.5,0.25,2,4
3,0.27,0.0,0.0,0.0,3,0
4,0.22,0.0,0.0,0.0,4,35
5,0.27,0.3113456464379947,0.37341772151898733,0.2669683257918552,5,221
6,0.29,0.0,0.0,0.0,6,2
7,0.07,0.0,0.0,0.0,7,4
