,threshold,f_measure,precision,recall,instrument_idx,num_of_occ
0,0.07,0.6428571428571429,0.47368421052631576,1.0,0,9
1,0.29,0.8571428571428571,1.0,0.75,1,4
2,0.18,0.0,0.0,0.0,2,0
3,0.27,0.0,0.0,0.0,3,0
4,0.22,1.0,1.0,1.0,4,1
5,0.27,0.8888888888888888,0.9411764705882353,0.8421052631578947,5,20
6,0.29,0.0,0.0,0.0,6,0
7,0.07,0.0,0.0,0.0,7,0
