,threshold,f_measure,precision,recall,instrument_idx,num_of_occ
0,0.07,0.5208333333333333,0.3875968992248062,0.7936507936507936,0,63
1,0.29,0.6153846153846154,0.6153846153846154,0.6153846153846154,1,39
2,0.18,0.0,0.0,0.0,2,3
3,0.27,0.3699421965317919,0.6274509803921569,0.26229508196721313,3,122
4,0.22,0.0,0.0,0.0,4,1
5,0.27,0.05882352941176471,0.030303030303030304,1.0,5,1
6,0.29,0.0,0.0,0.0,6,1
7,0.07,0.0,0.0,0.0,7,1
