,threshold,f_measure,precision,recall,instrument_idx,num_of_occ
0,0.07,0.1933701657458564,0.17412935323383086,0.21739130434782608,0,161
1,0.29,0.41129032258064513,0.5,0.3493150684931507,1,146
2,0.18,0.0,0.0,0.0,2,31
3,0.27,0.1038961038961039,0.13114754098360656,0.08602150537634409,3,93
4,0.22,0.0,0.0,0.0,4,28
5,0.27,0.3502824858757062,0.43356643356643354,0.2938388625592417,5,211
6,0.29,0.0,0.0,0.0,6,8
7,0.07,0.0,0.0,0.0,7,9
