,threshold,f_measure,precision,recall,instrument_idx,num_of_occ
0,0.07,0.25,0.2111650485436893,0.30633802816901406,0,284
1,0.29,0.3288973384030418,0.4625668449197861,0.2551622418879056,1,678
2,0.18,0.0,0.0,0.0,2,11
3,0.27,0.0,0.0,0.0,3,4
4,0.22,0.010256410256410256,1.0,0.005154639175257732,4,194
5,0.27,0.37979094076655057,0.42330097087378643,0.344391785150079,5,633
6,0.29,0.0,0.0,0.0,6,3
7,0.07,0.20689655172413793,0.15789473684210525,0.3,7,10
