,threshold,f_measure,precision,recall,instrument_idx,num_of_occ
0,0.07,0.7272727272727274,0.5882352941176471,0.9523809523809523,0,42
1,0.29,0.923076923076923,0.8823529411764706,0.967741935483871,1,31
2,0.18,0.0,0.0,0.0,2,0
3,0.27,0.5739130434782609,0.9428571428571428,0.4125,3,81
4,0.22,0.0,0.0,0.0,4,1
5,0.27,0.0,0.0,0.0,5,0
6,0.29,0.0,0.0,0.0,6,1
7,0.07,0.0,0.0,0.0,7,2
