,threshold,f_measure,precision,recall,instrument_idx
1,0.27,0.842419716206124,0.746031746031746,0.967409948542024,1.0
3,0.08,0.03636363636363636,0.018518518518518517,1.0,3.0
5,0.21,0.7183098591549296,0.5795454545454546,0.9444444444444444,5.0
6,0.08,0.017391304347826087,1.0,0.008771929824561403,6.0
7,0.08,0.014084507042253523,0.25,0.007246376811594203,7.0
