,threshold,f_measure,precision,recall,instrument_idx,num_of_occ
0,0.07,0.13761467889908258,0.10471204188481675,0.20066889632107024,0,300
1,0.29,0.45420326223337515,0.6073825503355704,0.3627254509018036,1,999
2,0.18,0.0,0.0,0.0,2,2
3,0.27,0.0,0.0,0.0,3,62
4,0.22,0.0,0.0,0.0,4,3
5,0.27,0.11646586345381528,0.11983471074380166,0.11328125,5,256
6,0.29,0.0,0.0,0.0,6,0
7,0.07,0.0,0.0,0.0,7,10
