,threshold,f_measure,precision,recall,instrument_idx,num_of_occ
0,0.07,0.1679012345679012,0.19883040935672514,0.1452991452991453,0,234
1,0.29,0.5467552376085846,0.5771305285868392,0.5194174757281553,1,1031
2,0.18,0.0,0.0,0.0,2,0
3,0.27,0.0,0.0,0.0,3,0
4,0.22,0.0,0.0,0.0,4,0
5,0.27,0.12774451097804393,0.24427480916030533,0.08648648648648649,5,370
6,0.29,0.0,0.0,0.0,6,0
7,0.07,0.0,0.0,0.0,7,0
