,threshold,f_measure,precision,recall,instrument_idx,num_of_occ
0,0.07,0.011428571428571429,0.00980392156862745,0.0136986301369863,0,73
1,0.29,0.33093525179856115,0.32857142857142857,0.3333333333333333,1,69
2,0.18,0.0,0.0,0.0,2,3
3,0.27,0.0,0.0,0.0,3,2
4,0.22,0.0,0.0,0.0,4,23
5,0.27,0.32752613240418116,0.376,0.29012345679012347,5,162
6,0.29,0.0,0.0,0.0,6,1
7,0.07,0.0,0.0,0.0,7,3
