,threshold,f_measure,precision,recall,instrument_idx,num_of_occ
0,0.07,0.21396192203082504,0.17933130699088146,0.2651685393258427,0,445
1,0.29,0.30021141649048627,0.4507936507936508,0.22503961965134706,1,631
2,0.18,0.0,0.0,0.0,2,5
3,0.27,0.13476263399693722,0.41509433962264153,0.08043875685557587,3,547
4,0.22,0.0,0.0,0.0,4,5
5,0.27,0.16699801192842942,0.15441176470588236,0.18181818181818182,5,462
6,0.29,0.0,0.0,0.0,6,4
7,0.07,0.0,0.0,0.0,7,38
