,threshold,f_measure,precision,recall,instrument_idx,num_of_occ
0,0.07,0.34210526315789475,0.2727272727272727,0.4588235294117647,0,86
1,0.29,0.4135802469135802,0.44666666666666666,0.3850574712643678,1,174
2,0.18,0.0,0.0,0.0,2,4
3,0.27,0.0,0.0,0.0,3,0
4,0.22,0.0,0.0,0.0,4,14
5,0.27,0.49921507064364207,0.5353535353535354,0.4676470588235294,5,341
6,0.29,0.0,0.0,0.0,6,0
7,0.07,0.1,0.2,0.06666666666666667,7,15
