,threshold,f_measure,precision,recall,instrument_idx,num_of_occ
0,0.07,0.28886168910648713,0.30256410256410254,0.27634660421545665,0,854
1,0.29,0.25164473684210525,0.6023622047244095,0.15904365904365905,1,962
2,0.18,0.0,0.0,0.0,2,6
3,0.27,0.13970588235294118,0.3352941176470588,0.08823529411764706,3,646
4,0.22,0.0,0.0,0.0,4,76
5,0.27,0.33596214511041006,0.3104956268221574,0.36597938144329895,5,582
6,0.29,0.0,0.0,0.0,6,1
7,0.07,0.0,0.0,0.0,7,38
