,threshold,f_measure,precision,recall,instrument_idx,num_of_occ
0,0.07,0.6779661016949152,0.5128205128205128,1.0,0,20
1,0.29,0.7741935483870968,0.9230769230769231,0.6666666666666666,1,36
2,0.18,0.0,0.0,0.0,2,2
3,0.27,0.4651162790697675,1.0,0.30303030303030304,3,33
4,0.22,0.0,0.0,0.0,4,0
5,0.27,0.2222222222222222,0.3333333333333333,0.16666666666666666,5,12
6,0.29,0.0,0.0,0.0,6,2
7,0.07,0.0,0.0,0.0,7,2
