,threshold,f_measure,precision,recall,instrument_idx,num_of_occ
0,0.07,0.3544715447154472,0.2794871794871795,0.48444444444444446,0,226
1,0.29,0.5059422750424448,0.5302491103202847,0.4837662337662338,1,309
2,0.18,0.0909090909090909,1.0,0.047619047619047616,2,21
3,0.27,0.14159292035398233,0.48484848484848486,0.08290155440414508,3,193
4,0.22,0.0,0.0,0.0,4,25
5,0.27,0.3754385964912281,0.5404040404040404,0.28763440860215056,5,373
6,0.29,0.0,0.0,0.0,6,0
7,0.07,0.0,0.0,0.0,7,0
