,threshold,f_measure,precision,recall,instrument_idx,num_of_occ
0,0.07,0.7297297297297297,0.627906976744186,0.8709677419354839,0,32
1,0.29,0.8387096774193549,0.8666666666666667,0.8125,1,32
2,0.18,0.0,0.0,0.0,2,2
3,0.27,0.0,0.0,0.0,3,0
4,0.22,0.33333333333333337,1.0,0.2,4,5
5,0.27,0.6832298136645962,0.7971014492753623,0.5978260869565217,5,92
6,0.29,0.0,0.0,0.0,6,1
7,0.07,0.22222222222222224,0.14285714285714285,0.5,7,2
