,threshold,f_measure,precision,recall,instrument_idx,num_of_occ
0,0.07,0.2602739726027397,0.31666666666666665,0.22093023255813954,0,87
1,0.29,0.3,0.41379310344827586,0.23529411764705882,1,51
2,0.18,0.0,0.0,0.0,2,0
3,0.27,0.0,0.0,0.0,3,0
4,0.22,0.0,0.0,0.0,4,11
5,0.27,0.319634703196347,0.33980582524271846,0.3017241379310345,5,117
6,0.29,0.0,0.0,0.0,6,0
7,0.07,0.0,0.0,0.0,7,0
