,threshold,f_measure,precision,recall,instrument_idx,num_of_occ
0,0.07,0.8,0.6666666666666666,1.0,0,18
1,0.29,0.46153846153846156,0.75,0.3333333333333333,1,10
2,0.18,0.0,0.0,0.0,2,0
3,0.27,0.0,0.0,0.0,3,0
4,0.22,0.0,0.0,0.0,4,1
5,0.27,0.8536585365853658,0.8974358974358975,0.813953488372093,5,43
6,0.29,0.0,0.0,0.0,6,0
7,0.07,0.0,0.0,0.0,7,4
