,threshold,f_measure,precision,recall,instrument_idx,num_of_occ
0,0.07,0.5454545454545454,0.375,1.0,0,3
1,0.29,0.888888888888889,1.0,0.8,1,5
2,0.18,0.0,0.0,0.0,2,1
3,0.27,0.0,0.0,0.0,3,0
4,0.22,0.0,0.0,0.0,4,2
5,0.27,0.6875000000000001,0.7857142857142857,0.6111111111111112,5,18
6,0.29,0.0,0.0,0.0,6,0
7,0.07,0.0,0.0,0.0,7,0
