,threshold,f_measure,precision,recall,instrument_idx,num_of_occ
0,0.07,0.410958904109589,0.3237410071942446,0.5625,0,81
1,0.29,0.4,0.5,0.3333333333333333,1,99
2,0.18,0.0,0.0,0.0,2,6
3,0.27,0.0,0.0,0.0,3,0
4,0.22,0.2857142857142857,1.0,0.16666666666666666,4,6
5,0.27,0.3879310344827586,0.47368421052631576,0.3284671532846715,5,138
6,0.29,0.0,0.0,0.0,6,4
7,0.07,0.0,0.0,0.0,7,4
