,threshold,f_measure,precision,recall,instrument_idx,num_of_occ
0,0.07,0.7066666666666667,0.5578947368421052,0.9636363636363636,0,56
1,0.29,0.6391752577319588,0.775,0.543859649122807,1,114
2,0.18,0.0,0.0,0.0,2,0
3,0.27,0.0,0.0,0.0,3,0
4,0.22,0.0,0.0,0.0,4,0
5,0.27,0.669172932330827,0.6357142857142857,0.7063492063492064,5,127
6,0.29,0.0,0.0,0.0,6,0
7,0.07,0.0,0.0,0.0,7,0
