,threshold,f_measure,precision,recall,instrument_idx,num_of_occ
0,0.07,0.23225806451612901,0.16981132075471697,0.3673469387755102,0,98
1,0.29,0.45185185185185184,0.4959349593495935,0.41496598639455784,1,147
2,0.18,0.0,0.0,0.0,2,12
3,0.27,0.0,0.0,0.0,3,0
4,0.22,0.0,0.0,0.0,4,1
5,0.27,0.42906574394463665,0.5145228215767634,0.36795252225519287,5,337
6,0.29,0.0,0.0,0.0,6,22
7,0.07,0.1886792452830189,0.2,0.17857142857142858,7,28
