,threshold,f_measure,precision,recall,instrument_idx,num_of_occ
0,0.07,0.2794520547945205,0.2217391304347826,0.37777777777777777,0,135
1,0.29,0.22488038277511962,0.27485380116959063,0.1902834008097166,1,247
2,0.18,0.0,0.0,0.0,2,8
3,0.27,0.0,0.0,0.0,3,0
4,0.22,0.0,0.0,0.0,4,3
5,0.27,0.175,0.224,0.14358974358974358,5,195
6,0.29,0.0,0.0,0.0,6,5
7,0.07,0.0,0.0,0.0,7,8
