,threshold,f_measure,precision,recall,instrument_idx,num_of_occ
0,0.07,0.48888888888888893,0.4330708661417323,0.5612244897959183,0,99
1,0.29,0.2711864406779661,0.38095238095238093,0.21052631578947367,1,38
2,0.18,0.0,0.0,0.0,2,0
3,0.27,0.0,0.0,0.0,3,0
4,0.22,0.0,0.0,0.0,4,0
5,0.27,0.48502994011976047,0.5472972972972973,0.43548387096774194,5,186
6,0.29,0.0,0.0,0.0,6,0
7,0.07,0.0,0.0,0.0,7,0
