,threshold,f_measure,precision,recall,instrument_idx,num_of_occ
0,0.07,0.65,0.5777777777777777,0.7428571428571429,0,35
1,0.29,0.7636363636363638,0.75,0.7777777777777778,1,27
2,0.18,1.0,1.0,1.0,2,1
3,0.27,0.0,0.0,0.0,3,0
4,0.22,0.0,0.0,0.0,4,0
5,0.27,0.3902439024390244,0.3076923076923077,0.5333333333333333,5,15
6,0.29,0.0,0.0,0.0,6,1
7,0.07,0.0,0.0,0.0,7,9
