,threshold,f_measure,precision,recall,instrument_idx,num_of_occ
0,0.07,0.5,0.3333333333333333,1.0,0,3
1,0.29,0.7142857142857143,0.625,0.8333333333333334,1,6
2,0.18,0.0,0.0,0.0,2,3
3,0.27,0.0,0.0,0.0,3,0
4,0.22,0.0,0.0,0.0,4,0
5,0.27,0.0,0.0,0.0,5,0
6,0.29,0.0,0.0,0.0,6,1
7,0.07,0.0,0.0,0.0,7,1
