,threshold,f_measure,precision,recall,instrument_idx,num_of_occ
0,0.07,0.22929936305732485,0.17252396166134185,0.34177215189873417,0,158
1,0.29,0.23717948717948717,0.2890625,0.20108695652173914,1,184
2,0.18,0.0,0.0,0.0,2,6
3,0.27,0.29383886255924174,0.9393939393939394,0.17415730337078653,3,178
4,0.22,0.0,0.0,0.0,4,2
5,0.27,0.2647482014388489,0.27794561933534745,0.25274725274725274,5,364
6,0.29,0.0,0.0,0.0,6,0
7,0.07,0.0,0.0,0.0,7,43
