,threshold,f_measure,precision,recall,instrument_idx,num_of_occ
0,0.07,0.13907284768211922,0.11229946524064172,0.1826086956521739,0,230
1,0.29,0.5489287782281413,0.6493150684931507,0.4754262788365095,1,998
2,0.18,0.0,0.0,0.0,2,0
3,0.27,0.0,0.0,0.0,3,0
4,0.22,0.0,0.0,0.0,4,1
5,0.27,0.1804511278195489,0.21818181818181817,0.15384615384615385,5,78
6,0.29,0.0,0.0,0.0,6,0
7,0.07,0.0,0.0,0.0,7,0
