,threshold,f_measure,precision,recall,instrument_idx,num_of_occ
0,0.07,0.0,0.0,0.0,0,0
1,0.29,0.9615384615384616,0.9615384615384616,0.9615384615384616,1,26
2,0.18,0.0,0.0,0.0,2,0
3,0.27,0.0,0.0,0.0,3,0
4,0.22,0.0,0.0,0.0,4,0
5,0.27,0.0,0.0,0.0,5,0
6,0.29,0.0,0.0,0.0,6,0
7,0.07,0.0,0.0,0.0,7,0
