,threshold,f_measure,precision,recall,instrument_idx,num_of_occ
0,0.07,0.4114285714285714,0.3103448275862069,0.6101694915254238,0,59
1,0.29,0.39263803680981596,0.5245901639344263,0.3137254901960784,1,103
2,0.18,0.0,0.0,0.0,2,0
3,0.27,0.0,0.0,0.0,3,0
4,0.22,0.0,0.0,0.0,4,13
5,0.27,0.4153005464480874,0.4393063583815029,0.39378238341968913,5,193
6,0.29,0.0,0.0,0.0,6,0
7,0.07,0.0,0.0,0.0,7,0
