,threshold,f_measure,precision,recall,instrument_idx,num_of_occ
0,0.07,0.1960264900662252,0.1510204081632653,0.2792452830188679,0,265
1,0.29,0.33675564681724846,0.4581005586592179,0.2662337662337662,1,308
2,0.18,0.0,0.0,0.0,2,39
3,0.27,0.012578616352201259,0.0072992700729927005,0.045454545454545456,3,22
4,0.22,0.021413276231263382,0.4166666666666667,0.01098901098901099,4,455
5,0.27,0.13793103448275862,0.17391304347826086,0.11428571428571428,5,35
6,0.29,0.0,0.0,0.0,6,8
7,0.07,0.09836065573770492,0.05714285714285714,0.35294117647058826,7,17
