,threshold,f_measure,precision,recall,instrument_idx
1,0.27,0.9497148781752204,0.9828326180257511,0.9187562688064193,1.0
5,0.21,0.72636815920398,0.5934959349593496,0.9358974358974359,5.0
