,threshold,f_measure,precision,recall,instrument_idx,num_of_occ
0,0.07,0.20512820512820515,0.1523809523809524,0.3137254901960784,0,103
1,0.29,0.27368421052631575,0.23636363636363636,0.325,1,40
2,0.18,0.0,0.0,0.0,2,10
3,0.27,0.17508417508417506,0.3880597014925373,0.11304347826086956,3,230
4,0.22,0.0,0.0,0.0,4,0
5,0.27,0.21897810218978103,0.234375,0.2054794520547945,5,73
6,0.29,0.0,0.0,0.0,6,0
7,0.07,0.1568627450980392,0.2222222222222222,0.12121212121212122,7,33
