,threshold,f_measure,precision,recall,instrument_idx,num_of_occ
0,0.07,0.46938775510204084,0.4144144144144144,0.5411764705882353,0,85
1,0.29,0.3407407407407408,0.32857142857142857,0.35384615384615387,1,65
2,0.18,0.0,0.0,0.0,2,1
3,0.27,0.28571428571428575,0.5,0.2,3,10
4,0.22,0.0,0.0,0.0,4,0
5,0.27,0.09375,0.05660377358490566,0.2727272727272727,5,11
6,0.29,0.0,0.0,0.0,6,22
7,0.07,0.0,0.0,0.0,7,18
