,threshold,f_measure,precision,recall,instrument_idx,num_of_occ
0,0.07,0.16442953020134227,0.4117647058823529,0.10272536687631027,0,477
1,0.29,0.576595744680851,0.7687943262411348,0.46127659574468083,1,1175
2,0.18,0.0,0.0,0.0,2,2
3,0.27,0.0,0.0,0.0,3,0
4,0.22,0.0,0.0,0.0,4,2
5,0.27,0.14925373134328354,0.28735632183908044,0.10080645161290322,5,248
6,0.29,0.0,0.0,0.0,6,8
7,0.07,0.03636363636363637,0.03225806451612903,0.041666666666666664,7,24
