,threshold,f_measure,precision,recall,instrument_idx,num_of_occ
0,0.07,0.225201072386059,0.17427385892116182,0.3181818181818182,0,132
1,0.29,0.20769230769230768,0.225,0.19285714285714287,1,140
2,0.18,0.0,0.0,0.0,2,2
3,0.27,0.10169491525423728,0.24,0.06451612903225806,3,93
4,0.22,0.0,0.0,0.0,4,8
5,0.27,0.3856041131105399,0.336322869955157,0.45180722891566266,5,166
6,0.29,0.0,0.0,0.0,6,1
7,0.07,0.0,0.0,0.0,7,8
