,threshold,f_measure,precision,recall,instrument_idx,num_of_occ
0,0.07,0.26424870466321243,0.2170212765957447,0.33774834437086093,0,151
1,0.29,0.2745098039215686,0.26582278481012656,0.28378378378378377,1,74
2,0.18,0.0,0.0,0.0,2,8
3,0.27,0.0,0.0,0.0,3,0
4,0.22,0.0,0.0,0.0,4,8
5,0.27,0.4447717231222386,0.5852713178294574,0.3586698337292161,5,421
6,0.29,0.0,0.0,0.0,6,1
7,0.07,0.25,0.25,0.25,7,4
