,threshold,f_measure,precision,recall,instrument_idx,num_of_occ
0,0.07,0.6037735849056604,0.4485981308411215,0.9230769230769231,0,52
1,0.29,0.7843137254901961,0.7843137254901961,0.7843137254901961,1,51
2,0.18,0.0,0.0,0.0,2,1
3,0.27,0.0,0.0,0.0,3,0
4,0.22,0.0,0.0,0.0,4,7
5,0.27,0.7479224376731302,0.8282208588957055,0.6818181818181818,5,198
6,0.29,0.0,0.0,0.0,6,0
7,0.07,0.0,0.0,0.0,7,0
