,threshold,f_measure,precision,recall,instrument_idx,num_of_occ
0,0.07,0.4452296819787986,0.3387096774193548,0.6494845360824743,0,97
1,0.29,0.3373493975903614,0.5957446808510638,0.23529411764705882,1,119
2,0.18,0.0,0.0,0.0,2,92
3,0.27,0.0,0.0,0.0,3,0
4,0.22,0.0,0.0,0.0,4,0
5,0.27,0.046511627906976744,0.3333333333333333,0.025,5,40
6,0.29,0.0,0.0,0.0,6,12
7,0.07,0.1777777777777778,0.1,0.8,7,5
