,threshold,f_measure,precision,recall,instrument_idx,num_of_occ
0,0.07,0.2140845070422535,0.17674418604651163,0.2714285714285714,0,280
1,0.29,0.2851919561243144,0.39,0.22478386167146974,1,694
2,0.18,0.0,0.0,0.0,2,6
3,0.27,0.18840579710144928,0.2765957446808511,0.14285714285714285,3,91
4,0.22,0.03174603174603175,0.2222222222222222,0.017094017094017096,4,117
5,0.27,0.21293800539083557,0.3062015503875969,0.16322314049586778,5,484
6,0.29,0.0,0.0,0.0,6,6
7,0.07,0.0,0.0,0.0,7,3
