,threshold,f_measure,precision,recall,instrument_idx,num_of_occ
0,0.07,0.5423728813559322,0.4,0.8421052631578947,0,19
1,0.29,0.4,0.32608695652173914,0.5172413793103449,1,29
2,0.18,0.0,0.0,0.0,2,2
3,0.27,0.0,0.0,0.0,3,2
4,0.22,0.0,0.0,0.0,4,1
5,0.27,0.13043478260869562,0.09375,0.21428571428571427,5,14
6,0.29,0.06451612903225806,1.0,0.03333333333333333,6,30
7,0.07,0.11111111111111109,0.375,0.06521739130434782,7,46
