,threshold,f_measure,precision,recall,instrument_idx,num_of_occ
0,0.07,0.1849148418491484,0.19095477386934673,0.1792452830188679,0,212
1,0.29,0.20783132530120482,0.2911392405063291,0.16159250585480095,1,427
2,0.18,0.0,0.0,0.0,2,12
3,0.27,0.13664596273291924,0.38596491228070173,0.0830188679245283,3,265
4,0.22,0.0,0.0,0.0,4,3
5,0.27,0.16359918200409,0.21739130434782608,0.13114754098360656,5,305
6,0.29,0.0,0.0,0.0,6,16
7,0.07,0.061538461538461535,0.04878048780487805,0.08333333333333333,7,24
