,threshold,f_measure,precision,recall,instrument_idx,num_of_occ
0,0.07,0.4444444444444445,0.2857142857142857,1.0,0,5
1,0.29,0.9,0.8181818181818182,1.0,1,9
2,0.18,0.0,0.0,0.0,2,5
3,0.27,0.0,0.0,0.0,3,0
4,0.22,0.0,0.0,0.0,4,0
5,0.27,0.0,0.0,0.0,5,0
6,0.29,0.0,0.0,0.0,6,1
7,0.07,0.0,0.0,0.0,7,1
