,threshold,f_measure,precision,recall,instrument_idx,num_of_occ
0,0.07,0.06956521739130435,0.04929577464788732,0.11814345991561181,0,237
1,0.29,0.2778904665314402,0.3374384236453202,0.23620689655172414,1,581
2,0.18,0.0,0.0,0.0,2,3
3,0.27,0.22911694510739858,0.375,0.16494845360824742,3,291
4,0.22,0.0,0.0,0.0,4,0
5,0.27,0.16934619506966772,0.16322314049586778,0.1759465478841871,5,449
6,0.29,0.0,0.0,0.0,6,0
7,0.07,0.0125,0.03333333333333333,0.007692307692307693,7,130
