,threshold,f_measure,precision,recall,instrument_idx,num_of_occ
0,0.07,0.28923076923076924,0.21962616822429906,0.42342342342342343,0,112
1,0.29,0.4193548387096775,0.52,0.35135135135135137,1,148
2,0.18,0.0,0.0,0.0,2,6
3,0.27,0.0,0.0,0.0,3,0
4,0.22,0.0,0.0,0.0,4,11
5,0.27,0.23631123919308358,0.30597014925373134,0.19248826291079812,5,213
6,0.29,0.0,0.0,0.0,6,2
7,0.07,0.16666666666666666,0.1111111111111111,0.3333333333333333,7,3
