,threshold,f_measure,precision,recall,instrument_idx,num_of_occ
0,0.07,0.14299153339604892,0.11292719167904904,0.19487179487179487,0,390
1,0.29,0.16558861578266496,0.1844380403458213,0.15023474178403756,1,426
2,0.18,0.0,0.0,0.0,2,26
3,0.27,0.011428571428571429,0.0196078431372549,0.008064516129032258,3,124
4,0.22,0.013071895424836602,0.2,0.006756756756756757,4,148
5,0.27,0.22628951747088186,0.34,0.16957605985037408,5,401
6,0.29,0.0,0.0,0.0,6,2
7,0.07,0.05555555555555555,0.037037037037037035,0.1111111111111111,7,9
