,threshold,f_measure,precision,recall,instrument_idx,num_of_occ
0,0.07,0.08256880733944955,0.05027932960893855,0.23076923076923078,0,78
1,0.29,0.10796915167095114,0.11413043478260869,0.1024390243902439,1,205
2,0.18,0.0,0.0,0.0,2,0
3,0.27,0.2814645308924485,0.3161953727506427,0.2536082474226804,3,485
4,0.22,0.0,0.0,0.0,4,0
5,0.27,0.15942028985507248,0.18803418803418803,0.13836477987421383,5,159
6,0.29,0.03508771929824561,0.08695652173913043,0.02197802197802198,6,91
7,0.07,0.0,0.0,0.0,7,1
