,threshold,f_measure,precision,recall,instrument_idx,num_of_occ
0,0.07,0.12359550561797752,0.13134328358208955,0.11671087533156499,0,377
1,0.29,0.24600938967136154,0.36187845303867405,0.18634423897581792,1,703
2,0.18,0.0,0.0,0.0,2,17
3,0.27,0.0,0.0,0.0,3,0
4,0.22,0.0,0.0,0.0,4,245
5,0.27,0.2527716186252772,0.22178988326848248,0.29381443298969073,5,389
6,0.29,0.0,0.0,0.0,6,13
7,0.07,0.0,0.0,0.0,7,28
