,threshold,f_measure,precision,recall,instrument_idx,num_of_occ
0,0.07,0.028169014084507043,0.019230769230769232,0.05263157894736842,0,19
1,0.29,0.3636363636363636,0.35294117647058826,0.375,1,32
2,0.18,0.0,0.0,0.0,2,2
3,0.27,0.5538461538461539,0.6596858638743456,0.4772727272727273,3,264
4,0.22,0.0,0.0,0.0,4,0
5,0.27,0.11650485436893201,0.6,0.06451612903225806,5,93
6,0.29,0.0,0.0,0.0,6,0
7,0.07,0.10526315789473685,0.08333333333333333,0.14285714285714285,7,7
