,threshold,f_measure,precision,recall,instrument_idx,num_of_occ
0,0.07,0.5,0.4230769230769231,0.6111111111111112,0,54
1,0.29,0.4097035040431267,0.6909090909090909,0.29118773946360155,1,261
2,0.18,0.0,0.0,0.0,2,6
3,0.27,0.0,0.0,0.0,3,7
4,0.22,0.0,0.0,0.0,4,4
5,0.27,0.2133333333333333,0.2857142857142857,0.1702127659574468,5,47
6,0.29,0.0,0.0,0.0,6,11
7,0.07,0.125,0.1,0.16666666666666666,7,12
