,threshold,f_measure,precision,recall,instrument_idx,num_of_occ
0,0.07,0.24267782426778242,0.2196969696969697,0.27102803738317754,0,108
1,0.29,0.22222222222222224,0.20408163265306123,0.24390243902439024,1,41
2,0.18,0.0,0.0,0.0,2,1
3,0.27,0.0,0.0,0.0,3,0
4,0.22,0.0,0.0,0.0,4,12
5,0.27,0.24468085106382978,0.27058823529411763,0.22330097087378642,5,310
6,0.29,0.0,0.0,0.0,6,0
7,0.07,0.0,0.0,0.0,7,0
