,threshold,f_measure,precision,recall,instrument_idx,num_of_occ
0,0.07,0.1527614571092832,0.24344569288389514,0.1113013698630137,0,584
1,0.29,0.4603658536585366,0.6265560165975104,0.363855421686747,1,1246
2,0.18,0.0,0.0,0.0,2,0
3,0.27,0.0,0.0,0.0,3,0
4,0.22,0.0,0.0,0.0,4,5
5,0.27,0.17142857142857143,0.18823529411764706,0.15737704918032788,5,305
6,0.29,0.0,0.0,0.0,6,1
7,0.07,0.0,0.0,0.0,7,27
