,threshold,f_measure,precision,recall,instrument_idx,num_of_occ
0,0.07,0.759493670886076,0.6521739130434783,0.9090909090909091,0,34
1,0.29,0.40875912408759124,0.7567567567567568,0.28,1,100
2,0.18,0.0,0.0,0.0,2,0
3,0.27,0.0,0.0,0.0,3,0
4,0.22,0.0,0.0,0.0,4,2
5,0.27,0.5502645502645502,0.8524590163934426,0.40625,5,129
6,0.29,0.0,0.0,0.0,6,0
7,0.07,0.0,0.0,0.0,7,0
