,threshold,f_measure,precision,recall,instrument_idx,num_of_occ
0,0.07,0.1969057665260197,0.17857142857142858,0.219435736677116,0,319
1,0.29,0.22007255139056833,0.2861635220125786,0.1787819253438114,1,509
2,0.18,0.0,0.0,0.0,2,5
3,0.27,0.1899827288428325,0.4435483870967742,0.12087912087912088,3,455
4,0.22,0.0,0.0,0.0,4,3
5,0.27,0.13114754098360654,0.12075471698113208,0.14349775784753363,5,223
6,0.29,0.0,0.0,0.0,6,0
7,0.07,0.0,0.0,0.0,7,7
