,threshold,f_measure,precision,recall,instrument_idx,num_of_occ
0,0.07,0.19230769230769232,0.1506849315068493,0.26570048309178745,0,207
1,0.29,0.27530364372469635,0.35294117647058826,0.22566371681415928,1,452
2,0.18,0.0,0.0,0.0,2,4
3,0.27,0.05725971370143149,0.5833333333333334,0.030107526881720432,3,465
4,0.22,0.0,0.0,0.0,4,9
5,0.27,0.3347921225382932,0.35091743119266056,0.3200836820083682,5,479
6,0.29,0.0,0.0,0.0,6,1
7,0.07,0.03571428571428571,0.09090909090909091,0.022222222222222223,7,45
