,threshold,f_measure,precision,recall,instrument_idx,num_of_occ
0,0.07,0.3536585365853659,0.2815533980582524,0.47540983606557374,0,62
1,0.29,0.5285714285714286,0.5362318840579711,0.5211267605633803,1,72
2,0.18,0.0,0.0,0.0,2,0
3,0.27,0.0,0.0,0.0,3,0
4,0.22,0.0,0.0,0.0,4,0
5,0.27,0.4645476772616137,0.472636815920398,0.4567307692307692,5,209
6,0.29,0.0,0.0,0.0,6,0
7,0.07,0.0,0.0,0.0,7,0
