,threshold,f_measure,precision,recall,instrument_idx,num_of_occ
0,0.07,0.08294930875576036,0.07142857142857142,0.0989010989010989,0,182
1,0.29,0.2355889724310777,0.4104803493449782,0.16520210896309315,1,569
2,0.18,0.0,0.0,0.0,2,16
3,0.27,0.0,0.0,0.0,3,0
4,0.22,0.013605442176870748,0.5,0.006896551724137931,4,145
5,0.27,0.3588932806324111,0.38803418803418804,0.3338235294117647,5,680
6,0.29,0.0,0.0,0.0,6,12
7,0.07,0.03225806451612903,0.02857142857142857,0.037037037037037035,7,27
