,threshold,f_measure,precision,recall,instrument_idx,num_of_occ
0,0.07,0.32398753894081,0.25870646766169153,0.43333333333333335,0,120
1,0.29,0.3591836734693878,0.39285714285714285,0.3308270676691729,1,133
2,0.18,0.0,0.0,0.0,2,6
3,0.27,0.2988505747126437,0.4642857142857143,0.22033898305084745,3,178
4,0.22,0.0,0.0,0.0,4,77
5,0.27,0.008695652173913044,0.006134969325153374,0.014925373134328358,5,67
6,0.29,0.0,0.0,0.0,6,2
7,0.07,0.0,0.0,0.0,7,2
