,threshold,f_measure,precision,recall,instrument_idx,num_of_occ
0,0.07,0.2025028441410694,0.1618181818181818,0.270516717325228,0,329
1,0.29,0.33521126760563386,0.35522388059701493,0.31733333333333336,1,375
2,0.18,0.11764705882352941,1.0,0.0625,2,16
3,0.27,0.0,0.0,0.0,3,7
4,0.22,0.034482758620689655,0.25,0.018518518518518517,4,108
5,0.27,0.21157684630738524,0.29775280898876405,0.16408668730650156,5,323
6,0.29,0.0,0.0,0.0,6,8
7,0.07,0.0,0.0,0.0,7,7
