,threshold,f_measure,precision,recall,instrument_idx,num_of_occ
0,0.07,0.19277108433734938,0.15254237288135594,0.26181818181818184,0,276
1,0.29,0.12427184466019418,0.11808118081180811,0.13114754098360656,1,244
2,0.18,0.0,0.0,0.0,2,0
3,0.27,0.3055555555555555,0.7857142857142857,0.1896551724137931,3,116
4,0.22,0.0,0.0,0.0,4,57
5,0.27,0.31965811965811963,0.4100877192982456,0.2619047619047619,5,715
6,0.29,0.0,0.0,0.0,6,0
7,0.07,0.0,0.0,0.0,7,0
