,threshold,f_measure,precision,recall,instrument_idx,num_of_occ
0,0.07,0.37113402061855666,0.2571428571428571,0.6666666666666666,0,27
1,0.29,0.4424778761061947,0.43859649122807015,0.44642857142857145,1,56
2,0.18,0.0,0.0,0.0,2,6
3,0.27,0.0,0.0,0.0,3,3
4,0.22,0.0,0.0,0.0,4,0
5,0.27,0.44787644787644787,0.5631067961165048,0.3717948717948718,5,156
6,0.29,0.0,0.0,0.0,6,2
7,0.07,0.0,0.0,0.0,7,12
