,threshold,f_measure,precision,recall,instrument_idx,num_of_occ
0,0.07,0.19190968955785515,0.1476121562952243,0.27419354838709675,0,372
1,0.29,0.11809523809523809,0.1297071129707113,0.10839160839160839,1,286
2,0.18,0.0,0.0,0.0,2,2
3,0.27,0.0967741935483871,0.140625,0.07377049180327869,3,122
4,0.22,0.0,0.0,0.0,4,110
5,0.27,0.21550094517958412,0.2878787878787879,0.17220543806646527,5,663
6,0.29,0.0,0.0,0.0,6,4
7,0.07,0.16666666666666666,0.14285714285714285,0.2,7,5
