,threshold,f_measure,precision,recall,instrument_idx,num_of_occ
0,0.07,0.2422018348623853,0.19411764705882353,0.32195121951219513,0,206
1,0.29,0.3202416918429003,0.363013698630137,0.2864864864864865,1,185
2,0.18,0.0,0.0,0.0,2,55
3,0.27,0.0,0.0,0.0,3,100
4,0.22,0.0,0.0,0.0,4,9
5,0.27,0.2748538011695907,0.41964285714285715,0.20434782608695654,5,231
6,0.29,0.0,0.0,0.0,6,0
7,0.07,0.0,0.0,0.0,7,2
