,threshold,f_measure,precision,recall,instrument_idx,num_of_occ
0,0.07,0.7105263157894737,0.5510204081632653,1.0,0,54
1,0.29,0.888888888888889,0.8780487804878049,0.9,1,40
2,0.18,0.0,0.0,0.0,2,0
3,0.27,0.15384615384615385,1.0,0.08333333333333333,3,12
4,0.22,0.0,0.0,0.0,4,1
5,0.27,0.7368421052631577,0.7777777777777778,0.7,5,40
6,0.29,0.0,0.0,0.0,6,0
7,0.07,0.0,0.0,0.0,7,0
