,threshold,f_measure,precision,recall,instrument_idx,num_of_occ
0,0.07,0.1125370187561698,0.08431952662721894,0.16913946587537093,0,337
1,0.29,0.33022774327122156,0.41321243523316065,0.275,1,1160
2,0.18,0.0,0.0,0.0,2,6
3,0.27,0.089171974522293,0.25925925925925924,0.05384615384615385,3,130
4,0.22,0.0,0.0,0.0,4,8
5,0.27,0.18105263157894738,0.16666666666666666,0.19815668202764977,5,434
6,0.29,0.0,0.0,0.0,6,0
7,0.07,0.03508771929824561,0.1111111111111111,0.020833333333333332,7,48
