,threshold,f_measure,precision,recall,instrument_idx,num_of_occ
0,0.07,0.48275862068965514,0.3652173913043478,0.711864406779661,0,59
1,0.29,0.41818181818181815,0.4339622641509434,0.40350877192982454,1,57
2,0.18,0.0,0.0,0.0,2,3
3,0.27,0.6741573033707865,1.0,0.5084745762711864,3,59
4,0.22,0.0,0.0,0.0,4,7
5,0.27,0.03076923076923077,0.03125,0.030303030303030304,5,33
6,0.29,0.0,0.0,0.0,6,0
7,0.07,0.0,0.0,0.0,7,3
