,threshold,f_measure,precision,recall,instrument_idx,num_of_occ
0,0.07,0.48979591836734687,0.375,0.7058823529411765,0,17
1,0.29,0.8163265306122449,0.6896551724137931,1.0,1,20
2,0.18,0.0,0.0,0.0,2,2
3,0.27,0.0,0.0,0.0,3,0
4,0.22,0.0,0.0,0.0,4,0
5,0.27,0.37037037037037035,0.2631578947368421,0.625,5,8
6,0.29,0.0,0.0,0.0,6,6
7,0.07,0.15384615384615383,0.25,0.1111111111111111,7,9
