,threshold,f_measure,precision,recall,instrument_idx,num_of_occ
0,0.07,0.5473684210526316,0.45614035087719296,0.6842105263157895,0,38
1,0.29,0.5882352941176471,0.6666666666666666,0.5263157894736842,1,114
2,0.18,0.0,0.0,0.0,2,2
3,0.27,0.125,0.07142857142857142,0.5,3,2
4,0.22,0.0,0.0,0.0,4,22
5,0.27,0.5348837209302325,0.6216216216216216,0.46938775510204084,5,98
6,0.29,0.0,0.0,0.0,6,2
7,0.07,0.16666666666666669,0.1,0.5,7,2
