,threshold,f_measure,precision,recall,instrument_idx,num_of_occ
0,0.07,0.7333333333333334,0.5789473684210527,1.0,0,11
1,0.29,0.8,1.0,0.6666666666666666,1,9
2,0.18,0.0,0.0,0.0,2,0
3,0.27,0.0,0.0,0.0,3,0
4,0.22,0.0,0.0,0.0,4,1
5,0.27,0.8823529411764706,0.9375,0.8333333333333334,5,36
6,0.29,0.0,0.0,0.0,6,0
7,0.07,0.0,0.0,0.0,7,0
