,threshold,f_measure,precision,recall,instrument_idx,num_of_occ
0,0.07,0.6782608695652174,0.5342465753424658,0.9285714285714286,0,42
1,0.29,0.66,0.6226415094339622,0.7021276595744681,1,47
2,0.18,0.0,0.0,0.0,2,1
3,0.27,0.4137931034482758,0.7894736842105263,0.2803738317757009,3,107
4,0.22,0.0,0.0,0.0,4,0
5,0.27,0.0,0.0,0.0,5,0
6,0.29,0.0,0.0,0.0,6,4
7,0.07,0.0,0.0,0.0,7,4
