,threshold,f_measure,precision,recall,instrument_idx,num_of_occ
0,0.07,0.17194570135746606,0.1296928327645051,0.2550335570469799,0,149
1,0.29,0.19649122807017544,0.26540284360189575,0.15598885793871867,1,359
2,0.18,0.0,0.0,0.0,2,36
3,0.27,0.0,0.0,0.0,3,87
4,0.22,0.0,0.0,0.0,4,16
5,0.27,0.26556016597510373,0.2909090909090909,0.24427480916030533,5,131
6,0.29,0.0,0.0,0.0,6,2
7,0.07,0.0,0.0,0.0,7,7
