,threshold,f_measure,precision,recall,instrument_idx,num_of_occ
0,0.07,0.49805447470817127,0.38323353293413176,0.7111111111111111,0,91
1,0.29,0.628099173553719,0.6129032258064516,0.6440677966101694,1,59
2,0.18,0.5,1.0,0.3333333333333333,2,3
3,0.27,0.42105263157894735,0.6666666666666666,0.3076923076923077,3,26
4,0.22,0.0,0.0,0.0,4,12
5,0.27,0.3466666666666666,0.38235294117647056,0.3170731707317073,5,41
6,0.29,0.5,1.0,0.3333333333333333,6,3
7,0.07,0.0,0.0,0.0,7,4
