,threshold,f_measure,precision,recall,instrument_idx,num_of_occ
0,0.07,0.21835443037974683,0.1707920792079208,0.3026315789473684,0,228
1,0.29,0.3313373253493014,0.3789954337899543,0.29432624113475175,1,282
2,0.18,0.0,0.0,0.0,2,49
3,0.27,0.0,0.0,0.0,3,1
4,0.22,0.0,0.0,0.0,4,38
5,0.27,0.215962441314554,0.304635761589404,0.16727272727272727,5,276
6,0.29,0.0,0.0,0.0,6,10
7,0.07,0.04651162790697674,0.029411764705882353,0.1111111111111111,7,9
