,threshold,f_measure,precision,recall,instrument_idx,num_of_occ
0,0.07,0.3695652173913043,0.2833333333333333,0.53125,0,64
1,0.29,0.3,0.36,0.2571428571428571,1,35
2,0.18,0.0,0.0,0.0,2,0
3,0.27,0.0,0.0,0.0,3,0
4,0.22,0.0,0.0,0.0,4,0
5,0.27,0.0,0.0,0.0,5,0
6,0.29,0.0,0.0,0.0,6,0
7,0.07,0.0,0.0,0.0,7,189
