,threshold,f_measure,precision,recall,instrument_idx
1,0.27,0.7894736842105263,0.984375,0.6589958158995816,1.0
2,0.13,0.14285714285714288,1.0,0.07692307692307693,2.0
3,0.08,0.7333333333333334,0.6875,0.7857142857142857,3.0
4,0.25,0.05128205128205128,0.08333333333333333,0.037037037037037035,4.0
5,0.21,0.8917861799217731,0.8444444444444444,0.9447513812154696,5.0
