,threshold,f_measure,precision,recall,instrument_idx,num_of_occ
0,0.07,0.32298136645962733,0.2765957446808511,0.3880597014925373,0,67
1,0.29,0.43137254901960786,0.42857142857142855,0.4342105263157895,1,76
2,0.18,0.0,0.0,0.0,2,9
3,0.27,0.0,0.0,0.0,3,0
4,0.22,0.0,0.0,0.0,4,40
5,0.27,0.5891783567134269,0.6504424778761062,0.5384615384615384,5,273
6,0.29,0.33333333333333337,1.0,0.2,6,5
7,0.07,0.10526315789473685,0.08333333333333333,0.14285714285714285,7,7
