,threshold,f_measure,precision,recall,instrument_idx,num_of_occ
0,0.07,0.3048780487804878,0.22727272727272727,0.46296296296296297,0,54
1,0.29,0.5416666666666665,0.6046511627906976,0.49056603773584906,1,106
2,0.18,0.0,0.0,0.0,2,15
3,0.27,0.19101123595505617,0.38636363636363635,0.12686567164179105,3,134
4,0.22,0.0,0.0,0.0,4,0
5,0.27,0.3734939759036145,0.3780487804878049,0.36904761904761907,5,84
6,0.29,0.0,0.0,0.0,6,3
7,0.07,0.058823529411764705,0.04,0.1111111111111111,7,9
