,threshold,f_measure,precision,recall,instrument_idx,num_of_occ
0,0.07,0.1292517006802721,0.09223300970873786,0.2159090909090909,0,88
1,0.29,0.15512465373961218,0.18543046357615894,0.13333333333333333,1,210
2,0.18,0.0,0.0,0.0,2,6
3,0.27,0.20427553444180524,0.3805309734513274,0.1396103896103896,3,308
4,0.22,0.0,0.0,0.0,4,4
5,0.27,0.17534246575342466,0.17679558011049723,0.17391304347826086,5,184
6,0.29,0.0,0.0,0.0,6,1
7,0.07,0.14814814814814817,0.2,0.11764705882352941,7,17
