,threshold,f_measure,precision,recall,instrument_idx,num_of_occ
0,0.07,0.2533333333333333,0.26635514018691586,0.24152542372881355,0,472
1,0.29,0.2995594713656387,0.3063063063063063,0.29310344827586204,1,116
2,0.18,0.0,0.0,0.0,2,9
3,0.27,0.0,0.0,0.0,3,1
4,0.22,0.0,0.0,0.0,4,31
5,0.27,0.7113772455089822,0.7270501835985312,0.6963657678780774,5,853
6,0.29,0.0,0.0,0.0,6,5
7,0.07,0.18181818181818182,0.3333333333333333,0.125,7,8
