,threshold,f_measure,precision,recall,instrument_idx,num_of_occ
0,0.07,0.3319838056680162,0.25,0.4939759036144578,0,83
1,0.29,0.5205479452054795,0.5428571428571428,0.5,1,76
2,0.18,0.0,0.0,0.0,2,5
3,0.27,0.28571428571428575,0.30434782608695654,0.2692307692307692,3,26
4,0.22,0.0,0.0,0.0,4,12
5,0.27,0.2705314009661836,0.358974358974359,0.21705426356589147,5,129
6,0.29,0.0,0.0,0.0,6,2
7,0.07,0.0,0.0,0.0,7,4
