,threshold,f_measure,precision,recall,instrument_idx,num_of_occ
0,0.07,0.4750000000000001,0.38,0.6333333333333333,0,30
1,0.29,0.463768115942029,0.463768115942029,0.463768115942029,1,69
2,0.18,0.0,0.0,0.0,2,7
3,0.27,0.0,0.0,0.0,3,54
4,0.22,0.0,0.0,0.0,4,2
5,0.27,0.34951456310679613,0.391304347826087,0.3157894736842105,5,57
6,0.29,0.2857142857142857,1.0,0.16666666666666666,6,6
7,0.07,0.0,0.0,0.0,7,3
