,threshold,f_measure,precision,recall,instrument_idx,num_of_occ
0,0.07,0.10997204100652377,0.08966565349544073,0.14216867469879518,0,416
1,0.29,0.30781627719580984,0.4029535864978903,0.24902216427640156,1,768
2,0.18,0.0,0.0,0.0,2,4
3,0.27,0.3768844221105528,0.5474452554744526,0.28735632183908044,3,261
4,0.22,0.0,0.0,0.0,4,0
5,0.27,0.3050108932461874,0.33980582524271846,0.2766798418972332,5,759
6,0.29,0.0,0.0,0.0,6,132
7,0.07,0.05045871559633028,0.20754716981132076,0.028720626631853787,7,383
