,threshold,f_measure,precision,recall,instrument_idx,num_of_occ
0,0.07,0.6,0.46875,0.8333333333333334,0,36
1,0.29,0.6129032258064516,0.7916666666666666,0.5,1,76
2,0.18,0.0,0.0,0.0,2,1
3,0.27,0.0,0.0,0.0,3,0
4,0.22,0.0,0.0,0.0,4,0
5,0.27,0.7022900763358778,0.8214285714285714,0.6133333333333333,5,75
6,0.29,0.0,0.0,0.0,6,0
7,0.07,0.0,0.0,0.0,7,2
