,threshold,f_measure,precision,recall,instrument_idx,num_of_occ
0,0.07,0.32432432432432434,0.225,0.5806451612903226,0,32
1,0.29,0.31818181818181823,0.5833333333333334,0.21875,1,32
2,0.18,0.0,0.0,0.0,2,0
3,0.27,0.0,0.0,0.0,3,0
4,0.22,0.0,0.0,0.0,4,8
5,0.27,0.42801556420233455,0.514018691588785,0.36666666666666664,5,151
6,0.29,0.0,0.0,0.0,6,0
7,0.07,0.0,0.0,0.0,7,0
