,threshold,f_measure,precision,recall,instrument_idx,num_of_occ
0,0.07,0.5050505050505051,0.5102040816326531,0.5,0,51
1,0.29,0.3853211009174312,0.4666666666666667,0.328125,1,64
2,0.18,0.0,0.0,0.0,2,0
3,0.27,0.0,0.0,0.0,3,0
4,0.22,0.0,0.0,0.0,4,1
5,0.27,0.6,0.5664335664335665,0.6377952755905512,5,128
6,0.29,0.0,0.0,0.0,6,0
7,0.07,0.0,0.0,0.0,7,0
