,threshold,f_measure,precision,recall,instrument_idx,num_of_occ
0,0.07,0.14380530973451328,0.10655737704918032,0.22108843537414966,0,294
1,0.29,0.19023136246786632,0.19680851063829788,0.18407960199004975,1,201
2,0.18,0.0851063829787234,0.2222222222222222,0.05263157894736842,2,38
3,0.27,0.05181347150259068,0.05747126436781609,0.04716981132075472,3,106
4,0.22,0.0,0.0,0.0,4,106
5,0.27,0.28087167070217917,0.3493975903614458,0.23481781376518218,5,247
6,0.29,0.0,0.0,0.0,6,25
7,0.07,0.034482758620689655,0.08333333333333333,0.021739130434782608,7,46
