,threshold,f_measure,precision,recall,instrument_idx,num_of_occ
0,0.07,0.5454545454545454,0.375,1.0,0,15
1,0.29,0.7532467532467532,0.7073170731707317,0.8055555555555556,1,36
2,0.18,0.0,0.0,0.0,2,3
3,0.27,0.3111111111111111,0.7777777777777778,0.19444444444444445,3,36
4,0.22,0.0,0.0,0.0,4,2
5,0.27,0.45454545454545453,0.625,0.35714285714285715,5,28
6,0.29,0.0,0.0,0.0,6,4
7,0.07,0.25,0.17647058823529413,0.42857142857142855,7,7
