,threshold,f_measure,precision,recall,instrument_idx,num_of_occ
0,0.07,0.8205128205128205,0.8,0.8421052631578947,0,19
1,0.29,0.923076923076923,1.0,0.8571428571428571,1,7
2,0.18,0.0,0.0,0.0,2,0
3,0.27,0.0,0.0,0.0,3,0
4,0.22,0.0,0.0,0.0,4,0
5,0.27,0.9090909090909091,0.8928571428571429,0.9259259259259259,5,28
6,0.29,0.0,0.0,0.0,6,0
7,0.07,0.0,0.0,0.0,7,0
