,threshold,f_measure,precision,recall,instrument_idx,num_of_occ
0,0.07,0.19884169884169886,0.15191740412979352,0.2877094972067039,0,358
1,0.29,0.1950286806883365,0.19101123595505617,0.19921875,1,256
2,0.18,0.12244897959183673,0.5,0.06976744186046512,2,43
3,0.27,0.12209302325581396,0.16535433070866143,0.0967741935483871,3,217
4,0.22,0.016806722689075633,0.16666666666666666,0.008849557522123894,4,113
5,0.27,0.24418604651162792,0.1926605504587156,0.3333333333333333,5,64
6,0.29,0.0,0.0,0.0,6,21
7,0.07,0.027397260273972605,0.024390243902439025,0.03125,7,32
