,threshold,f_measure,precision,recall,instrument_idx,num_of_occ
0,0.07,0.3423423423423424,0.24050632911392406,0.59375,0,32
1,0.29,0.41269841269841273,0.4482758620689655,0.38235294117647056,1,34
2,0.18,0.0,0.0,0.0,2,6
3,0.27,0.0,0.0,0.0,3,2
4,0.22,0.0,0.0,0.0,4,0
5,0.27,0.5187713310580205,0.628099173553719,0.4418604651162791,5,172
6,0.29,0.0,0.0,0.0,6,2
7,0.07,0.0,0.0,0.0,7,15
