,threshold,f_measure,precision,recall,instrument_idx,num_of_occ
0,0.07,0.2796934865900383,0.22741433021806853,0.36318407960199006,0,201
1,0.29,0.3400576368876081,0.4125874125874126,0.28921568627450983,1,204
2,0.18,0.0,0.0,0.0,2,9
3,0.27,0.0,0.0,0.0,3,0
4,0.22,0.06060606060606061,1.0,0.03125,4,32
5,0.27,0.2572178477690289,0.3333333333333333,0.2094017094017094,5,234
6,0.29,0.0,0.0,0.0,6,0
7,0.07,0.2222222222222222,0.16666666666666666,0.3333333333333333,7,3
