,threshold,f_measure,precision,recall,instrument_idx,num_of_occ
0,0.07,0.17057569296375266,0.14652014652014653,0.20408163265306123,0,196
1,0.29,0.15695067264573992,0.22580645161290322,0.12027491408934708,1,291
2,0.18,0.0,0.0,0.0,2,7
3,0.27,0.0,0.0,0.0,3,4
4,0.22,0.0,0.0,0.0,4,77
5,0.27,0.3485380116959064,0.38903394255874674,0.3156779661016949,5,472
6,0.29,0.0,0.0,0.0,6,3
7,0.07,0.0,0.0,0.0,7,12
