,threshold,f_measure,precision,recall,instrument_idx,num_of_occ
0,0.07,0.3521594684385381,0.26903553299492383,0.5096153846153846,0,104
1,0.29,0.5158371040723982,0.5876288659793815,0.4596774193548387,1,124
2,0.18,0.25,1.0,0.14285714285714285,2,7
3,0.27,0.22549019607843138,0.4339622641509434,0.152317880794702,3,151
4,0.22,0.0,0.0,0.0,4,2
5,0.27,0.0,0.0,0.0,5,10
6,0.29,0.0,0.0,0.0,6,4
7,0.07,0.22857142857142854,0.17391304347826086,0.3333333333333333,7,12
