,threshold,f_measure,precision,recall,instrument_idx,num_of_occ
0,0.07,0.6349206349206349,0.5128205128205128,0.8333333333333334,0,48
1,0.29,0.9027777777777778,0.9420289855072463,0.8666666666666667,1,75
2,0.18,0.0,0.0,0.0,2,0
3,0.27,0.0,0.0,0.0,3,0
4,0.22,0.0,0.0,0.0,4,0
5,0.27,0.0,0.0,0.0,5,0
6,0.29,0.0,0.0,0.0,6,13
7,0.07,0.0,0.0,0.0,7,44
