,threshold,f_measure,precision,recall,instrument_idx,num_of_occ
0,0.07,0.18691588785046728,0.25,0.14925373134328357,0,134
1,0.29,0.39057239057239057,0.4603174603174603,0.3391812865497076,1,171
2,0.18,0.0,0.0,0.0,2,0
3,0.27,0.0,0.0,0.0,3,0
4,0.22,0.0,0.0,0.0,4,0
5,0.27,0.19318181818181818,0.18478260869565216,0.20238095238095238,5,84
6,0.29,0.0,0.0,0.0,6,41
7,0.07,0.0,0.0,0.0,7,42
