,threshold,f_measure,precision,recall,instrument_idx
1,0.27,0.5976653696498054,1.0,0.4261931187569367,1.0
3,0.08,0.2765957446808511,0.16455696202531644,0.8666666666666667,3.0
4,0.25,0.14285714285714288,0.07692307692307693,1.0,4.0
5,0.21,0.6862385321100918,0.5252808988764045,0.9894179894179894,5.0
