,threshold,f_measure,precision,recall,instrument_idx,num_of_occ
0,0.07,0.4313725490196078,0.3235294117647059,0.6470588235294118,0,86
1,0.29,0.25862068965517243,0.26785714285714285,0.25,1,60
2,0.18,0.0,0.0,0.0,2,3
3,0.27,0.0,0.0,0.0,3,0
4,0.22,0.0,0.0,0.0,4,6
5,0.27,0.47826086956521735,0.55,0.4230769230769231,5,104
6,0.29,0.0,0.0,0.0,6,0
7,0.07,0.0,0.0,0.0,7,3
