,threshold,f_measure,precision,recall,instrument_idx,num_of_occ
0,0.07,0.35294117647058826,0.6,0.25,0,12
1,0.29,0.8000000000000002,0.8,0.8,1,15
2,0.18,0.0,0.0,0.0,2,0
3,0.27,0.0,0.0,0.0,3,0
4,0.22,0.0,0.0,0.0,4,0
5,0.27,0.7058823529411765,0.75,0.6666666666666666,5,9
6,0.29,0.0,0.0,0.0,6,3
7,0.07,0.0,0.0,0.0,7,0
