,threshold,f_measure,precision,recall,instrument_idx,num_of_occ
0,0.07,0.608294930875576,0.4748201438848921,0.8461538461538461,0,78
1,0.29,0.7382550335570471,0.8333333333333334,0.6626506024096386,1,83
2,0.18,0.375,1.0,0.23076923076923078,2,13
3,0.27,0.44897959183673475,0.8461538461538461,0.3055555555555556,3,72
4,0.22,0.0,0.0,0.0,4,0
5,0.27,0.4,0.6,0.3,5,30
6,0.29,0.0,0.0,0.0,6,1
7,0.07,0.0,0.0,0.0,7,4
