,threshold,f_measure,precision,recall,instrument_idx,num_of_occ
0,0.07,0.6166666666666667,0.5,0.8043478260869565,0,47
1,0.29,0.3225806451612903,0.5555555555555556,0.22727272727272727,1,66
2,0.18,0.0,0.0,0.0,2,0
3,0.27,0.0,0.0,0.0,3,0
4,0.22,0.0,0.0,0.0,4,1
5,0.27,0.5281385281385282,0.5865384615384616,0.48031496062992124,5,128
6,0.29,0.0,0.0,0.0,6,0
7,0.07,0.0,0.0,0.0,7,2
