,threshold,f_measure,precision,recall,instrument_idx,num_of_occ
0,0.07,0.36363636363636365,0.30666666666666664,0.44660194174757284,0,103
1,0.29,0.3694267515923566,0.4393939393939394,0.31868131868131866,1,91
2,0.18,0.0,0.0,0.0,2,4
3,0.27,0.0,0.0,0.0,3,0
4,0.22,0.0,0.0,0.0,4,9
5,0.27,0.25396825396825395,0.38095238095238093,0.19047619047619047,5,168
6,0.29,0.0,0.0,0.0,6,0
7,0.07,0.0,0.0,0.0,7,0
