,threshold,f_measure,precision,recall,instrument_idx,num_of_occ
0,0.07,0.2824601366742597,0.2627118644067797,0.3054187192118227,0,203
1,0.29,0.23167848699763588,0.3769230769230769,0.16723549488054607,1,293
2,0.18,0.0,0.0,0.0,2,6
3,0.27,0.06584362139917696,0.1509433962264151,0.042105263157894736,3,190
4,0.22,0.0,0.0,0.0,4,13
5,0.27,0.3080939947780679,0.3619631901840491,0.2681818181818182,5,220
6,0.29,0.0,0.0,0.0,6,5
7,0.07,0.0,0.0,0.0,7,13
