,threshold,f_measure,precision,recall,instrument_idx,num_of_occ
0,0.07,0.6285714285714286,0.4583333333333333,1.0,0,12
1,0.29,1.0,1.0,1.0,1,4
2,0.18,0.0,0.0,0.0,2,0
3,0.27,0.2962962962962963,0.8,0.18181818181818182,3,23
4,0.22,0.0,0.0,0.0,4,0
5,0.27,0.0,0.0,0.0,5,0
6,0.29,0.0,0.0,0.0,6,0
7,0.07,0.0,0.0,0.0,7,0
