,threshold,f_measure,precision,recall,instrument_idx,num_of_occ
0,0.07,0.44736842105263164,0.3300970873786408,0.6938775510204082,0,50
1,0.29,0.48717948717948717,0.5428571428571428,0.4418604651162791,1,43
2,0.18,0.0,0.0,0.0,2,5
3,0.27,0.0,0.0,0.0,3,0
4,0.22,0.0,0.0,0.0,4,5
5,0.27,0.3859649122807018,0.44,0.34375,5,97
6,0.29,0.0,0.0,0.0,6,2
7,0.07,0.0,0.0,0.0,7,3
