,threshold,f_measure,precision,recall,instrument_idx,num_of_occ
0,0.07,0.21772939346811818,0.18518518518518517,0.2641509433962264,0,265
1,0.29,0.29593094944512943,0.37267080745341613,0.24539877300613497,1,489
2,0.18,0.0,0.0,0.0,2,1
3,0.27,0.0,0.0,0.0,3,0
4,0.22,0.0,0.0,0.0,4,82
5,0.27,0.30061349693251527,0.4117647058823529,0.23671497584541062,5,414
6,0.29,0.0,0.0,0.0,6,4
7,0.07,0.09999999999999999,0.1111111111111111,0.09090909090909091,7,11
