,threshold,f_measure,precision,recall,instrument_idx,num_of_occ
0,0.07,0.4892086330935252,0.44155844155844154,0.5483870967741935,0,63
1,0.29,0.23853211009174313,0.5,0.1566265060240964,1,83
2,0.18,0.0,0.0,0.0,2,0
3,0.27,0.0,0.0,0.0,3,0
4,0.22,0.0,0.0,0.0,4,0
5,0.27,0.5551020408163265,0.576271186440678,0.5354330708661418,5,128
6,0.29,0.0,0.0,0.0,6,0
7,0.07,0.0,0.0,0.0,7,0
