,threshold,f_measure,precision,recall,instrument_idx,num_of_occ
0,0.07,0.5,0.38823529411764707,0.7021276595744681,0,47
1,0.29,0.5970149253731343,0.5714285714285714,0.625,1,32
2,0.18,0.0,0.0,0.0,2,0
3,0.27,0.0,0.0,0.0,3,0
4,0.22,0.0,0.0,0.0,4,0
5,0.27,0.625514403292181,0.6551724137931034,0.5984251968503937,5,128
6,0.29,0.0,0.0,0.0,6,0
7,0.07,0.0,0.0,0.0,7,0
