,threshold,f_measure,precision,recall,instrument_idx,num_of_occ
0,0.07,0.7058823529411764,0.5454545454545454,1.0,0,6
1,0.29,0.7200000000000001,0.8181818181818182,0.6428571428571429,1,14
2,0.18,0.0,0.0,0.0,2,0
3,0.27,0.0,0.0,0.0,3,0
4,0.22,0.0,0.0,0.0,4,2
5,0.27,0.6666666666666667,0.8888888888888888,0.5333333333333333,5,15
6,0.29,0.0,0.0,0.0,6,0
7,0.07,0.0,0.0,0.0,7,0
