,threshold,f_measure,precision,recall,instrument_idx,num_of_occ
0,0.07,0.6610169491525424,0.5492957746478874,0.8297872340425532,0,47
1,0.29,0.6440677966101694,0.7916666666666666,0.5428571428571428,1,35
2,0.18,0.0,0.0,0.0,2,0
3,0.27,0.0,0.0,0.0,3,0
4,0.22,0.0,0.0,0.0,4,0
5,0.27,0.7112970711297071,0.7589285714285714,0.6692913385826772,5,128
6,0.29,0.0,0.0,0.0,6,0
7,0.07,0.0,0.0,0.0,7,0
