,threshold,f_measure,precision,recall,instrument_idx,num_of_occ
0,0.07,0.6785714285714285,0.6333333333333333,0.7307692307692307,0,26
1,0.29,0.4705882352941177,0.6666666666666666,0.36363636363636365,1,11
2,0.18,0.0,0.0,0.0,2,2
3,0.27,0.0,0.0,0.0,3,0
4,0.22,0.0,0.0,0.0,4,0
5,0.27,0.7204301075268816,0.8589743589743589,0.6203703703703703,5,109
6,0.29,0.0,0.0,0.0,6,0
7,0.07,0.0,0.0,0.0,7,1
