,threshold,f_measure,precision,recall,instrument_idx,num_of_occ
0,0.07,0.6666666666666666,0.5,1.0,0,5
1,0.29,1.0,1.0,1.0,1,4
2,0.18,0.0,0.0,0.0,2,0
3,0.27,0.7272727272727273,1.0,0.5714285714285714,3,22
4,0.22,0.0,0.0,0.0,4,0
5,0.27,0.0,0.0,0.0,5,7
6,0.29,0.0,0.0,0.0,6,0
7,0.07,0.0,0.0,0.0,7,0
