,threshold,f_measure,precision,recall,instrument_idx,num_of_occ
0,0.07,0.2426470588235294,0.19411764705882353,0.3235294117647059,0,103
1,0.29,0.09836065573770492,0.15789473684210525,0.07142857142857142,1,126
2,0.18,0.0,0.0,0.0,2,7
3,0.27,0.0,0.0,0.0,3,7
4,0.22,0.0,0.0,0.0,4,14
5,0.27,0.4257028112449799,0.53,0.35570469798657717,5,448
6,0.29,0.0,0.0,0.0,6,1
7,0.07,0.0,0.0,0.0,7,1
