instrument_idx,occurrence,f_measure,precision,recall
0,67335,0.22836394354093303,0.20718101136878897,0.2828409648199827
1,102642,0.3457055917829215,0.44678028322978114,0.2923695071264759
2,3742,0.018736704984647037,0.11650038600867035,0.011276789733826823
3,40068,0.17610466948876555,0.3963706415477387,0.12228093075208817
4,9538,0.015039357482940673,0.19028095742923737,0.008493159146360296
5,88101,0.3249658178512174,0.37874131253048415,0.2943183660603242
6,3976,0.009764587589087752,0.06882394262052648,0.005784708249496982
7,9574,0.03560167488655045,0.11471785993108378,0.031024003501546847
