,threshold,f_measure,precision,recall,instrument_idx,num_of_occ
0,0.07,0.19521178637200737,0.14722222222222223,0.2896174863387978,0,183
1,0.29,0.23367697594501718,0.2833333333333333,0.19883040935672514,1,342
2,0.18,0.0,0.0,0.0,2,12
3,0.27,0.14145383104125736,0.5714285714285714,0.08071748878923767,3,446
4,0.22,0.0,0.0,0.0,4,12
5,0.27,0.22675736961451246,0.22624434389140272,0.22727272727272727,5,220
6,0.29,0.0,0.0,0.0,6,12
7,0.07,0.04081632653061225,0.029411764705882353,0.06666666666666667,7,15
