,threshold,f_measure,precision,recall,instrument_idx,num_of_occ
0,0.07,0.577319587628866,0.5833333333333334,0.5714285714285714,0,50
1,0.29,0.8131868131868132,0.8505747126436781,0.7789473684210526,1,95
2,0.18,0.0,0.0,0.0,2,0
3,0.27,0.0,0.0,0.0,3,0
4,0.22,0.0,0.0,0.0,4,0
5,0.27,0.3103448275862069,0.2727272727272727,0.36,5,25
6,0.29,0.0,0.0,0.0,6,2
7,0.07,0.0,0.0,0.0,7,11
