,threshold,f_measure,precision,recall,instrument_idx,num_of_occ
0,0.07,0.04255319148936171,0.022727272727272728,0.3333333333333333,0,3
1,0.29,0.5714285714285715,0.5,0.6666666666666666,1,6
2,0.18,0.0,0.0,0.0,2,1
3,0.27,0.6309523809523809,0.7464788732394366,0.5463917525773195,3,97
4,0.22,0.0,0.0,0.0,4,0
5,0.27,0.0,0.0,0.0,5,0
6,0.29,0.0,0.0,0.0,6,0
7,0.07,0.0,0.0,0.0,7,0
