,threshold,f_measure,precision,recall,instrument_idx,num_of_occ
0,0.07,0.19587628865979378,0.1574585635359116,0.2590909090909091,0,221
1,0.29,0.31229235880398665,0.32413793103448274,0.30128205128205127,1,312
2,0.18,0.0,0.0,0.0,2,3
3,0.27,0.0,0.0,0.0,3,2
4,0.22,0.0,0.0,0.0,4,46
5,0.27,0.2988235294117647,0.3981191222570533,0.2391713747645951,5,532
6,0.29,0.0,0.0,0.0,6,5
7,0.07,0.1764705882352941,0.21428571428571427,0.15,7,20
