,threshold,f_measure,precision,recall,instrument_idx,num_of_occ
0,0.07,0.7083333333333333,0.5543478260869565,0.9807692307692307,0,52
1,0.29,0.8250000000000001,0.9166666666666666,0.75,1,44
2,0.18,0.0,0.0,0.0,2,4
3,0.27,0.0,0.0,0.0,3,0
4,0.22,0.0,0.0,0.0,4,48
5,0.27,0.5,0.3333333333333333,1.0,5,1
6,0.29,0.0,0.0,0.0,6,2
7,0.07,0.07142857142857142,0.041666666666666664,0.25,7,4
