,threshold,f_measure,precision,recall,instrument_idx,num_of_occ
0,0.07,0.651685393258427,0.49572649572649574,0.9508196721311475,0,61
1,0.29,0.6666666666666666,0.6666666666666666,0.6666666666666666,1,30
2,0.18,0.0,0.0,0.0,2,1
3,0.27,0.0,0.0,0.0,3,0
4,0.22,0.0,0.0,0.0,4,12
5,0.27,0.766355140186916,0.803921568627451,0.7321428571428571,5,56
6,0.29,0.0,0.0,0.0,6,0
7,0.07,0.0,0.0,0.0,7,0
