,threshold,f_measure,precision,recall,instrument_idx,num_of_occ
0,0.07,0.14814814814814814,0.11396011396011396,0.21164021164021163,0,189
1,0.29,0.25,0.33687943262411346,0.19874476987447698,1,478
2,0.18,0.0,0.0,0.0,2,1
3,0.27,0.33999999999999997,0.5,0.25757575757575757,3,66
4,0.22,0.0,0.0,0.0,4,1
5,0.27,0.2928994082840237,0.35106382978723405,0.2512690355329949,5,394
6,0.29,0.0,0.0,0.0,6,0
7,0.07,0.0,0.0,0.0,7,0
