,threshold,f_measure,precision,recall,instrument_idx,num_of_occ
0,0.07,0.5714285714285714,0.5263157894736842,0.625,0,16
1,0.29,0.8067226890756302,0.8421052631578947,0.7741935483870968,1,62
2,0.18,0.0,0.0,0.0,2,1
3,0.27,0.0,0.0,0.0,3,0
4,0.22,0.0,0.0,0.0,4,3
5,0.27,0.0,0.0,0.0,5,0
6,0.29,0.0,0.0,0.0,6,1
7,0.07,0.0,0.0,0.0,7,1
