,threshold,f_measure,precision,recall,instrument_idx,num_of_occ
0,0.07,0.4147465437788018,0.3488372093023256,0.5113636363636364,0,88
1,0.29,0.4605263157894737,0.4794520547945205,0.4430379746835443,1,79
2,0.18,0.0,0.0,0.0,2,7
3,0.27,0.12669683257918554,0.4827586206896552,0.07291666666666667,3,192
4,0.22,0.0,0.0,0.0,4,0
5,0.27,0.2795698924731183,0.41935483870967744,0.20967741935483872,5,124
6,0.29,0.18181818181818182,0.3333333333333333,0.125,6,8
7,0.07,0.125,0.08333333333333333,0.25,7,4
