,threshold,f_measure,precision,recall,instrument_idx,num_of_occ
0,0.07,0.6428571428571428,0.5294117647058824,0.8181818181818182,0,55
1,0.29,0.6153846153846154,0.6153846153846154,0.6153846153846154,1,26
2,0.18,0.0,0.0,0.0,2,4
3,0.27,0.0,0.0,0.0,3,0
4,0.22,0.0,0.0,0.0,4,3
5,0.27,0.76056338028169,0.7788461538461539,0.7431192660550459,5,109
6,0.29,0.0,0.0,0.0,6,1
7,0.07,0.0,0.0,0.0,7,1
