,threshold,f_measure,precision,recall,instrument_idx,num_of_occ
0,0.07,0.21362229102167182,0.1597222222222222,0.32242990654205606,0,214
1,0.29,0.3529411764705882,0.38461538461538464,0.32608695652173914,1,276
2,0.18,0.0,0.0,0.0,2,11
3,0.27,0.022598870056497175,0.043478260869565216,0.015267175572519083,3,131
4,0.22,0.0,0.0,0.0,4,29
5,0.27,0.45884413309982486,0.4962121212121212,0.42671009771986973,5,308
6,0.29,0.1111111111111111,0.2,0.07692307692307693,6,13
7,0.07,0.26666666666666666,0.23076923076923078,0.3157894736842105,7,19
