,threshold,f_measure,precision,recall,instrument_idx,num_of_occ
0,0.07,0.0877914951989026,0.06286836935166994,0.14545454545454545,0,220
1,0.29,0.13588850174216027,0.14338235294117646,0.1291390728476821,1,302
2,0.18,0.0,0.0,0.0,2,7
3,0.27,0.20810514786418402,0.4377880184331797,0.13649425287356323,3,696
4,0.22,0.0,0.0,0.0,4,3
5,0.27,0.22005842259006816,0.212406015037594,0.22828282828282828,5,495
6,0.29,0.0,0.0,0.0,6,0
7,0.07,0.0,0.0,0.0,7,159
