,threshold,f_measure,precision,recall,instrument_idx,num_of_occ
0,0.07,0.6336633663366337,0.47058823529411764,0.9696969696969697,0,33
1,0.29,0.8695652173913043,0.8333333333333334,0.9090909090909091,1,22
2,0.18,0.4,1.0,0.25,2,4
3,0.27,0.0,0.0,0.0,3,0
4,0.22,0.6666666666666666,1.0,0.5,4,2
5,0.27,0.8461538461538461,0.8148148148148148,0.88,5,50
6,0.29,0.0,0.0,0.0,6,2
7,0.07,0.0,0.0,0.0,7,2
