,threshold,f_measure,precision,recall,instrument_idx,num_of_occ
0,0.07,0.5753424657534247,0.6176470588235294,0.5384615384615384,0,79
1,0.29,0.6567164179104478,0.6285714285714286,0.6875,1,32
2,0.18,0.0,0.0,0.0,2,0
3,0.27,0.0,0.0,0.0,3,0
4,0.22,0.0,0.0,0.0,4,18
5,0.27,0.5739130434782609,0.6285714285714286,0.528,5,125
6,0.29,0.0,0.0,0.0,6,0
7,0.07,0.0,0.0,0.0,7,0
