,threshold,f_measure,precision,recall,instrument_idx,num_of_occ
0,0.07,0.32061068702290074,0.2625,0.4117647058823529,0,51
1,0.29,0.3235294117647059,0.4583333333333333,0.25,1,44
2,0.18,0.0,0.0,0.0,2,0
3,0.27,0.0,0.0,0.0,3,0
4,0.22,0.2,0.5,0.125,4,8
5,0.27,0.287292817679558,0.40625,0.2222222222222222,5,118
6,0.29,0.0,0.0,0.0,6,0
7,0.07,0.0,0.0,0.0,7,0
