,threshold,f_measure,precision,recall,instrument_idx,num_of_occ
0,0.07,0.24742268041237114,0.23076923076923078,0.26666666666666666,0,181
1,0.29,0.339622641509434,0.35294117647058826,0.32727272727272727,1,110
2,0.18,0.0,0.0,0.0,2,1
3,0.27,0.0,0.0,0.0,3,4
4,0.22,0.0,0.0,0.0,4,20
5,0.27,0.3680456490727532,0.42295081967213116,0.32575757575757575,5,397
6,0.29,0.0,0.0,0.0,6,1
7,0.07,0.0,0.0,0.0,7,1
