,threshold,f_measure,precision,recall,instrument_idx,num_of_occ
0,0.07,0.13043478260869565,0.1256544502617801,0.13559322033898305,0,177
1,0.29,0.3053311793214863,0.5608308605341247,0.2097669256381798,1,901
2,0.18,0.0,0.0,0.0,2,8
3,0.27,0.09523809523809522,0.16666666666666666,0.06666666666666667,3,15
4,0.22,0.0,0.0,0.0,4,1
5,0.27,0.1764705882352941,0.1986754966887417,0.15873015873015872,5,189
6,0.29,0.0,0.0,0.0,6,14
7,0.07,0.0,0.0,0.0,7,22
