,threshold,f_measure,precision,recall,instrument_idx,num_of_occ
0,0.07,0.46808510638297873,0.4024390243902439,0.559322033898305,0,59
1,0.29,0.6772009029345373,0.6912442396313364,0.6637168141592921,1,226
2,0.18,0.0,0.0,0.0,2,0
3,0.27,0.0,0.0,0.0,3,0
4,0.22,0.0,0.0,0.0,4,0
5,0.27,0.0,0.0,0.0,5,0
6,0.29,0.0,0.0,0.0,6,6
7,0.07,0.0,0.0,0.0,7,13
