,threshold,f_measure,precision,recall,instrument_idx,num_of_occ
0,0.07,0.2304832713754647,0.19745222929936307,0.2767857142857143,0,112
1,0.29,0.29069767441860467,0.3246753246753247,0.2631578947368421,1,95
2,0.18,0.0,0.0,0.0,2,2
3,0.27,0.145985401459854,0.4166666666666667,0.08849557522123894,3,113
4,0.22,0.0,0.0,0.0,4,12
5,0.27,0.289908256880734,0.30859375,0.27335640138408307,5,290
6,0.29,0.0,0.0,0.0,6,2
7,0.07,0.0,0.0,0.0,7,8
