,threshold,f_measure,precision,recall,instrument_idx,num_of_occ
0,0.07,0.6666666666666666,0.5098039215686274,0.9629629629629629,0,27
1,0.29,0.9259259259259259,0.9615384615384616,0.8928571428571429,1,29
2,0.18,0.0,0.0,0.0,2,1
3,0.27,0.0,0.0,0.0,3,0
4,0.22,0.0,0.0,0.0,4,4
5,0.27,0.7796610169491526,0.8214285714285714,0.7419354838709677,5,32
6,0.29,0.0,0.0,0.0,6,0
7,0.07,0.6666666666666666,1.0,0.5,7,2
