,threshold,f_measure,precision,recall,instrument_idx,num_of_occ
0,0.07,0.65,0.48148148148148145,1.0,0,13
1,0.29,0.7586206896551725,1.0,0.6111111111111112,1,19
2,0.18,0.0,0.0,0.0,2,1
3,0.27,0.0,0.0,0.0,3,0
4,0.22,0.0,0.0,0.0,4,16
5,0.27,0.0,0.0,0.0,5,0
6,0.29,0.0,0.0,0.0,6,2
7,0.07,0.0,0.0,0.0,7,2
