,threshold,f_measure,precision,recall,instrument_idx,num_of_occ
0,0.07,0.11875000000000001,0.08370044052863436,0.20430107526881722,0,93
1,0.29,0.23339317773788149,0.2549019607843137,0.2152317880794702,1,302
2,0.18,0.0,0.0,0.0,2,11
3,0.27,0.12890625,0.4714285714285714,0.0746606334841629,3,442
4,0.22,0.0,0.0,0.0,4,7
5,0.27,0.10557184750733137,0.21176470588235294,0.0703125,5,256
6,0.29,0.0,0.0,0.0,6,27
7,0.07,0.039999999999999994,0.05263157894736842,0.03225806451612903,7,31
