,threshold,f_measure,precision,recall,instrument_idx,num_of_occ
0,0.07,0.22153209109730848,0.19005328596802842,0.2655086848635236,0,403
1,0.29,0.13523131672597863,0.1444866920152091,0.12709030100334448,1,300
2,0.18,0.0,0.0,0.0,2,1
3,0.27,0.0,0.0,0.0,3,1
4,0.22,0.01388888888888889,0.2,0.007194244604316547,4,139
5,0.27,0.34756703078450846,0.4268292682926829,0.2931323283082077,5,598
6,0.29,0.0,0.0,0.0,6,0
7,0.07,0.0,0.0,0.0,7,0
