,threshold,f_measure,precision,recall,instrument_idx,num_of_occ
0,0.07,0.5555555555555555,0.47297297297297297,0.6730769230769231,0,53
1,0.29,0.5368421052631579,0.7083333333333334,0.4322033898305085,1,118
2,0.18,0.0,0.0,0.0,2,4
3,0.27,0.0,0.0,0.0,3,0
4,0.22,0.06666666666666667,1.0,0.034482758620689655,4,29
5,0.27,0.4492753623188406,0.5636363636363636,0.37349397590361444,5,83
6,0.29,0.0,0.0,0.0,6,0
7,0.07,0.0,0.0,0.0,7,0
