instrument_idx,threshold,f_measure
1.0,0.01,0.03463203463203464
5.0,0.01,0.004555808656036446
