instrument_idx,threshold,f_measure
2.0,0.02,0.5714285714285715
3.0,0.03,0.7877358490566037
5.0,0.13,0.8860103626943004
1.0,0.29000000000000004,0.9339622641509435
4.0,0.29000000000000004,0.6296296296296295
