instrument_idx,threshold,f_measure
5.0,0.03,0.8034744842562432
1.0,0.09999999999999999,0.7068607068607069
4.0,0.29000000000000004,0.34615384615384615
