instrument_idx,threshold,f_measure
4.0,0.15000000000000002,0.9411764705882353
4.0,0.16,0.9411764705882353
4.0,0.17,0.9411764705882353
4.0,0.18000000000000002,0.9411764705882353
1.0,0.19,0.540983606557377
4.0,0.19,0.9411764705882353
5.0,0.21000000000000002,0.8991596638655461
