instrument_idx,threshold,f_measure
4.0,0.05,0.14035087719298248
5.0,0.05,0.5861561119293077
1.0,0.23,0.5565749235474007
