instrument_idx,threshold,f_measure
4.0,0.17,1.0
4.0,0.18000000000000002,1.0
4.0,0.19,1.0
4.0,0.2,1.0
4.0,0.21000000000000002,1.0
4.0,0.22,1.0
4.0,0.23,1.0
4.0,0.24000000000000002,1.0
1.0,0.25,0.5517241379310346
1.0,0.26,0.5517241379310346
5.0,0.27,0.9572649572649573
