instrument_idx,threshold,f_measure
4.0,0.02,0.14285714285714288
5.0,0.05,0.5084175084175084
1.0,0.12,0.4308681672025723
