instrument_idx,threshold,f_measure
5.0,0.02,0.06465517241379311
1.0,0.05,0.09345794392523366
4.0,0.13,0.0625
4.0,0.14,0.0625
4.0,0.15000000000000002,0.0625
4.0,0.16,0.0625
4.0,0.17,0.0625
4.0,0.18000000000000002,0.0625
4.0,0.19,0.0625
4.0,0.2,0.0625
4.0,0.21000000000000002,0.0625
4.0,0.22,0.0625
4.0,0.23,0.0625
4.0,0.24000000000000002,0.0625
4.0,0.25,0.0625
4.0,0.26,0.0625
4.0,0.27,0.0625
4.0,0.28,0.0625
4.0,0.29000000000000004,0.0625
