instrument_idx,threshold,f_measure
5.0,0.02,0.065359477124183
4.0,0.08,0.06451612903225806
4.0,0.09,0.06451612903225806
1.0,0.13,0.09523809523809525
