instrument_idx,threshold,f_measure
4.0,0.02,0.3043478260869565
5.0,0.06999999999999999,0.5651537335285505
1.0,0.13,0.5206349206349206
