instrument_idx,threshold,f_measure
4.0,0.04,0.052631578947368425
5.0,0.05,0.19600725952813067
1.0,0.08,0.2113821138211382
