instrument_idx,threshold,f_measure
4.0,0.02,0.1339712918660287
5.0,0.09999999999999999,0.7145488029465931
1.0,0.23,0.501779359430605
