instrument_idx,threshold,f_measure
3.0,0.060000000000000005,0.7464285714285714
2.0,0.09,0.6956521739130435
7.0,0.09999999999999999,0.6896551724137931
5.0,0.13,0.8434343434343434
6.0,0.22,0.5957446808510638
1.0,0.28,0.9285187914517319
4.0,0.29000000000000004,0.32
