instrument_idx,threshold,f_measure
4.0,0.15000000000000002,0.8
4.0,0.16,0.8
4.0,0.17,0.8
4.0,0.18000000000000002,0.8
4.0,0.19,0.8
4.0,0.2,0.8
4.0,0.21000000000000002,0.8
4.0,0.22,0.8
5.0,0.22,0.9316239316239316
4.0,0.23,0.8
4.0,0.24000000000000002,0.8
4.0,0.25,0.8
4.0,0.26,0.8
4.0,0.27,0.8
4.0,0.28,0.8
1.0,0.29000000000000004,0.7387387387387387
4.0,0.29000000000000004,0.8
