instrument_idx,threshold,f_measure
4.0,0.11,0.367816091954023
5.0,0.12,0.6193745232646833
1.0,0.22,0.5287769784172662
