instrument_idx,threshold,f_measure
2.0,0.01,0.6666666666666666
7.0,0.01,0.44444444444444436
3.0,0.02,0.4682926829268293
6.0,0.060000000000000005,0.4
6.0,0.06999999999999999,0.4
6.0,0.08,0.4
6.0,0.09,0.4
6.0,0.09999999999999999,0.4
6.0,0.11,0.4
6.0,0.12,0.4
6.0,0.13,0.4
6.0,0.14,0.4
6.0,0.15000000000000002,0.4
6.0,0.16,0.4
6.0,0.17,0.4
6.0,0.18000000000000002,0.4
6.0,0.19,0.4
1.0,0.27,0.923076923076923
5.0,0.28,0.9111277072442122
