instrument_idx,threshold,f_measure
4.0,0.03,0.0862533692722372
5.0,0.14,0.789247311827957
1.0,0.29000000000000004,0.149439601494396
