instrument_idx,threshold,f_measure
1.0,0.06999999999999999,0.01941747572815534
