instrument_idx,threshold,f_measure
4.0,0.01,0.13953488372093023
5.0,0.01,0.7690217391304348
1.0,0.06999999999999999,0.7111111111111111
