instrument_idx,threshold,f_measure
4.0,0.01,0.03278688524590164
1.0,0.21000000000000002,0.6692759295499022
5.0,0.29000000000000004,0.7113122171945702
