instrument_idx,threshold,f_measure
3.0,0.03,0.8172043010752688
1.0,0.28,0.888888888888889
1.0,0.29000000000000004,0.888888888888889
