instrument_idx,threshold,f_measure
3.0,0.060000000000000005,0.8086642599277977
7.0,0.060000000000000005,0.8372093023255814
2.0,0.11,0.7368421052631579
2.0,0.12,0.7368421052631579
2.0,0.13,0.7368421052631579
4.0,0.15000000000000002,0.625
6.0,0.15000000000000002,0.6
6.0,0.16,0.6
6.0,0.17,0.6
6.0,0.18000000000000002,0.6
6.0,0.19,0.6
5.0,0.25,0.8493975903614458
1.0,0.29000000000000004,0.8760611205432939
