instrument_idx,threshold,f_measure
5.0,0.08,0.6475903614457832
1.0,0.11,0.5914634146341463
4.0,0.26,0.17142857142857143
4.0,0.27,0.17142857142857143
4.0,0.28,0.17142857142857143
4.0,0.29000000000000004,0.17142857142857143
