instrument_idx,threshold,f_measure
3.0,0.24000000000000002,0.9032258064516129
3.0,0.25,0.9032258064516129
3.0,0.26,0.9032258064516129
3.0,0.27,0.9032258064516129
3.0,0.28,0.9032258064516129
1.0,0.29000000000000004,0.5546875
3.0,0.29000000000000004,0.9032258064516129
4.0,0.29000000000000004,0.8516746411483254
5.0,0.29000000000000004,0.7758620689655172
