instrument_idx,threshold,f_measure
5.0,0.08,0.6490066225165563
2.0,0.13,0.6428571428571429
7.0,0.22,0.8695652173913044
7.0,0.23,0.8695652173913044
7.0,0.24000000000000002,0.8695652173913044
7.0,0.25,0.8695652173913044
3.0,0.26,0.8759124087591241
7.0,0.26,0.8695652173913044
6.0,0.27,0.8000000000000002
1.0,0.29000000000000004,0.8377518557794272
4.0,0.29000000000000004,0.8509090909090908
