instrument_idx,threshold,f_measure
5.0,0.08,0.6065830721003135
4.0,0.18000000000000002,0.2
1.0,0.29000000000000004,0.47582697201017815
