instrument_idx,threshold,f_measure
3.0,0.01,0.7385811467444122
2.0,0.03,0.6666666666666665
7.0,0.03,0.6666666666666666
2.0,0.04,0.6666666666666665
2.0,0.05,0.6666666666666665
2.0,0.060000000000000005,0.6666666666666665
2.0,0.06999999999999999,0.6666666666666665
6.0,0.06999999999999999,0.10526315789473684
2.0,0.08,0.6666666666666665
2.0,0.09,0.6666666666666665
5.0,0.21000000000000002,0.8739316239316239
1.0,0.22,0.8266666666666667
4.0,0.29000000000000004,0.18181818181818185
