instrument_idx,threshold,f_measure
4.0,0.02,0.05555555555555555
5.0,0.05,0.11040339702760084
1.0,0.29000000000000004,0.13023255813953488
