instrument_idx,threshold,f_measure
4.0,0.03,0.10256410256410255
5.0,0.15000000000000002,0.4961038961038961
1.0,0.29000000000000004,0.47909967845659157
