instrument_idx,threshold,f_measure
4.0,0.01,0.13253012048192772
5.0,0.09,0.642289348171701
1.0,0.29000000000000004,0.4911660777385159
