instrument_idx,threshold,f_measure
3.0,0.04,0.9433962264150944
1.0,0.29000000000000004,0.8421052631578948
