instrument_idx,threshold,f_measure
2.0,0.01,0.5000000000000001
3.0,0.05,0.8208955223880597
6.0,0.17,0.6666666666666666
6.0,0.18000000000000002,0.6666666666666666
6.0,0.19,0.6666666666666666
5.0,0.2,0.7411764705882353
6.0,0.2,0.6666666666666666
6.0,0.21000000000000002,0.6666666666666666
6.0,0.22,0.6666666666666666
6.0,0.23,0.6666666666666666
7.0,0.23,0.823529411764706
1.0,0.24000000000000002,0.832618025751073
7.0,0.24000000000000002,0.823529411764706
7.0,0.25,0.823529411764706
