instrument_idx,threshold,f_measure
5.0,0.04,0.6738544474393532
4.0,0.08,0.22641509433962265
1.0,0.11,0.5694444444444445
